complaint_id,date,zone,state,district,town,channel,language_group,text,true_issue,scenario,department,category,officer_id,status,due_date,resolved_date,days_to_resolve,synthetic
DEMO00001,2026-09-06,South Zone,Andhra Pradesh,Kurnool,Adoni,voice,te,నా వృద్ధాప్య పింఛన్ చాలా నెలలుగా రాలేదు.,pension,background,pension,pension_not_received,OFF-PEN01,Resolved,2026-09-21,2026-09-15,9,yes
DEMO00002,2026-09-06,South Zone,Andhra Pradesh,Kurnool,Srisailamgudem Devasthanam,text,hinglish,Sadak pe bahut gaddhe hai.,roads,background,roads,potholes,OFF-ROA01,Resolved,2026-09-27,2026-09-23,17,yes
DEMO00003,2026-09-06,Northeast Zone,Arunachal Pradesh,Upper Subansiri,Daporijo,text,en,There is no doctor at the health centre and no medicine.,health,background,health,no_doctor_medicine,OFF-HEA01,Resolved,2026-09-09,2026-09-07,1,yes
DEMO00004,2026-09-06,Northeast Zone,Assam,North Cachar Hills,Maibong,voice,as,মোৰ বাৰ্ধক্য পেঞ্চন কেইমাহমান ধৰি পোৱা নাই।,pension,background,pension,pension_not_received,OFF-PEN01,Resolved,2026-09-21,2026-09-16,10,yes
DEMO00005,2026-09-06,East Zone,Bihar,Darbhanga,Darbhanga,text,hi,राशन दुकान वाले ने रिश्वत मांगी।,sensitive,background,police,police_inaction,OFF-SC01,Resolved,2026-09-07,2026-09-07,1,yes
DEMO00006,2026-09-06,East Zone,Bihar,Nalanda,Rajgir,voice,hi,"कई दिनों से बिजली नहीं है, ट्रांसफार्मर जल गया है।",electricity,background,electricity,power_cut,OFF-ELE01,Resolved,2026-09-09,2026-09-07,1,yes
DEMO00007,2026-09-06,Central Zone,Chhattisgarh,Raipur,Baloda Bazar,text,cg,कतको दिन ले नल म पानी नइ आवत हे।,water,spike_water,water,no_supply,OFF-WAT01,Resolved,2026-09-13,2026-09-12,6,yes
DEMO00008,2026-09-06,Central Zone,Chhattisgarh,Raipur,Birgaon,text,hi,हमारे गाँव का हैंडपंप खराब है और पीने का पानी नहीं है।,water,spike_water,water,handpump,OFF-WAT01,Pending,2026-09-13,,,yes
DEMO00009,2026-09-06,Central Zone,Chhattisgarh,Raipur,Gogaon,voice,cg,"हमर गाँव के हैंडपंप खराब हवय, पीए बर पानी नइ हे।",water,spike_water,water,handpump,OFF-WAT01,Resolved,2026-09-13,2026-09-12,6,yes
DEMO00010,2026-09-06,Central Zone,Chhattisgarh,Raipur,Raipur,text,hi,हमारे गाँव का हैंडपंप खराब है और पीने का पानी नहीं है।,water,spike_water,water,handpump,OFF-WAT01,Resolved,2026-09-13,2026-09-12,6,yes
DEMO00011,2026-09-06,Central Zone,Chhattisgarh,Raipur,Urla,text,cg,"हमर गाँव के हैंडपंप खराब हवय, पीए बर पानी नइ हे।",water,spike_water,water,handpump,OFF-WAT01,Resolved,2026-09-13,2026-09-08,2,yes
DEMO00012,2026-09-06,Central Zone,Chhattisgarh,Rajnandgaon,Ambagarh Chowki,voice,hi,हमारे गाँव का हैंडपंप खराब है और पीने का पानी नहीं है।,water,background,water,handpump,OFF-WAT01,Pending,2026-09-13,,,yes
DEMO00013,2026-09-06,West Zone,Gujarat,Ahmadabad,Thaltej,voice,gu,દવાખાનામાં ડોક્ટર નથી અને દવા મળતી નથી.,health,background,health,no_doctor_medicine,OFF-HEA01,Resolved,2026-09-09,2026-09-07,1,yes
DEMO00014,2026-09-06,West Zone,Gujarat,Banas Kantha,Kanodar,text,gu,"ઘણા દિવસથી વીજળી નથી, ટ્રાન્સફોર્મર બળી ગયું છે.",electricity,background,electricity,power_cut,OFF-ELE01,Resolved,2026-09-09,2026-09-08,2,yes
DEMO00015,2026-09-06,West Zone,Gujarat,Navsari,Jalalpore,text,gu,દવાખાનામાં ડોક્ટર નથી અને દવા મળતી નથી.,health,background,health,no_doctor_medicine,OFF-HEA01,Resolved,2026-09-09,2026-09-07,1,yes
DEMO00016,2026-09-06,East Zone,Jharkhand,Bokaro,Bandhgora,text,hi,राशन दुकान वाला मेरे राशन कार्ड पर चावल नहीं दे रहा है।,ration,background,ration,ration_not_given,OFF-RAT01,Resolved,2026-09-13,2026-09-18,12,yes
DEMO00017,2026-09-06,East Zone,Jharkhand,Dhanbad,Topchanchi,text,hinglish,Ration dukan wala chawal nahi de raha.,ration,background,ration,ration_not_given,OFF-RAT01,Resolved,2026-09-13,2026-09-11,5,yes
DEMO00018,2026-09-06,South Zone,Karnataka,Bellary,Kotturu,text,kn,ಶಾಲೆಗೆ ಶಿಕ್ಷಕರು ನಿಯಮಿತವಾಗಿ ಬರುತ್ತಿಲ್ಲ.,education,background,education,teacher_absent,OFF-EDU01,Pending,2026-09-21,,,yes
DEMO00019,2026-09-06,South Zone,Karnataka,Gadag,Naregal,text,kn,ನನ್ನ ವೃದ್ಧಾಪ್ಯ ಪಿಂಚಣಿ ಹಲವು ತಿಂಗಳಿಂದ ಬಂದಿಲ್ಲ.,pension,background,pension,pension_not_received,OFF-PEN01,Resolved,2026-09-21,2026-09-16,10,yes
DEMO00020,2026-09-06,South Zone,Karnataka,Kolar,Chik Ballapur,text,kn,ನನ್ನ ವೃದ್ಧಾಪ್ಯ ಪಿಂಚಣಿ ಹಲವು ತಿಂಗಳಿಂದ ಬಂದಿಲ್ಲ.,pension,background,pension,pension_not_received,OFF-PEN01,Resolved,2026-09-21,2026-09-13,7,yes
DEMO00021,2026-09-06,South Zone,Kerala,Ernakulam,Vazhakkala,text,en,The road has big potholes and is unsafe.,roads,small_roads,roads,potholes,OFF-ROA01,Resolved,2026-09-27,2026-09-14,8,yes
DEMO00022,2026-09-06,South Zone,Kerala,Kasaragod,Kudlu,text,ml,റോഡ് മുഴുവൻ വലിയ കുഴികൾ ആണ്.,roads,background,roads,potholes,OFF-ROA01,Resolved,2026-09-27,2026-09-23,17,yes
DEMO00023,2026-09-06,South Zone,Kerala,Kasaragod,Manjeshwar,text,ml,റേഷൻ കടയിൽ എന്റെ കാർഡിന് അരി നൽകുന്നില്ല.,ration,background,ration,ration_not_given,OFF-RAT01,Pending,2026-09-13,,,yes
DEMO00024,2026-09-06,South Zone,Kerala,Kozhikode,Vadakara,voice,ml,റോഡ് മുഴുവൻ വലിയ കുഴികൾ ആണ്.,roads,background,roads,potholes,OFF-ROA01,Resolved,2026-09-27,2026-09-18,12,yes
DEMO00025,2026-09-06,Central Zone,Madhya Pradesh,Damoh,Tendu Kheda,voice,hi,कई दिनों से नल में पानी नहीं आ रहा है।,water,background,water,no_supply,OFF-WAT01,Pending,2026-09-13,,,yes
DEMO00026,2026-09-06,Central Zone,Madhya Pradesh,Dindori,Dindori,text,en,The ration shop dealer is not giving rice on my ration card.,ration,background,ration,ration_not_given,OFF-RAT01,Resolved,2026-09-13,2026-09-11,5,yes
DEMO00027,2026-09-06,Central Zone,Madhya Pradesh,Guna,Guna,text,hinglish,Sadak pe bahut gaddhe hai.,roads,background,roads,potholes,OFF-ROA01,Resolved,2026-09-27,2026-09-19,13,yes
DEMO00028,2026-09-06,Central Zone,Madhya Pradesh,Neemuch,Jiran,text,hi,मेरी वृद्धावस्था पेंशन कई महीनों से नहीं मिली है।,pension,background,pension,pension_not_received,OFF-PEN01,Resolved,2026-09-21,2026-09-24,18,yes
DEMO00029,2026-09-06,Central Zone,Madhya Pradesh,Raisen,Udaipura,text,hinglish,School mein teacher nahi aate.,education,background,education,teacher_absent,OFF-EDU01,Resolved,2026-09-21,2026-09-16,10,yes
DEMO00030,2026-09-06,West Zone,Maharashtra,Nanded,Mukhed,text,mr,शाळा सुरू असूनही शिक्षक नियमित येत नाहीत.,education,background,education,teacher_absent,OFF-EDU01,Resolved,2026-09-21,2026-09-14,8,yes
DEMO00031,2026-09-06,West Zone,Maharashtra,Nashik,Nashik,text,mr,रुग्णालयात डॉक्टर नाहीत आणि औषध मिळत नाही.,health,background,health,no_doctor_medicine,OFF-HEA01,Resolved,2026-09-09,2026-09-07,1,yes
DEMO00032,2026-09-06,West Zone,Maharashtra,Thane,Nala Sopara,text,mr,"अनेक दिवसांपासून वीज नाही, ट्रान्सफॉर्मर जळाला आहे.",electricity,background,electricity,power_cut,OFF-ELE01,Resolved,2026-09-09,2026-09-08,2,yes
DEMO00033,2026-09-06,West Zone,Maharashtra,Wardha,Deoli,text,mr,"आमच्या गावातील हातपंप बंद आहे, पिण्याचे पाणी नाही.",water,background,water,handpump,OFF-WAT01,Resolved,2026-09-13,2026-09-12,6,yes
DEMO00034,2026-09-06,Northeast Zone,Mizoram,Saiha,Saiha,text,en,My neighbour beat me and threatened me.,sensitive,background,police,police_inaction,OFF-SC01,Resolved,2026-09-07,2026-09-07,1,yes
DEMO00035,2026-09-06,East Zone,Odisha,Baudh,Baudhgarh,text,or,ଅନେକ ଦିନ ହେଲା ଟ୍ୟୁବୱେଲରୁ ପାଣି ଆସୁନାହିଁ।,water,background,water,no_supply,OFF-WAT01,Resolved,2026-09-13,2026-09-11,5,yes
DEMO00036,2026-09-06,East Zone,Odisha,Gajapati,Kashinagara,text,or,"ଅନେକ ଦିନ ହେଲା ବିଦ୍ୟୁତ ନାହିଁ, ଟ୍ରାନ୍ସଫର୍ମର ପୋଡ଼ିଯାଇଛି।",electricity,background,electricity,power_cut,OFF-ELE01,Resolved,2026-09-09,2026-09-07,1,yes
DEMO00037,2026-09-06,East Zone,Odisha,Kendrapara,Pattamundai,text,or,ମୋର ବାର୍ଦ୍ଧକ୍ୟ ଭତ୍ତା କିଛି ମାସ ହେଲା ମିଳିନାହିଁ।,pension,background,pension,pension_not_received,OFF-PEN01,Resolved,2026-09-21,2026-09-10,4,yes
DEMO00038,2026-09-06,East Zone,Odisha,Sundargarh,Jalda,text,or,"ଡାକ୍ତରଖାନାରେ ଡାକ୍ତର ନାହାନ୍ତି, ଔଷଧ ମିଳୁନାହିଁ।",health,background,health,no_doctor_medicine,OFF-HEA01,Resolved,2026-09-09,2026-09-08,2,yes
DEMO00039,2026-09-06,East Zone,Odisha,Sundargarh,Lattikata,voice,or,ରାସନ ଡିଲର ମୋ ରାସନ କାର୍ଡରେ ଚାଉଳ ଦେଉନାହିଁ।,ration,background,ration,ration_not_given,OFF-RAT01,Resolved,2026-09-13,2026-09-12,6,yes
DEMO00040,2026-09-06,East Zone,Odisha,Sundargarh,Raurkela,text,or,ମୋର ବାର୍ଦ୍ଧକ୍ୟ ଭତ୍ତା କିଛି ମାସ ହେଲା ମିଳିନାହିଁ।,pension,background,pension,pension_not_received,OFF-PEN01,Resolved,2026-09-21,2026-09-18,12,yes
DEMO00041,2026-09-06,North Zone,Punjab,Ludhiana,Daroha,text,en,My old age pension has not been received for months.,pension,background,pension,pension_not_received,OFF-PEN01,Resolved,2026-09-21,2026-09-15,9,yes
DEMO00042,2026-09-06,North Zone,Punjab,Sangrur,Tappa,text,pa,ਰਾਸ਼ਨ ਡਿਪੂ ਵਾਲਾ ਮੈਨੂੰ ਕਣਕ ਨਹੀਂ ਦੇ ਰਿਹਾ।,ration,background,ration,ration_not_given,OFF-RAT01,Resolved,2026-09-13,2026-09-09,3,yes
DEMO00043,2026-09-06,North Zone,Rajasthan,Kota,Suket,text,hi,मेरी वृद्धावस्था पेंशन कई महीनों से नहीं मिली है।,pension,background,pension,pension_not_received,OFF-PEN01,Resolved,2026-09-21,2026-09-17,11,yes
DEMO00044,2026-09-06,South Zone,Tamil Nadu,Coimbatore,Karamadai,voice,ta,My neighbour beat me and threatened me.,sensitive,background,police,police_inaction,OFF-SC01,Resolved,2026-09-07,2026-09-07,1,yes
DEMO00045,2026-09-06,South Zone,Tamil Nadu,Coimbatore,Madathukulam,text,en,My old age pension has not been received for months.,pension,background,pension,pension_not_received,OFF-PEN01,Resolved,2026-09-21,2026-09-24,18,yes
DEMO00046,2026-09-06,South Zone,Tamil Nadu,Erode,Vaniputhur,text,hinglish,"Aspatal mein doctor nahi hai, dawai bhi nahi mil rahi.",health,background,health,no_doctor_medicine,OFF-HEA01,Resolved,2026-09-09,2026-09-07,1,yes
DEMO00047,2026-09-06,South Zone,Tamil Nadu,Tirunelveli,Pathamadai,voice,ta,"மருத்துவமனையில் மருத்துவர் இல்லை, மருந்தும் கிடைக்கவில்லை.",health,background,health,no_doctor_medicine,OFF-HEA01,Resolved,2026-09-09,2026-09-07,1,yes
DEMO00048,2026-09-06,South Zone,Telangana,Hyderabad,Secunderabad,text,hi,राशन दुकान वाला मेरे राशन कार्ड पर चावल नहीं दे रहा है।,ration,background,ration,ration_not_given,OFF-RAT01,Pending,2026-09-13,,,yes
DEMO00049,2026-09-06,Central Zone,Uttar Pradesh,Ballia,Ballia,voice,hi,सड़क पर बड़े गड्ढे हैं और चलना खतरनाक है।,roads,background,roads,potholes,OFF-ROA01,Resolved,2026-09-27,2026-09-20,14,yes
DEMO00050,2026-09-06,Central Zone,Uttar Pradesh,Faizabad,Faizabad,text,hinglish,School mein teacher nahi aate.,education,background,education,teacher_absent,OFF-EDU01,Resolved,2026-09-21,2026-09-15,9,yes
DEMO00051,2026-09-06,Central Zone,Uttar Pradesh,Farrukhabad,Kampil,text,hinglish,School mein teacher nahi aate.,education,background,education,teacher_absent,OFF-EDU01,Resolved,2026-09-21,2026-09-12,6,yes
DEMO00052,2026-09-06,Central Zone,Uttar Pradesh,Ghaziabad,Hapur,text,hinglish,Meri vridha pension kai mahine se band hai.,pension,background,pension,pension_not_received,OFF-PEN01,Resolved,2026-09-21,2026-09-20,14,yes
DEMO00053,2026-09-06,Central Zone,Uttar Pradesh,Hamirpur,Sarila,text,hi,सड़क पर बड़े गड्ढे हैं और चलना खतरनाक है।,roads,background,roads,potholes,OFF-ROA01,Resolved,2026-09-27,2026-09-22,16,yes
DEMO00054,2026-09-06,Central Zone,Uttar Pradesh,Jalaun,Jalaun,text,hinglish,"Nobody is listening to us, please check.",unclear,background,water,handpump,OFF-WAT01,Resolved,2026-09-13,2026-09-11,5,yes
DEMO00055,2026-09-06,Central Zone,Uttar Pradesh,Jhansi,Erich,voice,hi,राशन दुकान वाला मेरे राशन कार्ड पर चावल नहीं दे रहा है।,ration,background,ration,ration_not_given,OFF-RAT01,Resolved,2026-09-13,2026-09-09,3,yes
DEMO00056,2026-09-06,Central Zone,Uttar Pradesh,Jyotiba Phule Nagar,Joya,text,hi,सड़क पर बड़े गड्ढे हैं और चलना खतरनाक है।,roads,background,roads,potholes,OFF-ROA01,Resolved,2026-09-27,2026-09-12,6,yes
DEMO00057,2026-09-06,Central Zone,Uttar Pradesh,Kannauj,Talgram,text,hi,हमारे गाँव का हैंडपंप खराब है और पीने का पानी नहीं है।,water,background,water,handpump,OFF-WAT01,Resolved,2026-09-13,2026-09-08,2,yes
DEMO00058,2026-09-06,Central Zone,Uttar Pradesh,Mathura,Barsana,text,en,The teacher does not come to the school regularly.,education,background,education,teacher_absent,OFF-EDU01,Resolved,2026-09-21,2026-09-15,9,yes
DEMO00059,2026-09-06,Central Zone,Uttar Pradesh,Sultanpur,Korwa,text,hi,"कई दिनों से बिजली नहीं है, ट्रांसफार्मर जल गया है।",electricity,background,electricity,power_cut,OFF-ELE01,Resolved,2026-09-09,2026-09-08,2,yes
DEMO00060,2026-09-06,Central Zone,Uttar Pradesh,Varanasi,Gangapur,voice,hi,"कई दिनों से बिजली नहीं है, ट्रांसफार्मर जल गया है।",electricity,background,electricity,power_cut,OFF-ELE01,Resolved,2026-09-09,2026-09-07,1,yes
DEMO00061,2026-09-06,Central Zone,Uttarakhand,Nainital,Haldwani-cum-Kathgodam,text,hi,"कई दिनों से बिजली नहीं है, ट्रांसफार्मर जल गया है।",electricity,background,electricity,power_cut,OFF-ELE01,Resolved,2026-09-09,2026-09-08,2,yes
DEMO00062,2026-09-06,East Zone,West Bengal,Barddhaman,Ondal,text,bn,"রাস্তায় বড় বড় গর্ত, চলাচল বিপজ্জনক।",roads,background,roads,potholes,OFF-ROA01,Pending,2026-09-27,,,yes
DEMO00063,2026-09-06,East Zone,West Bengal,Barddhaman,Srirampur,text,bn,রেশন ডিলার আমার রেশন কার্ডে চাল দিচ্ছে না।,ration,background,ration,ration_not_given,OFF-RAT01,Resolved,2026-09-13,2026-09-09,3,yes
DEMO00064,2026-09-06,East Zone,West Bengal,North Twentyfour Parganas,Gobardanga,text,bn,"অনেক দিন ধরে বিদ্যুৎ নেই, ট্রান্সফরমার পুড়ে গেছে।",electricity,stable_electricity,electricity,power_cut,OFF-ELE01,Resolved,2026-09-09,2026-09-07,1,yes
DEMO00065,2026-09-06,East Zone,West Bengal,South Twentyfour Parganas,Chak Kashipur,text,bn,"স্বাস্থ্যকেন্দ্রে ডাক্তার নেই, ওষুধও পাওয়া যায় না।",health,background,health,no_doctor_medicine,OFF-HEA01,Resolved,2026-09-09,2026-09-19,13,yes
DEMO00066,2026-09-07,South Zone,Andaman & Nicobar,Andamans,Garacharma,text,hi,स्कूल में शिक्षक नियमित रूप से नहीं आते हैं।,education,background,education,teacher_absent,OFF-EDU01,Pending,2026-09-22,,,yes
DEMO00067,2026-09-07,South Zone,Andaman & Nicobar,Andamans,Port Blair,text,hi,राशन दुकान वाला मेरे राशन कार्ड पर चावल नहीं दे रहा है।,ration,background,ration,ration_not_given,OFF-RAT01,Resolved,2026-09-14,2026-09-17,10,yes
DEMO00068,2026-09-07,South Zone,Andhra Pradesh,Anantapur,Kadiri,text,te,"చాలా రోజులుగా కరెంటు లేదు, ట్రాన్స్ఫార్మర్ కాలిపోయింది.",electricity,background,electricity,power_cut,OFF-ELE01,Resolved,2026-09-10,2026-09-09,2,yes
DEMO00069,2026-09-07,Northeast Zone,Arunachal Pradesh,East Siang,Pasighat,text,hi,मेरी वृद्धावस्था पेंशन कई महीनों से नहीं मिली है।,pension,background,pension,pension_not_received,OFF-PEN01,Resolved,2026-09-22,2026-09-21,14,yes
DEMO00070,2026-09-07,Northeast Zone,Arunachal Pradesh,West Siang,Along,text,en,The handpump in our village is broken and there is no drinking water.,water,background,water,handpump,OFF-WAT01,Resolved,2026-09-14,2026-09-23,16,yes
DEMO00071,2026-09-07,Northeast Zone,Assam,Karbi Anglong,Howraghat,text,as,ৰেচন ডিলাৰে মোৰ কাৰ্ডত চাউল দিয়া নাই।,ration,background,ration,ration_not_given,OFF-RAT01,Resolved,2026-09-14,2026-09-13,6,yes
DEMO00072,2026-09-07,Northeast Zone,Assam,Marigaon,Jagiroad,text,as,মোৰ বাৰ্ধক্য পেঞ্চন কেইমাহমান ধৰি পোৱা নাই।,pension,background,pension,pension_not_received,OFF-PEN01,Resolved,2026-09-22,2026-09-16,9,yes
DEMO00073,2026-09-07,East Zone,Bihar,Bhagalpur,Bhagalpur (M.Corp),text,hi,स्वास्थ्य केंद्र में डॉक्टर नहीं है और दवाई नहीं मिलती।,health,background,health,no_doctor_medicine,OFF-HEA01,Pending,2026-09-10,,,yes
DEMO00074,2026-09-07,Central Zone,Chhattisgarh,Bilaspur,Bilaspur,text,hinglish,"Aspatal mein doctor nahi hai, dawai bhi nahi mil rahi.",health,cluster_health,health,no_doctor_medicine,OFF-HEA01,Resolved,2026-09-10,2026-09-08,1,yes
DEMO00075,2026-09-07,Central Zone,Chhattisgarh,Raipur,Birgaon,text,cg,कतको दिन ले नल म पानी नइ आवत हे।,water,spike_water,water,no_supply,OFF-WAT01,Pending,2026-09-14,,,yes
DEMO00076,2026-09-07,Central Zone,Chhattisgarh,Raipur,Raipur,voice,hi,कई दिनों से नल में पानी नहीं आ रहा है।,water,spike_water,water,no_supply,OFF-WAT01,Resolved,2026-09-14,2026-09-20,13,yes
DEMO00077,2026-09-07,Central Zone,Chhattisgarh,Raipur,Simga,text,hinglish,Water supply nahi aa rahi since 10 days.,water,spike_water,water,no_supply,OFF-WAT01,Resolved,2026-09-14,2026-09-09,2,yes
DEMO00078,2026-09-07,Central Zone,Chhattisgarh,Raipur,Simga,text,hi,हमारे गाँव का हैंडपंप खराब है और पीने का पानी नहीं है।,water,spike_water,water,handpump,OFF-WAT01,Resolved,2026-09-14,2026-09-19,12,yes
DEMO00079,2026-09-07,North Zone,Delhi,East,Kondli,voice,hi,राशन दुकान वाले ने रिश्वत मांगी।,sensitive,background,police,police_inaction,OFF-SC01,Pending,2026-09-08,,,yes
DEMO00080,2026-09-07,North Zone,Delhi,North East,Gokal Pur,text,hinglish,"Aspatal mein doctor nahi hai, dawai bhi nahi mil rahi.",health,background,health,no_doctor_medicine,OFF-HEA01,Resolved,2026-09-10,2026-09-09,2,yes
DEMO00081,2026-09-07,North Zone,Delhi,South,Mithe Pur,text,hinglish,Meri vridha pension kai mahine se band hai.,pension,background,pension,pension_not_received,OFF-PEN01,Resolved,2026-09-22,2026-09-16,9,yes
DEMO00082,2026-09-07,North Zone,Delhi,South West,Roshan Pura alias Dichaon Khurd,voice,hi,सड़क पर बड़े गड्ढे हैं और चलना खतरनाक है।,roads,background,roads,potholes,OFF-ROA01,Resolved,2026-09-28,2026-09-18,11,yes
DEMO00083,2026-09-07,North Zone,Delhi,West,Hastsal,text,hi,स्कूल में शिक्षक नियमित रूप से नहीं आते हैं।,education,background,education,teacher_absent,OFF-EDU01,Resolved,2026-09-22,2026-09-13,6,yes
DEMO00084,2026-09-07,North Zone,Delhi,West,Nangloi Jat,text,hi,सड़क पर बड़े गड्ढे हैं और चलना खतरनाक है।,roads,background,roads,potholes,OFF-ROA01,Resolved,2026-09-28,2026-09-14,7,yes
DEMO00085,2026-09-07,West Zone,Gujarat,Junagadh,Veraval,text,en,My old age pension has not been received for months.,pension,background,pension,pension_not_received,OFF-PEN01,Resolved,2026-09-22,2026-09-20,13,yes
DEMO00086,2026-09-07,West Zone,Gujarat,Navsari,Navsari,text,hinglish,Ration dukan wala chawal nahi de raha.,ration,background,ration,ration_not_given,OFF-RAT01,Resolved,2026-09-14,2026-09-13,6,yes
DEMO00087,2026-09-07,West Zone,Gujarat,Surendranagar,Wadhwan,voice,gu,દવાખાનામાં ડોક્ટર નથી અને દવા મળતી નથી.,health,background,health,no_doctor_medicine,OFF-HEA01,Resolved,2026-09-10,2026-09-17,10,yes
DEMO00088,2026-09-07,North Zone,Haryana,Ambala,Babiyal,voice,hinglish,Sadak pe bahut gaddhe hai.,roads,background,roads,potholes,OFF-ROA01,Resolved,2026-09-28,2026-09-30,23,yes
DEMO00089,2026-09-07,North Zone,Haryana,Faridabad,Tilpat,text,hinglish,"Bijli nahi hai kai din se, transformer kharab hai.",electricity,background,electricity,transformer,OFF-ELE01,Resolved,2026-09-10,2026-09-08,1,yes
DEMO00090,2026-09-07,North Zone,Haryana,Jind,Jind,text,hi,सड़क पर बड़े गड्ढे हैं और चलना खतरनाक है।,roads,background,roads,potholes,OFF-ROA01,Resolved,2026-09-28,2026-09-26,19,yes
DEMO00091,2026-09-07,North Zone,Haryana,Rewari,Rewari,text,hi,स्कूल में शिक्षक नियमित रूप से नहीं आते हैं।,education,background,education,teacher_absent,OFF-EDU01,Resolved,2026-09-22,2026-09-17,10,yes
DEMO00092,2026-09-07,North Zone,Haryana,Sonipat,Ganaur,text,en,The road has big potholes and is unsafe.,roads,background,roads,potholes,OFF-ROA01,Resolved,2026-09-28,2026-09-23,16,yes
DEMO00093,2026-09-07,North Zone,Jammu & Kashmir,Badgam,Charari Sharief,text,ur,ہسپتال میں ڈاکٹر نہیں ہے اور دوائی نہیں ملتی۔,health,background,health,no_doctor_medicine,OFF-HEA01,Resolved,2026-09-10,2026-09-12,5,yes
DEMO00094,2026-09-07,North Zone,Jammu & Kashmir,Baramula,Bandipore,text,en,The road has big potholes and is unsafe.,roads,background,roads,potholes,OFF-ROA01,Resolved,2026-09-28,2026-09-23,16,yes
DEMO00095,2026-09-07,North Zone,Jammu & Kashmir,Baramula,Kunzer,text,en,My neighbour beat me and threatened me.,sensitive,background,police,police_inaction,OFF-SC01,Resolved,2026-09-08,2026-09-17,10,yes
DEMO00096,2026-09-07,North Zone,Jammu & Kashmir,Jammu,Bari Brahmana,text,ur,راشن ڈیلر میرے کارڈ پر چاول نہیں دے رہا۔,ration,background,ration,ration_not_given,OFF-RAT01,Resolved,2026-09-14,2026-09-12,5,yes
DEMO00097,2026-09-07,North Zone,Jammu & Kashmir,Udhampur,Talwara,voice,ur,کئی دنوں سے نلکا بند ہے اور پانی نہیں آ رہا۔,water,background,water,no_supply,OFF-WAT01,Resolved,2026-09-14,2026-09-09,2,yes
DEMO00098,2026-09-07,East Zone,Jharkhand,Deoghar,Deoghar,text,en,There is no doctor at the health centre and no medicine.,health,background,health,no_doctor_medicine,OFF-HEA01,Resolved,2026-09-10,2026-09-19,12,yes
DEMO00099,2026-09-07,East Zone,Jharkhand,Palamu,Barwadih,text,hi,स्कूल में शिक्षक नियमित रूप से नहीं आते हैं।,education,background,education,teacher_absent,OFF-EDU01,Resolved,2026-09-22,2026-09-28,21,yes
DEMO00100,2026-09-07,South Zone,Karnataka,Chitradurga,Holalkere,text,kn,ಪಡಿತರ ಅಂಗಡಿಯಲ್ಲಿ ನನ್ನ ಕಾರ್ಡಿಗೆ ಅಕ್ಕಿ ಕೊಡುತ್ತಿಲ್ಲ.,ration,background,ration,ration_not_given,OFF-RAT01,Resolved,2026-09-14,2026-09-09,2,yes
DEMO00101,2026-09-07,South Zone,Kerala,Idukki,Idukki Township,voice,en,The teacher does not come to the school regularly.,education,background,education,teacher_absent,OFF-EDU01,Resolved,2026-09-22,2026-09-15,8,yes
DEMO00102,2026-09-07,Central Zone,Madhya Pradesh,Datia,Indergarh,text,hinglish,"Kai din se paani nahi aa raha, nal sukha hai.",water,background,water,no_supply,OFF-WAT01,Pending,2026-09-14,,,yes
DEMO00103,2026-09-07,Central Zone,Madhya Pradesh,Indore,Rau,text,hi,स्कूल में शिक्षक नियमित रूप से नहीं आते हैं।,education,background,education,teacher_absent,OFF-EDU01,Resolved,2026-09-22,2026-09-16,9,yes
DEMO00104,2026-09-07,Central Zone,Madhya Pradesh,Jabalpur,Sihora,text,en,"There is no electricity for many days, the transformer is burnt.",electricity,background,electricity,power_cut,OFF-ELE01,Resolved,2026-09-10,2026-09-09,2,yes
DEMO00105,2026-09-07,Central Zone,Madhya Pradesh,Mandla,Mandla,text,hi,मेरी वृद्धावस्था पेंशन कई महीनों से नहीं मिली है।,pension,background,pension,pension_not_received,OFF-PEN01,Resolved,2026-09-22,2026-09-24,17,yes
DEMO00106,2026-09-07,Central Zone,Madhya Pradesh,Rajgarh,Boda,text,hinglish,Sadak pe bahut gaddhe hai.,roads,background,roads,potholes,OFF-ROA01,Resolved,2026-09-28,2026-10-01,24,yes
DEMO00107,2026-09-07,Central Zone,Madhya Pradesh,Seoni,Lakhnadon,text,hinglish,Ration dukan wala chawal nahi de raha.,ration,background,ration,ration_not_given,OFF-RAT01,Pending,2026-09-14,,,yes
DEMO00108,2026-09-07,West Zone,Maharashtra,Aurangabad,Kannad,text,mr,"आमच्या गावातील हातपंप बंद आहे, पिण्याचे पाणी नाही.",water,background,water,handpump,OFF-WAT01,Resolved,2026-09-14,2026-09-20,13,yes
DEMO00109,2026-09-07,West Zone,Maharashtra,Bhandara,Sawari Jawharnagar,text,hinglish,Ration dukan wala chawal nahi de raha.,ration,background,ration,ration_not_given,OFF-RAT01,Resolved,2026-09-14,2026-09-18,11,yes
DEMO00110,2026-09-07,West Zone,Maharashtra,Buldana,Lonar,voice,mr,"Nobody is listening to us, please check.",unclear,background,ration,ration_card,OFF-RAT01,Resolved,2026-09-14,2026-09-10,3,yes
DEMO00111,2026-09-07,West Zone,Maharashtra,Jalgaon,Savda,voice,mr,शाळा सुरू असूनही शिक्षक नियमित येत नाहीत.,education,background,education,teacher_absent,OFF-EDU01,Pending,2026-09-22,,,yes
DEMO00112,2026-09-07,West Zone,Maharashtra,Nagpur,Mowad,text,mr,रुग्णालयात डॉक्टर नाहीत आणि औषध मिळत नाही.,health,background,health,no_doctor_medicine,OFF-HEA01,Pending,2026-09-10,,,yes
DEMO00113,2026-09-07,West Zone,Maharashtra,Parbhani,Manwath,voice,mr,शाळा सुरू असूनही शिक्षक नियमित येत नाहीत.,education,background,education,teacher_absent,OFF-EDU01,Resolved,2026-09-22,2026-09-18,11,yes
DEMO00114,2026-09-07,West Zone,Maharashtra,Washim,Washim,text,mr,"रस्त्यावर मोठे खड्डे आहेत, प्रवास धोकादायक आहे.",roads,background,roads,potholes,OFF-ROA01,Resolved,2026-09-28,2026-09-18,11,yes
DEMO00115,2026-09-07,West Zone,Maharashtra,Yavatmal,Wadgaon Road,text,mr,माझे वृद्धापकाळ पेन्शन अनेक महिन्यांपासून मिळाले नाही.,pension,background,pension,pension_not_received,OFF-PEN01,Resolved,2026-09-22,2026-09-21,14,yes
DEMO00116,2026-09-07,Northeast Zone,Manipur,Imphal East,Porompat,text,hi,मेरी वृद्धावस्था पेंशन कई महीनों से नहीं मिली है।,pension,background,pension,pension_not_received,OFF-PEN01,Pending,2026-09-22,,,yes
DEMO00117,2026-09-07,Northeast Zone,Meghalaya,West Khasi Hills,Mairang,text,en,"There is no electricity for many days, the transformer is burnt.",electricity,background,electricity,power_cut,OFF-ELE01,Resolved,2026-09-10,2026-09-08,1,yes
DEMO00118,2026-09-07,Northeast Zone,Nagaland,Dimapur,Dimapur,text,hi,मेरी वृद्धावस्था पेंशन कई महीनों से नहीं मिली है।,pension,background,pension,pension_not_received,OFF-PEN01,Resolved,2026-09-22,2026-09-25,18,yes
DEMO00119,2026-09-07,East Zone,Odisha,Debagarh,Debagarh,text,or,ରାସନ ଡିଲର ମୋ ରାସନ କାର୍ଡରେ ଚାଉଳ ଦେଉନାହିଁ।,ration,background,ration,ration_not_given,OFF-RAT01,Resolved,2026-09-14,2026-09-12,5,yes
DEMO00120,2026-09-07,East Zone,Odisha,Kendrapara,Pattamundai,text,or,"ଡାକ୍ତରଖାନାରେ ଡାକ୍ତର ନାହାନ୍ତି, ଔଷଧ ମିଳୁନାହିଁ।",health,background,health,no_doctor_medicine,OFF-HEA01,Resolved,2026-09-10,2026-09-08,1,yes
DEMO00121,2026-09-07,East Zone,Odisha,Koraput,Sunabeda,text,or,"ଅନେକ ଦିନ ହେଲା ବିଦ୍ୟୁତ ନାହିଁ, ଟ୍ରାନ୍ସଫର୍ମର ପୋଡ଼ିଯାଇଛି।",electricity,background,electricity,power_cut,OFF-ELE01,Resolved,2026-09-10,2026-09-16,9,yes
DEMO00122,2026-09-07,South Zone,Puducherry,Pondicherry,Kurumbapet,text,ta,எனது முதியோர் ஓய்வூதியம் பல மாதங்களாக வரவில்லை.,pension,background,pension,pension_not_received,OFF-PEN01,Resolved,2026-09-22,2026-09-12,5,yes
DEMO00123,2026-09-07,North Zone,Punjab,Amritsar,Patti,voice,hi,सड़क पर बड़े गड्ढे हैं और चलना खतरनाक है।,roads,background,roads,potholes,OFF-ROA01,Pending,2026-09-28,,,yes
DEMO00124,2026-09-07,North Zone,Punjab,Mansa,Sardulgarh,text,pa,ਕਈ ਦਿਨਾਂ ਤੋਂ ਟੂਟੀ ਵਿੱਚ ਪਾਣੀ ਨਹੀਂ ਆ ਰਿਹਾ।,water,background,water,no_supply,OFF-WAT01,Resolved,2026-09-14,2026-09-13,6,yes
DEMO00125,2026-09-07,North Zone,Punjab,Patiala,Nabha,voice,pa,ਰਾਸ਼ਨ ਡਿਪੂ ਵਾਲਾ ਮੈਨੂੰ ਕਣਕ ਨਹੀਂ ਦੇ ਰਿਹਾ।,ration,background,ration,ration_not_given,OFF-RAT01,Resolved,2026-09-14,2026-09-11,4,yes
DEMO00126,2026-09-07,North Zone,Rajasthan,Barmer,Balotra,text,hi,राशन दुकान वाला मेरे राशन कार्ड पर चावल नहीं दे रहा है।,ration,background,ration,ration_not_given,OFF-RAT01,Resolved,2026-09-14,2026-09-09,2,yes
DEMO00127,2026-09-07,North Zone,Rajasthan,Bharatpur,Nagar,text,hinglish,My neighbour beat me and threatened me.,sensitive,background,police,police_inaction,OFF-SC01,Resolved,2026-09-08,2026-09-08,1,yes
DEMO00128,2026-09-07,North Zone,Rajasthan,Bhilwara,Asind,voice,hi,हमारे गाँव का हैंडपंप खराब है और पीने का पानी नहीं है।,water,background,water,handpump,OFF-WAT01,Resolved,2026-09-14,2026-09-12,5,yes
DEMO00129,2026-09-07,North Zone,Rajasthan,Chittaurgarh,Nimbahera,text,en,"There is no electricity for many days, the transformer is burnt.",electricity,background,electricity,power_cut,OFF-ELE01,Resolved,2026-09-10,2026-09-08,1,yes
DEMO00130,2026-09-07,North Zone,Rajasthan,Kota,Kaithoon,text,hi,राशन दुकान वाला मेरे राशन कार्ड पर चावल नहीं दे रहा है।,ration,background,ration,ration_not_given,OFF-RAT01,Pending,2026-09-14,,,yes
DEMO00131,2026-09-07,South Zone,Tamil Nadu,Coimbatore,Perur,text,hi,सड़क पर बड़े गड्ढे हैं और चलना खतरनाक है।,roads,background,roads,potholes,OFF-ROA01,Pending,2026-09-28,,,yes
DEMO00132,2026-09-07,South Zone,Tamil Nadu,Coimbatore,Sankaramanallur,voice,ta,ரேஷன் கடையில் என் குடும்ப அட்டைக்கு அரிசி கொடுக்கவில்லை.,ration,background,ration,ration_not_given,OFF-RAT01,Resolved,2026-09-14,2026-09-11,4,yes
DEMO00133,2026-09-07,South Zone,Tamil Nadu,Erode,Kanjikoil,text,ta,ரேஷன் கடையில் என் குடும்ப அட்டைக்கு அரிசி கொடுக்கவில்லை.,ration,background,ration,ration_not_given,OFF-RAT01,Resolved,2026-09-14,2026-09-11,4,yes
DEMO00134,2026-09-07,South Zone,Tamil Nadu,Erode,Uthukuli,text,ta,ரேஷன் கடையில் என் குடும்ப அட்டைக்கு அரிசி கொடுக்கவில்லை.,ration,background,ration,ration_not_given,OFF-RAT01,Resolved,2026-09-14,2026-09-10,3,yes
DEMO00135,2026-09-07,South Zone,Tamil Nadu,Kancheepuram,Mamallapuram,text,ta,"Nobody is listening to us, please check.",unclear,background,ration,ration_card,OFF-RAT01,Resolved,2026-09-14,2026-09-11,4,yes
DEMO00136,2026-09-07,South Zone,Tamil Nadu,Madurai,Nagavakulam,voice,ta,ரேஷன் கடையில் என் குடும்ப அட்டைக்கு அரிசி கொடுக்கவில்லை.,ration,background,ration,ration_not_given,OFF-RAT01,Resolved,2026-09-14,2026-09-09,2,yes
DEMO00137,2026-09-07,South Zone,Tamil Nadu,Tiruchirappalli,Sirugamani,text,ta,ரேஷன் கடையில் என் குடும்ப அட்டைக்கு அரிசி கொடுக்கவில்லை.,ration,background,ration,ration_not_given,OFF-RAT01,Resolved,2026-09-14,2026-09-13,6,yes
DEMO00138,2026-09-07,South Zone,Tamil Nadu,Virudhunagar,Srivilliputhur,text,ta,எனது முதியோர் ஓய்வூதியம் பல மாதங்களாக வரவில்லை.,pension,background,pension,pension_not_received,OFF-PEN01,Resolved,2026-09-22,2026-09-11,4,yes
DEMO00139,2026-09-07,South Zone,Telangana,Nizamabad,Bodhan,text,te,పాఠశాలకు ఉపాధ్యాయులు సక్రమంగా రావడం లేదు.,education,background,education,teacher_absent,OFF-EDU01,Resolved,2026-09-22,2026-09-26,19,yes
DEMO00140,2026-09-07,Northeast Zone,Tripura,North Tripura,Dharmanagar,text,bn,রেশন ডিলার আমার রেশন কার্ডে চাল দিচ্ছে না।,ration,background,ration,ration_not_given,OFF-RAT01,Resolved,2026-09-14,2026-09-21,14,yes
DEMO00141,2026-09-07,Central Zone,Uttar Pradesh,Aligarh,Aligarh,text,hinglish,Sadak pe bahut gaddhe hai.,roads,background,roads,potholes,OFF-ROA01,Resolved,2026-09-28,2026-09-25,18,yes
DEMO00142,2026-09-07,Central Zone,Uttar Pradesh,Baghpat,Baraut,voice,hi,स्कूल में शिक्षक नियमित रूप से नहीं आते हैं।,education,background,education,teacher_absent,OFF-EDU01,Resolved,2026-09-22,2026-09-11,4,yes
DEMO00143,2026-09-07,Central Zone,Uttar Pradesh,Bulandshahr,Siana,text,hi,हमारे गाँव का हैंडपंप खराब है और पीने का पानी नहीं है।,water,background,water,handpump,OFF-WAT01,Resolved,2026-09-14,2026-09-13,6,yes
DEMO00144,2026-09-07,Central Zone,Uttar Pradesh,Gonda,Khargupur,text,hi,"कई दिनों से बिजली नहीं है, ट्रांसफार्मर जल गया है।",electricity,background,electricity,power_cut,OFF-ELE01,Resolved,2026-09-10,2026-09-09,2,yes
DEMO00145,2026-09-07,Central Zone,Uttar Pradesh,Mau,Kopaganj,text,hi,स्कूल में शिक्षक नियमित रूप से नहीं आते हैं।,education,background,education,teacher_absent,OFF-EDU01,Pending,2026-09-22,,,yes
DEMO00146,2026-09-07,Central Zone,Uttar Pradesh,Moradabad,Bhojpur Dharampur,text,hi,हमारे गाँव का हैंडपंप खराब है और पीने का पानी नहीं है।,water,background,water,handpump,OFF-WAT01,Resolved,2026-09-14,2026-09-13,6,yes
DEMO00147,2026-09-07,Central Zone,Uttar Pradesh,Varanasi,Varanasi,voice,hi,राशन दुकान वाले ने रिश्वत मांगी।,sensitive,background,police,police_inaction,OFF-SC01,Resolved,2026-09-08,2026-09-08,1,yes
DEMO00148,2026-09-07,Central Zone,Uttarakhand,Chamoli,Joshimath,text,hi,मेरी वृद्धावस्था पेंशन कई महीनों से नहीं मिली है।,pension,background,pension,pension_not_received,OFF-PEN01,Resolved,2026-09-22,2026-09-21,14,yes
DEMO00149,2026-09-07,Central Zone,Uttarakhand,Dehradun,Dehradun,text,en,The teacher does not come to the school regularly.,education,background,education,teacher_absent,OFF-EDU01,Resolved,2026-09-22,2026-09-20,13,yes
DEMO00150,2026-09-07,Central Zone,Uttarakhand,Pithoragarh,Dharchula Dehat,text,hi,सड़क पर बड़े गड्ढे हैं और चलना खतरनाक है।,roads,background,roads,potholes,OFF-ROA01,Resolved,2026-09-28,2026-09-18,11,yes
DEMO00151,2026-09-07,Central Zone,Uttarakhand,Tehri Garhwal,Muni Ki Reti,text,hinglish,The ration dealer asked for a bribe to give my quota.,sensitive,background,police,police_inaction,OFF-SC01,Pending,2026-09-08,,,yes
DEMO00152,2026-09-07,East Zone,West Bengal,Barddhaman,Debipur,voice,bn,"রাস্তায় বড় বড় গর্ত, চলাচল বিপজ্জনক।",roads,background,roads,potholes,OFF-ROA01,Resolved,2026-09-28,2026-09-24,17,yes
DEMO00153,2026-09-07,East Zone,West Bengal,Barddhaman,Khandra,text,bn,স্কুলে শিক্ষক নিয়মিত আসেন না।,education,background,education,teacher_absent,OFF-EDU01,Resolved,2026-09-22,2026-09-14,7,yes
DEMO00154,2026-09-07,East Zone,West Bengal,Hugli,Bhadreswar,text,bn,রেশন ডিলার আমার রেশন কার্ডে চাল দিচ্ছে না।,ration,background,ration,ration_not_given,OFF-RAT01,Resolved,2026-09-14,2026-09-11,4,yes
DEMO00155,2026-09-08,South Zone,Andhra Pradesh,Prakasam,Chirala,text,hi,राशन दुकान वाला मेरे राशन कार्ड पर चावल नहीं दे रहा है।,ration,background,ration,ration_not_given,OFF-RAT01,Resolved,2026-09-15,2026-09-13,5,yes
DEMO00156,2026-09-08,South Zone,Andhra Pradesh,Vizianagaram,Vizianagaram,voice,te,"ఆసుపత్రిలో డాక్టర్ లేరు, మందులు దొరకడం లేదు.",health,background,health,no_doctor_medicine,OFF-HEA01,Resolved,2026-09-11,2026-09-10,2,yes
DEMO00157,2026-09-08,Northeast Zone,Assam,Bongaigaon,"Bongaigaon, Refinery & Petro-chemical Ltd. Township",text,as,"চিকিৎসালয়ত ডাক্তৰ নাই, ঔষধ পোৱা নাযায়।",health,background,health,no_doctor_medicine,OFF-HEA01,Resolved,2026-09-11,2026-09-16,8,yes
DEMO00158,2026-09-08,Northeast Zone,Assam,Cachar,Ambikapur Part-X,voice,hi,हमारे गाँव का हैंडपंप खराब है और पीने का पानी नहीं है।,water,background,water,handpump,OFF-WAT01,Resolved,2026-09-15,2026-09-14,6,yes
DEMO00159,2026-09-08,Northeast Zone,Assam,Dibrugarh,Barbari (AMC Area),text,hinglish,"Aspatal mein doctor nahi hai, dawai bhi nahi mil rahi.",health,background,health,no_doctor_medicine,OFF-HEA01,Resolved,2026-09-11,2026-09-10,2,yes
DEMO00160,2026-09-08,Northeast Zone,Assam,Golaghat,Numaligarh Refinery Township,text,as,ৰাস্তাত ডাঙৰ ডাঙৰ গাঁত আছে।,roads,background,roads,potholes,OFF-ROA01,Resolved,2026-09-29,2026-10-03,25,yes
DEMO00161,2026-09-08,Northeast Zone,Assam,Hailakandi,Hailakandi,text,as,My neighbour beat me and threatened me.,sensitive,background,police,police_inaction,OFF-SC01,Resolved,2026-09-09,2026-09-09,1,yes
DEMO00162,2026-09-08,Northeast Zone,Assam,Hailakandi,Hailakandi,text,as,ৰেচন ডিলাৰে মোৰ কাৰ্ডত চাউল দিয়া নাই।,ration,background,ration,ration_not_given,OFF-RAT01,Resolved,2026-09-15,2026-09-12,4,yes
DEMO00163,2026-09-08,East Zone,Bihar,Gaya,Paharpur,text,hi,स्वास्थ्य केंद्र में डॉक्टर नहीं है और दवाई नहीं मिलती।,health,background,health,no_doctor_medicine,OFF-HEA01,Pending,2026-09-11,,,yes
DEMO00164,2026-09-08,East Zone,Bihar,Lakhisarai,Lakhisarai,text,hi,स्वास्थ्य केंद्र में डॉक्टर नहीं है और दवाई नहीं मिलती।,health,background,health,no_doctor_medicine,OFF-HEA01,Resolved,2026-09-11,2026-09-09,1,yes
DEMO00165,2026-09-08,East Zone,Bihar,Siwan,Maharajganj,text,hi,राशन दुकान वाला मेरे राशन कार्ड पर चावल नहीं दे रहा है।,ration,background,ration,ration_not_given,OFF-RAT01,Resolved,2026-09-15,2026-09-11,3,yes
DEMO00166,2026-09-08,Central Zone,Chhattisgarh,Bilaspur,Bilaspur,text,cg,"अस्पताल म डाक्टर नइ हे, दवई घलो नइ मिलत।",health,cluster_health,health,no_doctor_medicine,OFF-HEA01,Resolved,2026-09-11,2026-09-09,1,yes
DEMO00167,2026-09-08,Central Zone,Chhattisgarh,Dhamtari,Dhamtari,voice,cg,"हमर गाँव के हैंडपंप खराब हवय, पीए बर पानी नइ हे।",water,background,water,handpump,OFF-WAT01,Resolved,2026-09-15,2026-09-13,5,yes
DEMO00168,2026-09-08,Central Zone,Chhattisgarh,Raigarh,Kharsia,text,hi,राशन दुकान वाले ने रिश्वत मांगी।,sensitive,background,police,police_inaction,OFF-SC01,Resolved,2026-09-09,2026-09-12,4,yes
DEMO00169,2026-09-08,Central Zone,Chhattisgarh,Raipur,Arang,voice,hi,हमारे गाँव का हैंडपंप खराब है और पीने का पानी नहीं है।,water,spike_water,water,handpump,OFF-WAT01,Resolved,2026-09-15,2026-09-10,2,yes
DEMO00170,2026-09-08,Central Zone,Chhattisgarh,Raipur,Baloda Bazar,voice,cg,"हमर गाँव के हैंडपंप खराब हवय, पीए बर पानी नइ हे।",water,spike_water,water,handpump,OFF-WAT01,Resolved,2026-09-15,2026-09-11,3,yes
DEMO00171,2026-09-08,Central Zone,Chhattisgarh,Raipur,Baloda Bazar,text,hinglish,Water supply nahi aa rahi since 10 days.,water,spike_water,water,no_supply,OFF-WAT01,Resolved,2026-09-15,2026-09-13,5,yes
DEMO00172,2026-09-08,Central Zone,Chhattisgarh,Raipur,Baloda Bazar,text,cg,"हमर गाँव के हैंडपंप खराब हवय, पीए बर पानी नइ हे।",water,spike_water,water,handpump,OFF-WAT01,Resolved,2026-09-15,2026-09-13,5,yes
DEMO00173,2026-09-08,Central Zone,Chhattisgarh,Raipur,Urla,text,hi,हमारे गाँव का हैंडपंप खराब है और पीने का पानी नहीं है।,water,spike_water,water,handpump,OFF-WAT01,Pending,2026-09-15,,,yes
DEMO00174,2026-09-08,Central Zone,Chhattisgarh,Raipur,Urla,text,cg,"हमर गाँव के हैंडपंप खराब हवय, पीए बर पानी नइ हे।",water,spike_water,water,handpump,OFF-WAT01,Pending,2026-09-15,,,yes
DEMO00175,2026-09-08,West Zone,Dadra and Nagar Haveli and Daman and Diu,Dadra & Nagar Haveli,Silvassa,text,gu,"રસ્તા પર મોટા ખાડા છે, ચાલવું જોખમી છે.",roads,background,roads,potholes,OFF-ROA01,Resolved,2026-09-29,2026-09-20,12,yes
DEMO00176,2026-09-08,North Zone,Delhi,South West,Nangal Dewat,text,hi,सड़क पर बड़े गड्ढे हैं और चलना खतरनाक है।,roads,background,roads,potholes,OFF-ROA01,Pending,2026-09-29,,,yes
DEMO00177,2026-09-08,North Zone,Delhi,South West,Nangal Dewat,text,hi,राशन दुकान वाला मेरे राशन कार्ड पर चावल नहीं दे रहा है।,ration,background,ration,ration_not_given,OFF-RAT01,Pending,2026-09-15,,,yes
DEMO00178,2026-09-08,North Zone,Delhi,South West,Rajokri,text,hinglish,Meri vridha pension kai mahine se band hai.,pension,background,pension,pension_not_received,OFF-PEN01,Resolved,2026-09-23,2026-09-18,10,yes
DEMO00179,2026-09-08,West Zone,Gujarat,Bharuch,Jambusar,text,gu,"ઘણા દિવસથી વીજળી નથી, ટ્રાન્સફોર્મર બળી ગયું છે.",electricity,background,electricity,power_cut,OFF-ELE01,Pending,2026-09-11,,,yes
DEMO00180,2026-09-08,West Zone,Gujarat,Dohad,Dohad,text,en,"There is no electricity for many days, the transformer is burnt.",electricity,background,electricity,power_cut,OFF-ELE01,Resolved,2026-09-11,2026-09-09,1,yes
DEMO00181,2026-09-08,West Zone,Gujarat,Junagadh,Visavadar,text,gu,ઘણા દિવસથી નળમાં પાણી આવતું નથી.,water,background,water,no_supply,OFF-WAT01,Pending,2026-09-15,,,yes
DEMO00182,2026-09-08,West Zone,Gujarat,Kachchh,Bhachau,text,gu,ઘણા દિવસથી નળમાં પાણી આવતું નથી.,water,background,water,no_supply,OFF-WAT01,Resolved,2026-09-15,2026-09-13,5,yes
DEMO00183,2026-09-08,West Zone,Gujarat,Surat,Vyara,text,gu,શાળામાં શિક્ષક નિયમિત આવતા નથી.,education,background,education,teacher_absent,OFF-EDU01,Pending,2026-09-23,,,yes
DEMO00184,2026-09-08,West Zone,Gujarat,Surendranagar,Wadhwan,voice,hi,मेरी वृद्धावस्था पेंशन कई महीनों से नहीं मिली है।,pension,background,pension,pension_not_received,OFF-PEN01,Resolved,2026-09-23,2026-09-30,22,yes
DEMO00185,2026-09-08,North Zone,Haryana,Faridabad,Faridabad,text,hi,सड़क पर बड़े गड्ढे हैं और चलना खतरनाक है।,roads,background,roads,potholes,OFF-ROA01,Resolved,2026-09-29,2026-09-18,10,yes
DEMO00186,2026-09-08,North Zone,Haryana,Rohtak,Rohtak,text,hinglish,"Kai din se paani nahi aa raha, nal sukha hai.",water,background,water,no_supply,OFF-WAT01,Resolved,2026-09-15,2026-09-14,6,yes
DEMO00187,2026-09-08,North Zone,Himachal Pradesh,Solan,Sabathu,text,hi,सड़क पर बड़े गड्ढे हैं और चलना खतरनाक है।,roads,background,roads,potholes,OFF-ROA01,Resolved,2026-09-29,2026-10-02,24,yes
DEMO00188,2026-09-08,East Zone,Jharkhand,Dhanbad,Egarkunr,text,hi,"कई दिनों से बिजली नहीं है, ट्रांसफार्मर जल गया है।",electricity,background,electricity,power_cut,OFF-ELE01,Resolved,2026-09-11,2026-09-09,1,yes
DEMO00189,2026-09-08,East Zone,Jharkhand,Dhanbad,Sahnidih,text,hi,राशन दुकान वाला मेरे राशन कार्ड पर चावल नहीं दे रहा है।,ration,background,ration,ration_not_given,OFF-RAT01,Resolved,2026-09-15,2026-09-13,5,yes
DEMO00190,2026-09-08,East Zone,Jharkhand,Pakaur,Pakaur,text,hi,राशन दुकान वाले ने रिश्वत मांगी।,sensitive,background,police,police_inaction,OFF-SC01,Resolved,2026-09-09,2026-09-09,1,yes
DEMO00191,2026-09-08,South Zone,Karnataka,Bagalkot,Terdal,text,hi,राशन दुकान वाला मेरे राशन कार्ड पर चावल नहीं दे रहा है।,ration,background,ration,ration_not_given,OFF-RAT01,Resolved,2026-09-15,2026-09-12,4,yes
DEMO00192,2026-09-08,South Zone,Karnataka,Hassan,Arkalgud,text,hinglish,"Bijli nahi hai kai din se, transformer kharab hai.",electricity,background,electricity,transformer,OFF-ELE01,Resolved,2026-09-11,2026-09-20,12,yes
DEMO00193,2026-09-08,South Zone,Karnataka,Raichur,Mudgal,text,en,The teacher does not come to the school regularly.,education,background,education,teacher_absent,OFF-EDU01,Resolved,2026-09-23,2026-09-21,13,yes
DEMO00194,2026-09-08,South Zone,Karnataka,Raichur,Sindhnur,text,kn,ರಸ್ತೆಯಲ್ಲಿ ದೊಡ್ಡ ಗುಂಡಿಗಳಿವೆ.,roads,background,roads,potholes,OFF-ROA01,Resolved,2026-09-29,2026-09-18,10,yes
DEMO00195,2026-09-08,South Zone,Karnataka,Udupi,Mallar,voice,kn,ರಸ್ತೆಯಲ್ಲಿ ದೊಡ್ಡ ಗುಂಡಿಗಳಿವೆ.,roads,background,roads,potholes,OFF-ROA01,Pending,2026-09-29,,,yes
DEMO00196,2026-09-08,South Zone,Kerala,Kozhikode,Villiappally,text,ml,എന്റെ വിധവ പെൻഷൻ മാസങ്ങളായി ലഭിച്ചിട്ടില്ല.,pension,background,pension,pension_not_received,OFF-PEN01,Resolved,2026-09-23,2026-09-19,11,yes
DEMO00197,2026-09-08,South Zone,Kerala,Pathanamthitta,Pathanamthitta,text,ml,The ration dealer asked for a bribe to give my quota.,sensitive,background,police,police_inaction,OFF-SC01,Resolved,2026-09-09,2026-09-09,1,yes
DEMO00198,2026-09-08,Central Zone,Madhya Pradesh,Damoh,Hatta,voice,hi,पड़ोसी ने मेरे साथ मारपीट की और धमकी दी।,sensitive,background,police,police_inaction,OFF-SC01,Resolved,2026-09-09,2026-09-18,10,yes
DEMO00199,2026-09-08,Central Zone,Madhya Pradesh,Indore,Mhowgaon,text,hi,मेरी वृद्धावस्था पेंशन कई महीनों से नहीं मिली है।,pension,background,pension,pension_not_received,OFF-PEN01,Resolved,2026-09-23,2026-10-02,24,yes
DEMO00200,2026-09-08,Central Zone,Madhya Pradesh,Raisen,Mandideep,voice,hi,पड़ोसी ने मेरे साथ मारपीट की और धमकी दी।,sensitive,background,police,police_inaction,OFF-SC01,Resolved,2026-09-09,2026-09-09,1,yes
DEMO00201,2026-09-08,Central Zone,Madhya Pradesh,Sagar,Karrapur,text,hi,मेरी वृद्धावस्था पेंशन कई महीनों से नहीं मिली है।,pension,background,pension,pension_not_received,OFF-PEN01,Resolved,2026-09-23,2026-09-14,6,yes
DEMO00202,2026-09-08,West Zone,Maharashtra,Gadchiroli,Gadchiroli,voice,mr,माझे वृद्धापकाळ पेन्शन अनेक महिन्यांपासून मिळाले नाही.,pension,background,pension,pension_not_received,OFF-PEN01,Resolved,2026-09-23,2026-09-27,19,yes
DEMO00203,2026-09-08,West Zone,Maharashtra,Gondiya,Gondiya,voice,mr,"रस्त्यावर मोठे खड्डे आहेत, प्रवास धोकादायक आहे.",roads,background,roads,potholes,OFF-ROA01,Resolved,2026-09-29,2026-09-17,9,yes
DEMO00204,2026-09-08,West Zone,Maharashtra,Nagpur,Mansar,text,mr,रेशन दुकानदार माझ्या रेशन कार्डवर तांदूळ देत नाही.,ration,background,ration,ration_not_given,OFF-RAT01,Resolved,2026-09-15,2026-09-14,6,yes
DEMO00205,2026-09-08,West Zone,Maharashtra,Osmanabad,Kalamb,voice,mr,रेशन दुकानदार माझ्या रेशन कार्डवर तांदूळ देत नाही.,ration,background,ration,ration_not_given,OFF-RAT01,Resolved,2026-09-15,2026-09-14,6,yes
DEMO00206,2026-09-08,West Zone,Maharashtra,Pune,Talegaon Dabhade,text,mr,"रस्त्यावर मोठे खड्डे आहेत, प्रवास धोकादायक आहे.",roads,background,roads,potholes,OFF-ROA01,Pending,2026-09-29,,,yes
DEMO00207,2026-09-08,West Zone,Maharashtra,Sangli,Ashta,text,mr,अनेक दिवसांपासून नळाला पाणी येत नाही.,water,background,water,no_supply,OFF-WAT01,Resolved,2026-09-15,2026-09-23,15,yes
DEMO00208,2026-09-08,Northeast Zone,Meghalaya,East Khasi Hills,Nongmynsong,text,en,The handpump in our village is broken and there is no drinking water.,water,background,water,handpump,OFF-WAT01,Resolved,2026-09-15,2026-09-24,16,yes
DEMO00209,2026-09-08,Northeast Zone,Nagaland,Dimapur,Dimapur,voice,en,The ration shop dealer is not giving rice on my ration card.,ration,background,ration,ration_not_given,OFF-RAT01,Resolved,2026-09-15,2026-09-11,3,yes
DEMO00210,2026-09-08,East Zone,Odisha,Balangir,Titlagarh,text,or,ମୋର ବାର୍ଦ୍ଧକ୍ୟ ଭତ୍ତା କିଛି ମାସ ହେଲା ମିଳିନାହିଁ।,pension,background,pension,pension_not_received,OFF-PEN01,Pending,2026-09-23,,,yes
DEMO00211,2026-09-08,East Zone,Odisha,Ganjam,Buguda,text,or,ମୋର ବାର୍ଦ୍ଧକ୍ୟ ଭତ୍ତା କିଛି ମାସ ହେଲା ମିଳିନାହିଁ।,pension,background,pension,pension_not_received,OFF-PEN01,Pending,2026-09-23,,,yes
DEMO00212,2026-09-08,East Zone,Odisha,Kalahandi,Junagarh,text,hinglish,"Bijli nahi hai kai din se, transformer kharab hai.",electricity,background,electricity,transformer,OFF-ELE01,Resolved,2026-09-11,2026-09-09,1,yes
DEMO00213,2026-09-08,East Zone,Odisha,Kendrapara,Kendrapara,text,or,"ଡାକ୍ତରଖାନାରେ ଡାକ୍ତର ନାହାନ୍ତି, ଔଷଧ ମିଳୁନାହିଁ।",health,background,health,no_doctor_medicine,OFF-HEA01,Resolved,2026-09-11,2026-09-16,8,yes
DEMO00214,2026-09-08,East Zone,Odisha,Koraput,Kotpad,text,or,The ration dealer asked for a bribe to give my quota.,sensitive,background,police,police_inaction,OFF-SC01,Resolved,2026-09-09,2026-09-09,1,yes
DEMO00215,2026-09-08,East Zone,Odisha,Koraput,Sunabeda,text,or,"ଆମ ଗାଁର ନଳକୂପ ଖରାପ, ପିଇବା ପାଣି ନାହିଁ।",water,background,water,handpump,OFF-WAT01,Resolved,2026-09-15,2026-09-13,5,yes
DEMO00216,2026-09-08,East Zone,Odisha,Nuapada,Khariar,text,en,There is no doctor at the health centre and no medicine.,health,background,health,no_doctor_medicine,OFF-HEA01,Resolved,2026-09-11,2026-09-10,2,yes
DEMO00217,2026-09-08,East Zone,Odisha,Nuapada,Khariar,text,en,There is no doctor at the health centre and no medicine.,health,background,health,no_doctor_medicine,OFF-HEA01,Resolved,2026-09-11,2026-09-20,12,yes
DEMO00218,2026-09-08,North Zone,Punjab,Bathinda,Rampura Phul,voice,hi,राशन दुकान वाले ने रिश्वत मांगी।,sensitive,background,police,police_inaction,OFF-SC01,Resolved,2026-09-09,2026-09-09,1,yes
DEMO00219,2026-09-08,North Zone,Rajasthan,Hanumangarh,Hanumangarh,text,en,The ration shop dealer is not giving rice on my ration card.,ration,background,ration,ration_not_given,OFF-RAT01,Resolved,2026-09-15,2026-09-10,2,yes
DEMO00220,2026-09-08,North Zone,Rajasthan,Jaipur,Chomu,text,hi,मेरी वृद्धावस्था पेंशन कई महीनों से नहीं मिली है।,pension,background,pension,pension_not_received,OFF-PEN01,Pending,2026-09-23,,,yes
DEMO00221,2026-09-08,South Zone,Tamil Nadu,Dindigul,Kodaikanal,voice,hinglish,"Nobody is listening to us, please check.",unclear,background,pension,pension_not_received,OFF-PEN01,Pending,2026-09-23,,,yes
DEMO00222,2026-09-08,South Zone,Tamil Nadu,Kanniyakumari,Pacode,text,ta,"சாலையில் பெரிய குழிகள் உள்ளன, பயணம் ஆபத்தானது.",roads,background,roads,potholes,OFF-ROA01,Resolved,2026-09-29,2026-09-15,7,yes
DEMO00223,2026-09-08,South Zone,Tamil Nadu,Namakkal,Periyapatti,voice,ta,"சாலையில் பெரிய குழிகள் உள்ளன, பயணம் ஆபத்தானது.",roads,background,roads,potholes,OFF-ROA01,Pending,2026-09-29,,,yes
DEMO00224,2026-09-08,South Zone,Tamil Nadu,Sivaganga,Sivaganga,text,ta,"Nobody is listening to us, please check.",unclear,background,ration,ration_card,OFF-RAT01,Resolved,2026-09-15,2026-09-14,6,yes
DEMO00225,2026-09-08,South Zone,Tamil Nadu,The Nilgiris,Nelliyalam,text,ta,பள்ளிக்கு ஆசிரியர் தொடர்ந்து வருவதில்லை.,education,background,education,teacher_absent,OFF-EDU01,Resolved,2026-09-23,2026-09-20,12,yes
DEMO00226,2026-09-08,South Zone,Tamil Nadu,Theni,Chinnamanur,voice,en,The teacher does not come to the school regularly.,education,background,education,teacher_absent,OFF-EDU01,Resolved,2026-09-23,2026-09-22,14,yes
DEMO00227,2026-09-08,South Zone,Tamil Nadu,Viluppuram,Gingee,text,ta,"பல நாட்களாக மின்சாரம் இல்லை, மின்மாற்றி எரிந்துவிட்டது.",electricity,background,electricity,power_cut,OFF-ELE01,Resolved,2026-09-11,2026-09-21,13,yes
DEMO00228,2026-09-08,South Zone,Tamil Nadu,Viluppuram,Kallakkurichi,text,en,"There is no electricity for many days, the transformer is burnt.",electricity,background,electricity,power_cut,OFF-ELE01,Resolved,2026-09-11,2026-09-09,1,yes
DEMO00229,2026-09-08,South Zone,Tamil Nadu,Viluppuram,Valavanur,text,en,There is no doctor at the health centre and no medicine.,health,background,health,no_doctor_medicine,OFF-HEA01,Resolved,2026-09-11,2026-09-20,12,yes
DEMO00230,2026-09-08,Central Zone,Uttar Pradesh,Agra,Pinahat,voice,hi,राशन दुकान वाला मेरे राशन कार्ड पर चावल नहीं दे रहा है।,ration,background,ration,ration_not_given,OFF-RAT01,Pending,2026-09-15,,,yes
DEMO00231,2026-09-08,Central Zone,Uttar Pradesh,Azamgarh,Azmatgarh,text,hinglish,"Kai din se paani nahi aa raha, nal sukha hai.",water,background,water,no_supply,OFF-WAT01,Resolved,2026-09-15,2026-09-13,5,yes
DEMO00232,2026-09-08,Central Zone,Uttar Pradesh,Bareilly,Baheri,text,en,"There is no electricity for many days, the transformer is burnt.",electricity,background,electricity,power_cut,OFF-ELE01,Resolved,2026-09-11,2026-09-20,12,yes
DEMO00233,2026-09-08,Central Zone,Uttar Pradesh,Ghaziabad,Loni,text,hinglish,Ration dukan wala chawal nahi de raha.,ration,background,ration,ration_not_given,OFF-RAT01,Resolved,2026-09-15,2026-09-11,3,yes
DEMO00234,2026-09-08,Central Zone,Uttar Pradesh,Moradabad,Sirsi,text,hi,हमारे गाँव का हैंडपंप खराब है और पीने का पानी नहीं है।,water,background,water,handpump,OFF-WAT01,Resolved,2026-09-15,2026-09-13,5,yes
DEMO00235,2026-09-08,Central Zone,Uttarakhand,Almora,Almora,text,hi,स्वास्थ्य केंद्र में डॉक्टर नहीं है और दवाई नहीं मिलती।,health,background,health,no_doctor_medicine,OFF-HEA01,Pending,2026-09-11,,,yes
DEMO00236,2026-09-08,Central Zone,Uttarakhand,Chamoli,Nand Prayag,text,hi,सड़क पर बड़े गड्ढे हैं और चलना खतरनाक है।,roads,background,roads,potholes,OFF-ROA01,Resolved,2026-09-29,2026-09-27,19,yes
DEMO00237,2026-09-08,Central Zone,Uttarakhand,Champawat,Champawat,text,hi,"कई दिनों से बिजली नहीं है, ट्रांसफार्मर जल गया है।",electricity,background,electricity,power_cut,OFF-ELE01,Resolved,2026-09-11,2026-09-20,12,yes
DEMO00238,2026-09-08,Central Zone,Uttarakhand,Tehri Garhwal & Garhwal,Dev Prayag,text,hi,"कई दिनों से बिजली नहीं है, ट्रांसफार्मर जल गया है।",electricity,background,electricity,power_cut,OFF-ELE01,Resolved,2026-09-11,2026-09-10,2,yes
DEMO00239,2026-09-08,East Zone,West Bengal,Barddhaman,Konardihi,text,bn,"অনেক দিন ধরে বিদ্যুৎ নেই, ট্রান্সফরমার পুড়ে গেছে।",electricity,background,electricity,power_cut,OFF-ELE01,Resolved,2026-09-11,2026-09-10,2,yes
DEMO00240,2026-09-08,East Zone,West Bengal,Darjiling,Uttar Bagdogra,text,en,Water is not coming in the tap for many days.,water,background,water,no_supply,OFF-WAT01,Resolved,2026-09-15,2026-09-13,5,yes
DEMO00241,2026-09-09,South Zone,Andhra Pradesh,Chittoor,Srikalahasti,text,hi,कई दिनों से नल में पानी नहीं आ रहा है।,water,background,water,no_supply,OFF-WAT01,Resolved,2026-09-16,2026-09-15,6,yes
DEMO00242,2026-09-09,South Zone,Andhra Pradesh,Chittoor,Tirumala,text,te,రోడ్డుపై పెద్ద గుంతలు ఉన్నాయి.,roads,background,roads,potholes,OFF-ROA01,Resolved,2026-09-30,2026-09-28,19,yes
DEMO00243,2026-09-09,East Zone,Bihar,Gaya,Paharpur,text,hinglish,Meri vridha pension kai mahine se band hai.,pension,background,pension,pension_not_received,OFF-PEN01,Resolved,2026-09-24,2026-09-14,5,yes
DEMO00244,2026-09-09,East Zone,Bihar,Kaimur (Bhabua),Bhabua,text,hi,राशन दुकान वाला मेरे राशन कार्ड पर चावल नहीं दे रहा है।,ration,background,ration,ration_not_given,OFF-RAT01,Resolved,2026-09-16,2026-09-21,12,yes
DEMO00245,2026-09-09,Central Zone,Chhattisgarh,Bilaspur,Bilaspur,text,cg,"अस्पताल म डाक्टर नइ हे, दवई घलो नइ मिलत।",health,cluster_health,health,no_doctor_medicine,OFF-HEA01,Resolved,2026-09-12,2026-09-10,1,yes
DEMO00246,2026-09-09,Central Zone,Chhattisgarh,Bilaspur,Lingiyadih,voice,cg,इस्कूल म गुरुजी रोज नइ आवत हे।,education,background,education,teacher_absent,OFF-EDU01,Resolved,2026-09-24,2026-10-03,24,yes
DEMO00247,2026-09-09,Central Zone,Chhattisgarh,Durg,Kumhari,text,cg,इस्कूल म गुरुजी रोज नइ आवत हे।,education,background,education,teacher_absent,OFF-EDU01,Resolved,2026-09-24,2026-09-19,10,yes
DEMO00248,2026-09-09,Central Zone,Chhattisgarh,Korba,Rajgamar,voice,cg,रद्दा म बड़े-बड़े गड्ढा हवय।,roads,background,roads,potholes,OFF-ROA01,Resolved,2026-09-30,2026-09-26,17,yes
DEMO00249,2026-09-09,Central Zone,Chhattisgarh,Raipur,Urla,text,cg,"हमर गाँव के हैंडपंप खराब हवय, पीए बर पानी नइ हे।",water,spike_water,water,handpump,OFF-WAT01,Resolved,2026-09-16,2026-09-11,2,yes
DEMO00250,2026-09-09,West Zone,Goa,South Goa,Cuncolim,text,mr,"रस्त्यावर मोठे खड्डे आहेत, प्रवास धोकादायक आहे.",roads,background,roads,potholes,OFF-ROA01,Pending,2026-09-30,,,yes
DEMO00251,2026-09-09,West Zone,Gujarat,Anand,Umreth,voice,gu,મારું વૃદ્ધ પેન્શન ઘણા મહિનાથી મળ્યું નથી.,pension,background,pension,pension_not_received,OFF-PEN01,Resolved,2026-09-24,2026-09-22,13,yes
DEMO00252,2026-09-09,West Zone,Gujarat,Anand,Vallabh Vidhyanagar,text,hi,सड़क पर बड़े गड्ढे हैं और चलना खतरनाक है।,roads,background,roads,potholes,OFF-ROA01,Resolved,2026-09-30,2026-09-18,9,yes
DEMO00253,2026-09-09,West Zone,Gujarat,Kachchh,Bhuj,text,gu,રેશનની દુકાનમાં મારા રેશનકાર્ડ પર ચોખા આપતા નથી.,ration,background,ration,ration_not_given,OFF-RAT01,Pending,2026-09-16,,,yes
DEMO00254,2026-09-09,West Zone,Gujarat,Patan,Chanasma,text,gu,દવાખાનામાં ડોક્ટર નથી અને દવા મળતી નથી.,health,background,health,no_doctor_medicine,OFF-HEA01,Resolved,2026-09-12,2026-09-10,1,yes
DEMO00255,2026-09-09,North Zone,Jammu & Kashmir,Udhampur,Chenani,text,ur,اسکول میں استاد باقاعدگی سے نہیں آتے۔,education,background,education,teacher_absent,OFF-EDU01,Resolved,2026-09-24,2026-09-22,13,yes
DEMO00256,2026-09-09,East Zone,Jharkhand,Dhanbad,Baliari,text,hi,स्वास्थ्य केंद्र में डॉक्टर नहीं है और दवाई नहीं मिलती।,health,background,health,no_doctor_medicine,OFF-HEA01,Resolved,2026-09-12,2026-09-17,8,yes
DEMO00257,2026-09-09,East Zone,Jharkhand,Palamu,Latehar,text,en,Water is not coming in the tap for many days.,water,background,water,no_supply,OFF-WAT01,Resolved,2026-09-16,2026-09-11,2,yes
DEMO00258,2026-09-09,South Zone,Karnataka,Bangalore Rural,Dod Ballapur,text,kn,ಪಡಿತರ ಅಂಗಡಿಯಲ್ಲಿ ನನ್ನ ಕಾರ್ಡಿಗೆ ಅಕ್ಕಿ ಕೊಡುತ್ತಿಲ್ಲ.,ration,background,ration,ration_not_given,OFF-RAT01,Pending,2026-09-16,,,yes
DEMO00259,2026-09-09,South Zone,Karnataka,Chikmagalur,Tarikere,text,kn,The ration dealer asked for a bribe to give my quota.,sensitive,background,police,police_inaction,OFF-SC01,Resolved,2026-09-10,2026-09-10,1,yes
DEMO00260,2026-09-09,South Zone,Karnataka,Kolar,Mulbagal,text,kn,My neighbour beat me and threatened me.,sensitive,background,police,police_inaction,OFF-SC01,Pending,2026-09-10,,,yes
DEMO00261,2026-09-09,South Zone,Kerala,Alappuzha,Mavelikkara,text,ml,"Nobody is listening to us, please check.",unclear,background,electricity,transformer,OFF-ELE01,Resolved,2026-09-12,2026-09-10,1,yes
DEMO00262,2026-09-09,South Zone,Kerala,Kozhikode,Ramanattukara,text,ml,സ്കൂൾ അധ്യാപകർ കൃത്യമായി ക്ലാസിൽ വരുന്നില്ല.,education,background,education,teacher_absent,OFF-EDU01,Resolved,2026-09-24,2026-09-20,11,yes
DEMO00263,2026-09-09,Central Zone,Madhya Pradesh,Neemuch,Ratangarh,text,hinglish,Sadak pe bahut gaddhe hai.,roads,background,roads,potholes,OFF-ROA01,Pending,2026-09-30,,,yes
DEMO00264,2026-09-09,West Zone,Maharashtra,Raigarh,Mhasla,text,mr,अनेक दिवसांपासून नळाला पाणी येत नाही.,water,background,water,no_supply,OFF-WAT01,Pending,2026-09-16,,,yes
DEMO00265,2026-09-09,Northeast Zone,Manipur,Thoubal,Heriok,text,hi,राशन दुकान वाला मेरे राशन कार्ड पर चावल नहीं दे रहा है।,ration,background,ration,ration_not_given,OFF-RAT01,Resolved,2026-09-16,2026-09-24,15,yes
DEMO00266,2026-09-09,Northeast Zone,Meghalaya,East Khasi Hills,Nongthymmai,voice,en,The road has big potholes and is unsafe.,roads,background,roads,potholes,OFF-ROA01,Resolved,2026-09-30,2026-10-03,24,yes
DEMO00267,2026-09-09,Northeast Zone,Meghalaya,Ri Bhoi,Nongpoh,text,en,The road has big potholes and is unsafe.,roads,background,roads,potholes,OFF-ROA01,Resolved,2026-09-30,2026-09-27,18,yes
DEMO00268,2026-09-09,East Zone,Odisha,Bargarh,Khaliapali,text,or,"ଡାକ୍ତରଖାନାରେ ଡାକ୍ତର ନାହାନ୍ତି, ଔଷଧ ମିଳୁନାହିଁ।",health,background,health,no_doctor_medicine,OFF-HEA01,Pending,2026-09-12,,,yes
DEMO00269,2026-09-09,East Zone,Odisha,Bhadrak,Bhadrak,voice,or,ଅନେକ ଦିନ ହେଲା ଟ୍ୟୁବୱେଲରୁ ପାଣି ଆସୁନାହିଁ।,water,background,water,no_supply,OFF-WAT01,Pending,2026-09-16,,,yes
DEMO00270,2026-09-09,East Zone,Odisha,Kendujhar,Kendujhar,voice,or,"Nobody is listening to us, please check.",unclear,background,health,ambulance,OFF-HEA01,Resolved,2026-09-12,2026-09-10,1,yes
DEMO00271,2026-09-09,East Zone,Odisha,Khordha,Bhubaneswar,text,or,ମୋର ବାର୍ଦ୍ଧକ୍ୟ ଭତ୍ତା କିଛି ମାସ ହେଲା ମିଳିନାହିଁ।,pension,background,pension,pension_not_received,OFF-PEN01,Resolved,2026-09-24,2026-09-17,8,yes
DEMO00272,2026-09-09,North Zone,Punjab,Faridkot,Jaitu,text,pa,ਮੇਰੀ ਬੁਢਾਪਾ ਪੈਨਸ਼ਨ ਕਈ ਮਹੀਨਿਆਂ ਤੋਂ ਨਹੀਂ ਆਈ।,pension,background,pension,pension_not_received,OFF-PEN01,Resolved,2026-09-24,2026-09-15,6,yes
DEMO00273,2026-09-09,North Zone,Rajasthan,Jhalawar,Pirawa,text,hi,सड़क पर बड़े गड्ढे हैं और चलना खतरनाक है।,roads,background,roads,potholes,OFF-ROA01,Resolved,2026-09-30,2026-10-03,24,yes
DEMO00274,2026-09-09,North Zone,Rajasthan,Tonk,Malpura,text,hinglish,Meri vridha pension kai mahine se band hai.,pension,background,pension,pension_not_received,OFF-PEN01,Resolved,2026-09-24,2026-09-14,5,yes
DEMO00275,2026-09-09,North Zone,Rajasthan,Udaipur,Kherwara Chhaoni,text,hinglish,"Bijli nahi hai kai din se, transformer kharab hai.",electricity,background,electricity,transformer,OFF-ELE01,Resolved,2026-09-12,2026-09-10,1,yes
DEMO00276,2026-09-09,South Zone,Tamil Nadu,Dharmapuri,Harur,text,ta,"சாலையில் பெரிய குழிகள் உள்ளன, பயணம் ஆபத்தானது.",roads,background,roads,potholes,OFF-ROA01,Resolved,2026-09-30,2026-09-23,14,yes
DEMO00277,2026-09-09,South Zone,Tamil Nadu,Dindigul,Pannaikadu,text,ta,"சாலையில் பெரிய குழிகள் உள்ளன, பயணம் ஆபத்தானது.",roads,background,roads,potholes,OFF-ROA01,Resolved,2026-09-30,2026-09-17,8,yes
DEMO00278,2026-09-09,South Zone,Tamil Nadu,Erode,Vellottamparappu,voice,ta,"எங்கள் கிராமத்தில் அடிகுழாய் பழுதாகிவிட்டது, குடிநீர் இல்லை.",water,background,water,handpump,OFF-WAT01,Resolved,2026-09-16,2026-09-14,5,yes
DEMO00279,2026-09-09,South Zone,Tamil Nadu,Erode,Vengampudur,text,hi,हमारे गाँव का हैंडपंप खराब है और पीने का पानी नहीं है।,water,background,water,handpump,OFF-WAT01,Resolved,2026-09-16,2026-09-14,5,yes
DEMO00280,2026-09-09,South Zone,Tamil Nadu,Kapur,Punjai Thottakurichi,text,hinglish,"Kai din se paani nahi aa raha, nal sukha hai.",water,background,water,no_supply,OFF-WAT01,Resolved,2026-09-16,2026-09-14,5,yes
DEMO00281,2026-09-09,South Zone,Tamil Nadu,Perambalur,Arumbavur,text,ta,"மருத்துவமனையில் மருத்துவர் இல்லை, மருந்தும் கிடைக்கவில்லை.",health,background,health,no_doctor_medicine,OFF-HEA01,Resolved,2026-09-12,2026-09-10,1,yes
DEMO00282,2026-09-09,South Zone,Tamil Nadu,Sivaganga,Puduvayal,voice,ta,"மருத்துவமனையில் மருத்துவர் இல்லை, மருந்தும் கிடைக்கவில்லை.",health,background,health,no_doctor_medicine,OFF-HEA01,Resolved,2026-09-12,2026-09-10,1,yes
DEMO00283,2026-09-09,South Zone,Telangana,Hyderabad,Secunderabad,text,te,చాలా రోజులుగా కుళాయిలో నీళ్లు రావడం లేదు.,water,background,water,no_supply,OFF-WAT01,Resolved,2026-09-16,2026-09-13,4,yes
DEMO00284,2026-09-09,Northeast Zone,Tripura,West Tripura,Gandhigram,text,en,The teacher does not come to the school regularly.,education,background,education,teacher_absent,OFF-EDU01,Pending,2026-09-24,,,yes
DEMO00285,2026-09-09,Central Zone,Uttar Pradesh,Allahabad,Sirsa,text,hinglish,"Bijli nahi hai kai din se, transformer kharab hai.",electricity,background,electricity,transformer,OFF-ELE01,Resolved,2026-09-12,2026-09-10,1,yes
DEMO00286,2026-09-09,Central Zone,Uttar Pradesh,Balrampur,Balrampur,text,hi,कई दिनों से नल में पानी नहीं आ रहा है।,water,background,water,no_supply,OFF-WAT01,Resolved,2026-09-16,2026-09-11,2,yes
DEMO00287,2026-09-09,Central Zone,Uttar Pradesh,Balrampur,Pachperwa,voice,hi,कई दिनों से नल में पानी नहीं आ रहा है।,water,background,water,no_supply,OFF-WAT01,Resolved,2026-09-16,2026-09-23,14,yes
DEMO00288,2026-09-09,Central Zone,Uttar Pradesh,Bijnor,Jalalabad,text,hi,राशन दुकान वाला मेरे राशन कार्ड पर चावल नहीं दे रहा है।,ration,background,ration,ration_not_given,OFF-RAT01,Resolved,2026-09-16,2026-09-19,10,yes
DEMO00289,2026-09-09,Central Zone,Uttar Pradesh,Chandauli,Mughalsarai,voice,hi,स्कूल में शिक्षक नियमित रूप से नहीं आते हैं।,education,background,education,teacher_absent,OFF-EDU01,Resolved,2026-09-24,2026-09-20,11,yes
DEMO00290,2026-09-09,Central Zone,Uttar Pradesh,Deoria,Bhatpar Rani,voice,hi,स्कूल में शिक्षक नियमित रूप से नहीं आते हैं।,education,background,education,teacher_absent,OFF-EDU01,Pending,2026-09-24,,,yes
DEMO00291,2026-09-09,Central Zone,Uttar Pradesh,Ghazipur,Dildarnagar Fatehpur Bazar,text,hi,स्कूल में शिक्षक नियमित रूप से नहीं आते हैं।,education,background,education,teacher_absent,OFF-EDU01,Resolved,2026-09-24,2026-09-22,13,yes
DEMO00292,2026-09-09,Central Zone,Uttar Pradesh,Ghazipur,Ghazipur,voice,hi,सड़क पर बड़े गड्ढे हैं और चलना खतरनाक है।,roads,background,roads,potholes,OFF-ROA01,Resolved,2026-09-30,2026-09-17,8,yes
DEMO00293,2026-09-09,Central Zone,Uttar Pradesh,Gorakhpur,Pipraich,text,hi,हमारे गाँव का हैंडपंप खराब है और पीने का पानी नहीं है।,water,background,water,handpump,OFF-WAT01,Resolved,2026-09-16,2026-09-12,3,yes
DEMO00294,2026-09-09,Central Zone,Uttar Pradesh,Jaunpur,Kheta Sarai,text,hi,कई दिनों से नल में पानी नहीं आ रहा है।,water,background,water,no_supply,OFF-WAT01,Resolved,2026-09-16,2026-09-15,6,yes
DEMO00295,2026-09-09,Central Zone,Uttar Pradesh,Moradabad,Moradabad,voice,hi,राशन दुकान वाला मेरे राशन कार्ड पर चावल नहीं दे रहा है।,ration,background,ration,ration_not_given,OFF-RAT01,Resolved,2026-09-16,2026-09-11,2,yes
DEMO00296,2026-09-09,Central Zone,Uttar Pradesh,Sitapur,Maholi,text,hi,सड़क पर बड़े गड्ढे हैं और चलना खतरनाक है।,roads,background,roads,potholes,OFF-ROA01,Pending,2026-09-30,,,yes
DEMO00297,2026-09-09,Central Zone,Uttar Pradesh,Sonbhadra,Jamshila,text,hinglish,"Bijli nahi hai kai din se, transformer kharab hai.",electricity,background,electricity,transformer,OFF-ELE01,Resolved,2026-09-12,2026-09-11,2,yes
DEMO00298,2026-09-09,East Zone,West Bengal,Hugli,Chak Bansberia,text,en,The ration shop dealer is not giving rice on my ration card.,ration,background,ration,ration_not_given,OFF-RAT01,Resolved,2026-09-16,2026-09-12,3,yes
DEMO00299,2026-09-09,East Zone,West Bengal,Puruliya,Barabazar,text,hinglish,Sadak pe bahut gaddhe hai.,roads,background,roads,potholes,OFF-ROA01,Pending,2026-09-30,,,yes
DEMO00300,2026-09-10,Northeast Zone,Assam,Barpeta,Sarthebari,voice,en,"There is no electricity for many days, the transformer is burnt.",electricity,background,electricity,power_cut,OFF-ELE01,Pending,2026-09-13,,,yes
DEMO00301,2026-09-10,Northeast Zone,Assam,Goalpara,Lakhipur,text,as,"চিকিৎসালয়ত ডাক্তৰ নাই, ঔষধ পোৱা নাযায়।",health,background,health,no_doctor_medicine,OFF-HEA01,Resolved,2026-09-13,2026-09-12,2,yes
DEMO00302,2026-09-10,East Zone,Bihar,Saharsa,Saharsa,text,hinglish,"Kai din se paani nahi aa raha, nal sukha hai.",water,background,water,no_supply,OFF-WAT01,Resolved,2026-09-17,2026-09-16,6,yes
DEMO00303,2026-09-10,Central Zone,Chhattisgarh,Dhamtari,Dhamtari,text,hinglish,Meri vridha pension kai mahine se band hai.,pension,background,pension,pension_not_received,OFF-PEN01,Pending,2026-09-25,,,yes
DEMO00304,2026-09-10,Central Zone,Chhattisgarh,Raipur,Bhanpuri,voice,cg,"हमर गाँव के हैंडपंप खराब हवय, पीए बर पानी नइ हे।",water,spike_water,water,handpump,OFF-WAT01,Resolved,2026-09-17,2026-09-15,5,yes
DEMO00305,2026-09-10,Central Zone,Chhattisgarh,Raipur,Simga,text,hi,कई दिनों से नल में पानी नहीं आ रहा है।,water,spike_water,water,no_supply,OFF-WAT01,Pending,2026-09-17,,,yes
DEMO00306,2026-09-10,Central Zone,Chhattisgarh,Raipur,Simga,voice,cg,हमर पारा के हैंडपंप बंद हवय।,water,spike_water,water,handpump,OFF-WAT01,Resolved,2026-09-17,2026-09-25,15,yes
DEMO00307,2026-09-10,Central Zone,Chhattisgarh,Raipur,Tilda Newra,text,hi,कई दिनों से नल में पानी नहीं आ रहा है।,water,spike_water,water,no_supply,OFF-WAT01,Resolved,2026-09-17,2026-09-12,2,yes
DEMO00308,2026-09-10,Central Zone,Chhattisgarh,Raipur,Urla,text,hinglish,"Kai din se paani nahi aa raha, nal sukha hai.",water,spike_water,water,no_supply,OFF-WAT01,Resolved,2026-09-17,2026-09-13,3,yes
DEMO00309,2026-09-10,Central Zone,Chhattisgarh,Raipur,Urla,text,hinglish,"Kai din se paani nahi aa raha, nal sukha hai.",water,spike_water,water,no_supply,OFF-WAT01,Resolved,2026-09-17,2026-09-12,2,yes
DEMO00310,2026-09-10,Central Zone,Chhattisgarh,Raipur,Urla,voice,cg,"Paani nai aawat he, kai din hoge.",water,spike_water,water,handpump,OFF-WAT01,Resolved,2026-09-17,2026-09-15,5,yes
DEMO00311,2026-09-10,West Zone,Gujarat,Navsari,Navsari,text,gu,"ઘણા દિવસથી વીજળી નથી, ટ્રાન્સફોર્મર બળી ગયું છે.",electricity,background,electricity,power_cut,OFF-ELE01,Resolved,2026-09-13,2026-09-12,2,yes
DEMO00312,2026-09-10,West Zone,Gujarat,Vadodara,Tarsali,text,gu,રેશનની દુકાનમાં મારા રેશનકાર્ડ પર ચોખા આપતા નથી.,ration,background,ration,ration_not_given,OFF-RAT01,Resolved,2026-09-17,2026-09-14,4,yes
DEMO00313,2026-09-10,North Zone,Haryana,Gurgaon,Dundahera,voice,hi,स्वास्थ्य केंद्र में डॉक्टर नहीं है और दवाई नहीं मिलती।,health,background,health,no_doctor_medicine,OFF-HEA01,Resolved,2026-09-13,2026-09-12,2,yes
DEMO00314,2026-09-10,North Zone,Haryana,Jhajjar,Beri,text,hi,"कई दिनों से बिजली नहीं है, ट्रांसफार्मर जल गया है।",electricity,background,electricity,power_cut,OFF-ELE01,Resolved,2026-09-13,2026-09-12,2,yes
DEMO00315,2026-09-10,North Zone,Jammu & Kashmir,Anantnag,Achabal,text,ur,My neighbour beat me and threatened me.,sensitive,background,police,police_inaction,OFF-SC01,Resolved,2026-09-11,2026-09-11,1,yes
DEMO00316,2026-09-10,North Zone,Jammu & Kashmir,Anantnag,Duru-Verinag,text,hinglish,"Bijli nahi hai kai din se, transformer kharab hai.",electricity,background,electricity,transformer,OFF-ELE01,Resolved,2026-09-13,2026-09-12,2,yes
DEMO00317,2026-09-10,North Zone,Jammu & Kashmir,Udhampur,Udhampur,text,en,My old age pension has not been received for months.,pension,background,pension,pension_not_received,OFF-PEN01,Resolved,2026-09-25,2026-09-21,11,yes
DEMO00318,2026-09-10,East Zone,Jharkhand,Dhanbad,Kustai,text,hi,मेरी वृद्धावस्था पेंशन कई महीनों से नहीं मिली है।,pension,background,pension,pension_not_received,OFF-PEN01,Resolved,2026-09-25,2026-09-18,8,yes
DEMO00319,2026-09-10,South Zone,Karnataka,Bangalore Rural,Nelmangala,text,kn,"ಆಸ್ಪತ್ರೆಯಲ್ಲಿ ವೈದ್ಯರಿಲ್ಲ, ಔಷಧ ಸಿಗುತ್ತಿಲ್ಲ.",health,background,health,no_doctor_medicine,OFF-HEA01,Pending,2026-09-13,,,yes
DEMO00320,2026-09-10,South Zone,Karnataka,Davanagere,Channagiri,text,kn,ರಸ್ತೆಯಲ್ಲಿ ದೊಡ್ಡ ಗುಂಡಿಗಳಿವೆ.,roads,background,roads,potholes,OFF-ROA01,Resolved,2026-10-01,2026-09-24,14,yes
DEMO00321,2026-09-10,South Zone,Karnataka,Dharwad,Annigeri,text,kn,"Nobody is listening to us, please check.",unclear,background,ration,ration_card,OFF-RAT01,Resolved,2026-09-17,2026-09-16,6,yes
DEMO00322,2026-09-10,South Zone,Karnataka,Shimoga,Siralkoppa,text,kn,"ನಮ್ಮ ಊರಿನ ಕೈಪಂಪು ಕೆಟ್ಟಿದೆ, ಕುಡಿಯುವ ನೀರು ಇಲ್ಲ.",water,background,water,handpump,OFF-WAT01,Resolved,2026-09-17,2026-09-15,5,yes
DEMO00323,2026-09-10,South Zone,Kerala,Ernakulam,Vazhakkala,voice,ml,റോഡ് മുഴുവൻ വലിയ കുഴികൾ ആണ്.,roads,small_roads,roads,potholes,OFF-ROA01,Resolved,2026-10-01,2026-10-03,23,yes
DEMO00324,2026-09-10,South Zone,Kerala,Thrissur,Iringaprom,text,ml,"ആശുപത്രിയിൽ ഡോക്ടർ ഇല്ല, മരുന്ന് കിട്ടുന്നില്ല.",health,background,health,no_doctor_medicine,OFF-HEA01,Resolved,2026-09-13,2026-09-12,2,yes
DEMO00325,2026-09-10,Central Zone,Madhya Pradesh,Bhopal,Bhopal,text,hinglish,School mein teacher nahi aate.,education,background,education,teacher_absent,OFF-EDU01,Pending,2026-09-25,,,yes
DEMO00326,2026-09-10,Central Zone,Madhya Pradesh,Gwalior,Pichhore,text,hi,स्कूल में शिक्षक नियमित रूप से नहीं आते हैं।,education,background,education,teacher_absent,OFF-EDU01,Resolved,2026-09-25,2026-09-20,10,yes
DEMO00327,2026-09-10,Central Zone,Madhya Pradesh,Indore,Indore,voice,hi,स्वास्थ्य केंद्र में डॉक्टर नहीं है और दवाई नहीं मिलती।,health,background,health,no_doctor_medicine,OFF-HEA01,Resolved,2026-09-13,2026-09-11,1,yes
DEMO00328,2026-09-10,Central Zone,Madhya Pradesh,Rajgarh,Khujner,text,en,The ration shop dealer is not giving rice on my ration card.,ration,background,ration,ration_not_given,OFF-RAT01,Pending,2026-09-17,,,yes
DEMO00329,2026-09-10,Central Zone,Madhya Pradesh,West Nimar,Mandleshwar,text,hinglish,"Kai din se paani nahi aa raha, nal sukha hai.",water,background,water,no_supply,OFF-WAT01,Resolved,2026-09-17,2026-09-12,2,yes
DEMO00330,2026-09-10,West Zone,Maharashtra,Kolhapur,Kabnur,text,mr,रेशन दुकानदार माझ्या रेशन कार्डवर तांदूळ देत नाही.,ration,background,ration,ration_not_given,OFF-RAT01,Resolved,2026-09-17,2026-09-19,9,yes
DEMO00331,2026-09-10,West Zone,Maharashtra,Satara,Mahabaleshwar,text,mr,रेशन दुकानदार माझ्या रेशन कार्डवर तांदूळ देत नाही.,ration,background,ration,ration_not_given,OFF-RAT01,Resolved,2026-09-17,2026-09-15,5,yes
DEMO00332,2026-09-10,Northeast Zone,Meghalaya,Jaintia Hills,Jawai,text,en,The teacher does not come to the school regularly.,education,background,education,teacher_absent,OFF-EDU01,Resolved,2026-09-25,2026-09-15,5,yes
DEMO00333,2026-09-10,Northeast Zone,Mizoram,Serchhip,N. Vanlaiphai,text,en,There is no doctor at the health centre and no medicine.,health,background,health,no_doctor_medicine,OFF-HEA01,Pending,2026-09-13,,,yes
DEMO00334,2026-09-10,North Zone,Punjab,Gurdaspur,Daulatpur,text,en,There is no doctor at the health centre and no medicine.,health,background,health,no_doctor_medicine,OFF-HEA01,Resolved,2026-09-13,2026-09-11,1,yes
DEMO00335,2026-09-10,North Zone,Punjab,Kapurthala,Dhilwan,text,hinglish,Ration dukan wala chawal nahi de raha.,ration,background,ration,ration_not_given,OFF-RAT01,Resolved,2026-09-17,2026-09-15,5,yes
DEMO00336,2026-09-10,North Zone,Punjab,Patiala,Patiala,text,pa,ਹਸਪਤਾਲ ਵਿੱਚ ਡਾਕਟਰ ਨਹੀਂ ਹੈ ਅਤੇ ਦਵਾਈ ਨਹੀਂ ਮਿਲਦੀ।,health,background,health,no_doctor_medicine,OFF-HEA01,Resolved,2026-09-13,2026-09-11,1,yes
DEMO00337,2026-09-10,North Zone,Rajasthan,Baran,Kherliganj,text,hi,मेरी वृद्धावस्था पेंशन कई महीनों से नहीं मिली है।,pension,background,pension,pension_not_received,OFF-PEN01,Resolved,2026-09-25,2026-10-03,23,yes
DEMO00338,2026-09-10,North Zone,Rajasthan,Bhilwara,Mandalgarh,voice,hi,सड़क पर बड़े गड्ढे हैं और चलना खतरनाक है।,roads,background,roads,potholes,OFF-ROA01,Resolved,2026-10-01,2026-09-20,10,yes
DEMO00339,2026-09-10,North Zone,Rajasthan,Bundi,Indragarh,text,hi,स्कूल में शिक्षक नियमित रूप से नहीं आते हैं।,education,background,education,teacher_absent,OFF-EDU01,Resolved,2026-09-25,2026-09-22,12,yes
DEMO00340,2026-09-10,South Zone,Tamil Nadu,Coimbatore,Periya Negamam,text,ta,பள்ளிக்கு ஆசிரியர் தொடர்ந்து வருவதில்லை.,education,background,education,teacher_absent,OFF-EDU01,Resolved,2026-09-25,2026-09-16,6,yes
DEMO00341,2026-09-10,South Zone,Tamil Nadu,Coimbatore,Udumalaipettai,text,ta,My neighbour beat me and threatened me.,sensitive,background,police,police_inaction,OFF-SC01,Resolved,2026-09-11,2026-09-11,1,yes
DEMO00342,2026-09-10,South Zone,Tamil Nadu,Ramanathapuram,Kamuthi,text,hi,मेरी वृद्धावस्था पेंशन कई महीनों से नहीं मिली है।,pension,background,pension,pension_not_received,OFF-PEN01,Resolved,2026-09-25,2026-09-23,13,yes
DEMO00343,2026-09-10,South Zone,Tamil Nadu,Toothukudi,Nazerath,text,en,The ration shop dealer is not giving rice on my ration card.,ration,background,ration,ration_not_given,OFF-RAT01,Resolved,2026-09-17,2026-09-16,6,yes
DEMO00344,2026-09-10,South Zone,Tamil Nadu,Viluppuram,Tindivanam,voice,ta,"எங்கள் கிராமத்தில் அடிகுழாய் பழுதாகிவிட்டது, குடிநீர் இல்லை.",water,background,water,handpump,OFF-WAT01,Resolved,2026-09-17,2026-09-15,5,yes
DEMO00345,2026-09-10,South Zone,Telangana,Karimnagar,Karimnagar,voice,te,రోడ్డుపై పెద్ద గుంతలు ఉన్నాయి.,roads,background,roads,potholes,OFF-ROA01,Resolved,2026-10-01,2026-09-23,13,yes
DEMO00346,2026-09-10,Central Zone,Uttar Pradesh,Auraiya,Babarpur Ajitmal,text,hi,सड़क पर बड़े गड्ढे हैं और चलना खतरनाक है।,roads,background,roads,potholes,OFF-ROA01,Resolved,2026-10-01,2026-09-24,14,yes
DEMO00347,2026-09-10,Central Zone,Uttar Pradesh,Barabanki,Dariyabad,voice,hi,"कई दिनों से बिजली नहीं है, ट्रांसफार्मर जल गया है।",electricity,background,electricity,power_cut,OFF-ELE01,Resolved,2026-09-13,2026-09-11,1,yes
DEMO00348,2026-09-10,Central Zone,Uttar Pradesh,Fatehpur,Kora Jahanabad,text,hi,सड़क पर बड़े गड्ढे हैं और चलना खतरनाक है।,roads,background,roads,potholes,OFF-ROA01,Pending,2026-10-01,,,yes
DEMO00349,2026-09-10,Central Zone,Uttar Pradesh,Pratapgarh,Pratapgarh City,voice,hi,सड़क पर बड़े गड्ढे हैं और चलना खतरनाक है।,roads,background,roads,potholes,OFF-ROA01,Resolved,2026-10-01,2026-09-20,10,yes
DEMO00350,2026-09-10,Central Zone,Uttarakhand,Bageshwar,Bageshwar,text,hi,"कई दिनों से बिजली नहीं है, ट्रांसफार्मर जल गया है।",electricity,background,electricity,power_cut,OFF-ELE01,Resolved,2026-09-13,2026-09-11,1,yes
DEMO00351,2026-09-10,East Zone,West Bengal,Barddhaman,Prayagpur,voice,bn,স্কুলে শিক্ষক নিয়মিত আসেন না।,education,background,education,teacher_absent,OFF-EDU01,Resolved,2026-09-25,2026-10-03,23,yes
DEMO00352,2026-09-10,East Zone,West Bengal,Jalpaiguri,Gairkata,text,bn,My neighbour beat me and threatened me.,sensitive,background,police,police_inaction,OFF-SC01,Resolved,2026-09-11,2026-09-11,1,yes
DEMO00353,2026-09-10,East Zone,West Bengal,North Twentyfour Parganas,Ashoknagar Kalyangarh,text,bn,"অনেক দিন ধরে বিদ্যুৎ নেই, ট্রান্সফরমার পুড়ে গেছে।",electricity,stable_electricity,electricity,power_cut,OFF-ELE01,Resolved,2026-09-13,2026-09-11,1,yes
DEMO00354,2026-09-10,East Zone,West Bengal,North Twentyfour Parganas,Kaugachhi,text,bn,"অনেক দিন ধরে বিদ্যুৎ নেই, ট্রান্সফরমার পুড়ে গেছে।",electricity,stable_electricity,electricity,power_cut,OFF-ELE01,Resolved,2026-09-13,2026-09-11,1,yes
DEMO00355,2026-09-10,East Zone,West Bengal,North Twentyfour Parganas,Sadpur,text,hinglish,"Bijli nahi hai kai din se, transformer kharab hai.",electricity,stable_electricity,electricity,transformer,OFF-ELE01,Pending,2026-09-13,,,yes
DEMO00356,2026-09-10,East Zone,West Bengal,North Twentyfour Parganas,Sonatikiri,text,bn,"অনেক দিন ধরে বিদ্যুৎ নেই, ট্রান্সফরমার পুড়ে গেছে।",electricity,stable_electricity,electricity,power_cut,OFF-ELE01,Resolved,2026-09-13,2026-09-11,1,yes
DEMO00357,2026-09-10,East Zone,West Bengal,North Twentyfour Parganas,Sonatikiri,text,hi,"कई दिनों से बिजली नहीं है, ट्रांसफार्मर जल गया है।",electricity,stable_electricity,electricity,power_cut,OFF-ELE01,Resolved,2026-09-13,2026-09-16,6,yes
DEMO00358,2026-09-10,East Zone,West Bengal,Puruliya,Barabazar,voice,bn,"অনেক দিন ধরে বিদ্যুৎ নেই, ট্রান্সফরমার পুড়ে গেছে।",electricity,background,electricity,power_cut,OFF-ELE01,Resolved,2026-09-13,2026-09-11,1,yes
DEMO00359,2026-09-11,South Zone,Andhra Pradesh,Chittoor,Nagari,text,te,పాఠశాలకు ఉపాధ్యాయులు సక్రమంగా రావడం లేదు.,education,background,education,teacher_absent,OFF-EDU01,Resolved,2026-09-26,2026-09-22,11,yes
DEMO00360,2026-09-11,Northeast Zone,Assam,Golaghat,Numaligarh Refinery Township,text,en,Water is not coming in the tap for many days.,water,background,water,no_supply,OFF-WAT01,Resolved,2026-09-18,2026-09-16,5,yes
DEMO00361,2026-09-11,East Zone,Bihar,Madhepura,Murliganj,voice,en,There is no doctor at the health centre and no medicine.,health,background,health,no_doctor_medicine,OFF-HEA01,Pending,2026-09-14,,,yes
DEMO00362,2026-09-11,Central Zone,Chhattisgarh,Bilaspur,Bilaspur,text,cg,"अस्पताल म डाक्टर नइ हे, दवई घलो नइ मिलत।",health,cluster_health,health,no_doctor_medicine,OFF-HEA01,Resolved,2026-09-14,2026-09-12,1,yes
DEMO00363,2026-09-11,Central Zone,Chhattisgarh,Mahasamund,Bagbahara,text,cg,मोर वृद्धावस्था पेंशन कतको महीना ले नइ मिले हे।,pension,background,pension,pension_not_received,OFF-PEN01,Resolved,2026-09-26,2026-09-23,12,yes
DEMO00364,2026-09-11,Central Zone,Chhattisgarh,Raipur,Arang,text,hi,कई दिनों से नल में पानी नहीं आ रहा है।,water,spike_water,water,no_supply,OFF-WAT01,Resolved,2026-09-18,2026-09-16,5,yes
DEMO00365,2026-09-11,Central Zone,Chhattisgarh,Raipur,Bhanpuri,voice,cg,"हमर गाँव के हैंडपंप खराब हवय, पीए बर पानी नइ हे।",water,spike_water,water,handpump,OFF-WAT01,Resolved,2026-09-18,2026-09-14,3,yes
DEMO00366,2026-09-11,Central Zone,Chhattisgarh,Raipur,Birgaon,voice,cg,कतको दिन ले नल म पानी नइ आवत हे।,water,spike_water,water,no_supply,OFF-WAT01,Resolved,2026-09-18,2026-09-17,6,yes
DEMO00367,2026-09-11,Central Zone,Chhattisgarh,Raipur,Raipur,voice,cg,कतको दिन ले नल म पानी नइ आवत हे।,water,spike_water,water,no_supply,OFF-WAT01,Pending,2026-09-18,,,yes
DEMO00368,2026-09-11,North Zone,Delhi,East,Dallo Pura,text,hinglish,The ration dealer asked for a bribe to give my quota.,sensitive,background,police,police_inaction,OFF-SC01,Resolved,2026-09-12,2026-09-12,1,yes
DEMO00369,2026-09-11,West Zone,Gujarat,Jamnagar,Sikka,text,en,The handpump in our village is broken and there is no drinking water.,water,background,water,handpump,OFF-WAT01,Resolved,2026-09-18,2026-09-17,6,yes
DEMO00370,2026-09-11,West Zone,Gujarat,Kheda,Kapadvanj,voice,gu,રેશનની દુકાનમાં મારા રેશનકાર્ડ પર ચોખા આપતા નથી.,ration,background,ration,ration_not_given,OFF-RAT01,Pending,2026-09-18,,,yes
DEMO00371,2026-09-11,West Zone,Gujarat,Vadodara,Bodeli,voice,gu,દવાખાનામાં ડોક્ટર નથી અને દવા મળતી નથી.,health,background,health,no_doctor_medicine,OFF-HEA01,Resolved,2026-09-14,2026-09-13,2,yes
DEMO00372,2026-09-11,North Zone,Haryana,Gurgaon,Haileymandi,text,hi,राशन दुकान वाला मेरे राशन कार्ड पर चावल नहीं दे रहा है।,ration,background,ration,ration_not_given,OFF-RAT01,Pending,2026-09-18,,,yes
DEMO00373,2026-09-11,North Zone,Haryana,Jhajjar,Ladrawan,text,hi,कई दिनों से नल में पानी नहीं आ रहा है।,water,background,water,no_supply,OFF-WAT01,Resolved,2026-09-18,2026-09-13,2,yes
DEMO00374,2026-09-11,North Zone,Haryana,Mahendragarh,Ateli,text,hi,हमारे गाँव का हैंडपंप खराब है और पीने का पानी नहीं है।,water,background,water,handpump,OFF-WAT01,Resolved,2026-09-18,2026-09-15,4,yes
DEMO00375,2026-09-11,North Zone,Haryana,Mahendragarh,Mahendragarh,text,hi,सड़क पर बड़े गड्ढे हैं और चलना खतरनाक है।,roads,background,roads,potholes,OFF-ROA01,Resolved,2026-10-02,2026-09-24,13,yes
DEMO00376,2026-09-11,South Zone,Karnataka,Bangalore,Hebbagodi,text,kn,"Nobody is listening to us, please check.",unclear,background,water,handpump,OFF-WAT01,Resolved,2026-09-18,2026-09-14,3,yes
DEMO00377,2026-09-11,South Zone,Karnataka,Chamarajanagar,Gundlupet,text,kn,"ಹಲವು ದಿನಗಳಿಂದ ವಿದ್ಯುತ್ ಇಲ್ಲ, ಟ್ರಾನ್ಸ್ಫಾರ್ಮರ್ ಸುಟ್ಟುಹೋಗಿದೆ.",electricity,background,electricity,power_cut,OFF-ELE01,Pending,2026-09-14,,,yes
DEMO00378,2026-09-11,South Zone,Karnataka,Mysore,Mysore,text,kn,ರಸ್ತೆಯಲ್ಲಿ ದೊಡ್ಡ ಗುಂಡಿಗಳಿವೆ.,roads,background,roads,potholes,OFF-ROA01,Resolved,2026-10-02,2026-09-24,13,yes
DEMO00379,2026-09-11,South Zone,Karnataka,Shimoga,Shikarpur,text,kn,ನನ್ನ ವೃದ್ಧಾಪ್ಯ ಪಿಂಚಣಿ ಹಲವು ತಿಂಗಳಿಂದ ಬಂದಿಲ್ಲ.,pension,background,pension,pension_not_received,OFF-PEN01,Resolved,2026-09-26,2026-09-20,9,yes
DEMO00380,2026-09-11,South Zone,Kerala,Kozhikode,Pantheeramkavu,text,ml,"ഞങ്ങളുടെ ഗ്രാമത്തിലെ പൈപ്പ് കേടായി, കുടിവെള്ളം ഇല്ല.",water,background,water,handpump,OFF-WAT01,Resolved,2026-09-18,2026-09-13,2,yes
DEMO00381,2026-09-11,Central Zone,Madhya Pradesh,Chhindwara,Jamai,text,hi,स्कूल में शिक्षक नियमित रूप से नहीं आते हैं।,education,background,education,teacher_absent,OFF-EDU01,Resolved,2026-09-26,2026-09-20,9,yes
DEMO00382,2026-09-11,Central Zone,Madhya Pradesh,Gwalior,Antari,text,en,"There is no electricity for many days, the transformer is burnt.",electricity,background,electricity,power_cut,OFF-ELE01,Resolved,2026-09-14,2026-09-12,1,yes
DEMO00383,2026-09-11,Central Zone,Madhya Pradesh,Rajgarh,Narsinghgarh,text,hinglish,"Kai din se paani nahi aa raha, nal sukha hai.",water,background,water,no_supply,OFF-WAT01,Resolved,2026-09-18,2026-09-14,3,yes
DEMO00384,2026-09-11,Central Zone,Madhya Pradesh,Ratlam,Ratlam Rly. Colony (Ratlam Kasba),text,hinglish,Ration dukan wala chawal nahi de raha.,ration,background,ration,ration_not_given,OFF-RAT01,Pending,2026-09-18,,,yes
DEMO00385,2026-09-11,West Zone,Maharashtra,Buldana,Mehkar,text,mr,रेशन दुकानदार माझ्या रेशन कार्डवर तांदूळ देत नाही.,ration,background,ration,ration_not_given,OFF-RAT01,Resolved,2026-09-18,2026-09-19,8,yes
DEMO00386,2026-09-11,Northeast Zone,Manipur,Thoubal,Kakching Khunou,text,hi,स्कूल में शिक्षक नियमित रूप से नहीं आते हैं।,education,background,education,teacher_absent,OFF-EDU01,Resolved,2026-09-26,2026-09-16,5,yes
DEMO00387,2026-09-11,East Zone,Odisha,Cuttack,Charibatia,text,or,The ration dealer asked for a bribe to give my quota.,sensitive,background,police,police_inaction,OFF-SC01,Resolved,2026-09-12,2026-09-12,1,yes
DEMO00388,2026-09-11,East Zone,Odisha,Dhenkanal,Kamakshyanagar,text,or,The ration dealer asked for a bribe to give my quota.,sensitive,background,police,police_inaction,OFF-SC01,Resolved,2026-09-12,2026-09-12,1,yes
DEMO00389,2026-09-11,East Zone,Odisha,Koraput,Kotpad,voice,or,ମୋର ବାର୍ଦ୍ଧକ୍ୟ ଭତ୍ତା କିଛି ମାସ ହେଲା ମିଳିନାହିଁ।,pension,background,pension,pension_not_received,OFF-PEN01,Resolved,2026-09-26,2026-09-21,10,yes
DEMO00390,2026-09-11,North Zone,Punjab,Bathinda,Bathinda,text,pa,ਹਸਪਤਾਲ ਵਿੱਚ ਡਾਕਟਰ ਨਹੀਂ ਹੈ ਅਤੇ ਦਵਾਈ ਨਹੀਂ ਮਿਲਦੀ।,health,background,health,no_doctor_medicine,OFF-HEA01,Resolved,2026-09-14,2026-09-12,1,yes
DEMO00391,2026-09-11,North Zone,Punjab,Kapurthala,Phagwara,text,pa,"ਕਈ ਦਿਨਾਂ ਤੋਂ ਬਿਜਲੀ ਨਹੀਂ ਹੈ, ਟਰਾਂਸਫਾਰਮਰ ਸੜ ਗਿਆ ਹੈ।",electricity,background,electricity,power_cut,OFF-ELE01,Resolved,2026-09-14,2026-09-18,7,yes
DEMO00392,2026-09-11,North Zone,Rajasthan,Banswara,Kushalgarh,text,hi,हमारे गाँव का हैंडपंप खराब है और पीने का पानी नहीं है।,water,background,water,handpump,OFF-WAT01,Resolved,2026-09-18,2026-09-17,6,yes
DEMO00393,2026-09-11,North Zone,Rajasthan,Baran,Antah,text,hinglish,Meri vridha pension kai mahine se band hai.,pension,background,pension,pension_not_received,OFF-PEN01,Resolved,2026-09-26,2026-09-20,9,yes
DEMO00394,2026-09-11,North Zone,Rajasthan,Bharatpur,Kumher,text,hinglish,The ration dealer asked for a bribe to give my quota.,sensitive,background,police,police_inaction,OFF-SC01,Resolved,2026-09-12,2026-09-12,1,yes
DEMO00395,2026-09-11,North Zone,Rajasthan,Bhilwara,Jahazpur,text,hi,हमारे गाँव का हैंडपंप खराब है और पीने का पानी नहीं है।,water,background,water,handpump,OFF-WAT01,Resolved,2026-09-18,2026-09-13,2,yes
DEMO00396,2026-09-11,North Zone,Rajasthan,Ganganagar,Raisinghnagar,text,hinglish,"Nobody is listening to us, please check.",unclear,background,health,ambulance,OFF-HEA01,Resolved,2026-09-14,2026-09-13,2,yes
DEMO00397,2026-09-11,North Zone,Rajasthan,Ganganagar,Vijainagar,voice,hi,स्कूल में शिक्षक नियमित रूप से नहीं आते हैं।,education,background,education,teacher_absent,OFF-EDU01,Resolved,2026-09-26,2026-09-27,16,yes
DEMO00398,2026-09-11,North Zone,Rajasthan,Pali,Sojat Road,text,hi,"मेरा काम नहीं हो रहा, कोई सुनता नहीं है।",unclear,background,pension,pension_not_received,OFF-PEN01,Resolved,2026-09-26,2026-09-25,14,yes
DEMO00399,2026-09-11,South Zone,Tamil Nadu,Thiruvallur,Kattivakkam,text,ta,"சாலையில் பெரிய குழிகள் உள்ளன, பயணம் ஆபத்தானது.",roads,background,roads,potholes,OFF-ROA01,Resolved,2026-10-02,2026-09-20,9,yes
DEMO00400,2026-09-11,South Zone,Tamil Nadu,Vellore,Vilapakkam,text,ta,பள்ளிக்கு ஆசிரியர் தொடர்ந்து வருவதில்லை.,education,background,education,teacher_absent,OFF-EDU01,Resolved,2026-09-26,2026-09-18,7,yes
DEMO00401,2026-09-11,Northeast Zone,Tripura,West Tripura,Narsingarh,text,hi,"कई दिनों से बिजली नहीं है, ट्रांसफार्मर जल गया है।",electricity,background,electricity,power_cut,OFF-ELE01,Resolved,2026-09-14,2026-09-13,2,yes
DEMO00402,2026-09-11,Central Zone,Uttar Pradesh,Baghpat,Baghpat,text,hi,"मेरा काम नहीं हो रहा, कोई सुनता नहीं है।",unclear,background,electricity,transformer,OFF-ELE01,Resolved,2026-09-14,2026-09-15,4,yes
DEMO00403,2026-09-11,Central Zone,Uttar Pradesh,Gonda,Nawabganj,text,en,"There is no electricity for many days, the transformer is burnt.",electricity,background,electricity,power_cut,OFF-ELE01,Resolved,2026-09-14,2026-09-13,2,yes
DEMO00404,2026-09-11,Central Zone,Uttar Pradesh,Sonbhadra,Renukoot,voice,hi,हमारे गाँव का हैंडपंप खराब है और पीने का पानी नहीं है।,water,background,water,handpump,OFF-WAT01,Pending,2026-09-18,,,yes
DEMO00405,2026-09-11,Central Zone,Uttar Pradesh,Unnao,Bhagwant Nagar,text,hi,हमारे गाँव का हैंडपंप खराब है और पीने का पानी नहीं है।,water,background,water,handpump,OFF-WAT01,Resolved,2026-09-18,2026-09-17,6,yes
DEMO00406,2026-09-11,Central Zone,Uttarakhand,Champawat,Tanakpur,voice,hi,राशन दुकान वाला मेरे राशन कार्ड पर चावल नहीं दे रहा है।,ration,background,ration,ration_not_given,OFF-RAT01,Resolved,2026-09-18,2026-09-19,8,yes
DEMO00407,2026-09-11,Central Zone,Uttarakhand,Tehri Garhwal,Dhaluwala,text,hi,सड़क पर बड़े गड्ढे हैं और चलना खतरनाक है।,roads,background,roads,potholes,OFF-ROA01,Resolved,2026-10-02,2026-09-18,7,yes
DEMO00408,2026-09-11,East Zone,West Bengal,Birbhum,Suri,text,bn,"রাস্তায় বড় বড় গর্ত, চলাচল বিপজ্জনক।",roads,background,roads,potholes,OFF-ROA01,Resolved,2026-10-02,2026-09-19,8,yes
DEMO00409,2026-09-11,East Zone,West Bengal,Koch Bihar,Guriahati,text,bn,অনেক দিন ধরে কলে পানীয় জল আসছে না।,water,background,water,no_supply,OFF-WAT01,Resolved,2026-09-18,2026-09-19,8,yes
DEMO00410,2026-09-11,East Zone,West Bengal,Maldah,Aiho,text,hi,सड़क पर बड़े गड्ढे हैं और चलना खतरनाक है।,roads,background,roads,potholes,OFF-ROA01,Resolved,2026-10-02,2026-10-01,20,yes
DEMO00411,2026-09-11,East Zone,West Bengal,North Twentyfour Parganas,Nebadhai Duttapukur,text,hi,"कई दिनों से बिजली नहीं है, ट्रांसफार्मर जल गया है।",electricity,stable_electricity,electricity,power_cut,OFF-ELE01,Resolved,2026-09-14,2026-09-13,2,yes
DEMO00412,2026-09-11,East Zone,West Bengal,North Twentyfour Parganas,Sadpur,text,bn,"অনেক দিন ধরে বিদ্যুৎ নেই, ট্রান্সফরমার পুড়ে গেছে।",electricity,stable_electricity,electricity,power_cut,OFF-ELE01,Resolved,2026-09-14,2026-09-13,2,yes
DEMO00413,2026-09-12,South Zone,Andhra Pradesh,Anantapur,Gooty,text,te,"చాలా రోజులుగా కరెంటు లేదు, ట్రాన్స్ఫార్మర్ కాలిపోయింది.",electricity,background,electricity,power_cut,OFF-ELE01,Resolved,2026-09-15,2026-09-14,2,yes
DEMO00414,2026-09-12,South Zone,Andhra Pradesh,Anantapur,Rayadurg,text,te,రేషన్ డీలర్ నా కార్డుపై బియ్యం ఇవ్వడం లేదు.,ration,background,ration,ration_not_given,OFF-RAT01,Resolved,2026-09-19,2026-09-14,2,yes
DEMO00415,2026-09-12,South Zone,Andhra Pradesh,Guntur,Chilakaluripet,text,te,నా వృద్ధాప్య పింఛన్ చాలా నెలలుగా రాలేదు.,pension,background,pension,pension_not_received,OFF-PEN01,Resolved,2026-09-27,2026-09-25,13,yes
DEMO00416,2026-09-12,Northeast Zone,Assam,Sibsagar,Sonari,text,as,"বহুদিন ধৰি বিদ্যুৎ নাই, ট্ৰান্সফৰ্মাৰ জ্বলি গৈছে।",electricity,background,electricity,power_cut,OFF-ELE01,Resolved,2026-09-15,2026-09-13,1,yes
DEMO00417,2026-09-12,East Zone,Bihar,Jehanabad,Jehanabad,text,hi,पड़ोसी ने मेरे साथ मारपीट की और धमकी दी।,sensitive,background,police,police_inaction,OFF-SC01,Resolved,2026-09-13,2026-09-13,1,yes
DEMO00418,2026-09-12,Central Zone,Chhattisgarh,Dantewada,Bade Bacheli,text,cg,मोर वृद्धावस्था पेंशन कतको महीना ले नइ मिले हे।,pension,background,pension,pension_not_received,OFF-PEN01,Resolved,2026-09-27,2026-09-20,8,yes
DEMO00419,2026-09-12,Central Zone,Chhattisgarh,Koriya,Chirmiri,text,cg,राशन दुकान वाला मोर राशन कार्ड म चाउर नइ देवत हे।,ration,background,ration,ration_not_given,OFF-RAT01,Resolved,2026-09-19,2026-09-18,6,yes
DEMO00420,2026-09-12,Central Zone,Chhattisgarh,Raipur,Simga,text,cg,कतको दिन ले नल म पानी नइ आवत हे।,water,spike_water,water,no_supply,OFF-WAT01,Resolved,2026-09-19,2026-09-16,4,yes
DEMO00421,2026-09-12,West Zone,Dadra and Nagar Haveli and Daman and Diu,Dadra & Nagar Haveli,Silvassa,text,gu,"અમારા ગામનો હેન્ડપંપ બગડી ગયો છે, પીવાનું પાણી નથી.",water,background,water,handpump,OFF-WAT01,Resolved,2026-09-19,2026-09-17,5,yes
DEMO00422,2026-09-12,West Zone,Gujarat,Bharuch,Bharuch,text,en,The teacher does not come to the school regularly.,education,background,education,teacher_absent,OFF-EDU01,Resolved,2026-09-27,2026-09-17,5,yes
DEMO00423,2026-09-12,West Zone,Gujarat,Surat,Chhaprabhatha,text,hi,स्वास्थ्य केंद्र में डॉक्टर नहीं है और दवाई नहीं मिलती।,health,background,health,no_doctor_medicine,OFF-HEA01,Resolved,2026-09-15,2026-09-22,10,yes
DEMO00424,2026-09-12,West Zone,Gujarat,Valsad,Mogravadi,text,gu,રેશનની દુકાનમાં મારા રેશનકાર્ડ પર ચોખા આપતા નથી.,ration,background,ration,ration_not_given,OFF-RAT01,Resolved,2026-09-19,2026-09-17,5,yes
DEMO00425,2026-09-12,North Zone,Haryana,Jind,Jind,text,en,My old age pension has not been received for months.,pension,background,pension,pension_not_received,OFF-PEN01,Resolved,2026-09-27,2026-09-21,9,yes
DEMO00426,2026-09-12,North Zone,Haryana,Kaithal,Cheeka,text,en,"There is no electricity for many days, the transformer is burnt.",electricity,background,electricity,power_cut,OFF-ELE01,Resolved,2026-09-15,2026-09-18,6,yes
DEMO00427,2026-09-12,North Zone,Himachal Pradesh,Chamba,Chuari Khas,voice,hi,स्वास्थ्य केंद्र में डॉक्टर नहीं है और दवाई नहीं मिलती।,health,background,health,no_doctor_medicine,OFF-HEA01,Resolved,2026-09-15,2026-09-13,1,yes
DEMO00428,2026-09-12,North Zone,Jammu & Kashmir,Kathua,Billawar,text,ur,سڑک پر بڑے گڑھے ہیں۔,roads,background,roads,potholes,OFF-ROA01,Resolved,2026-10-03,2026-09-25,13,yes
DEMO00429,2026-09-12,East Zone,Jharkhand,Dhanbad,Topchanchi,text,hi,मेरी वृद्धावस्था पेंशन कई महीनों से नहीं मिली है।,pension,background,pension,pension_not_received,OFF-PEN01,Resolved,2026-09-27,2026-10-03,21,yes
DEMO00430,2026-09-12,South Zone,Karnataka,Bijapur,Bijapur,text,hinglish,Ration dukan wala chawal nahi de raha.,ration,background,ration,ration_not_given,OFF-RAT01,Resolved,2026-09-19,2026-09-16,4,yes
DEMO00431,2026-09-12,South Zone,Karnataka,Davanagere,Harpanahalli,text,kn,"ಆಸ್ಪತ್ರೆಯಲ್ಲಿ ವೈದ್ಯರಿಲ್ಲ, ಔಷಧ ಸಿಗುತ್ತಿಲ್ಲ.",health,background,health,no_doctor_medicine,OFF-HEA01,Resolved,2026-09-15,2026-09-13,1,yes
DEMO00432,2026-09-12,South Zone,Karnataka,Dharwad,Hubli-Dharwad,text,en,The ration shop dealer is not giving rice on my ration card.,ration,background,ration,ration_not_given,OFF-RAT01,Resolved,2026-09-19,2026-09-20,8,yes
DEMO00433,2026-09-12,South Zone,Karnataka,Koppal,Munirabad Project Area,text,kn,ಶಾಲೆಗೆ ಶಿಕ್ಷಕರು ನಿಯಮಿತವಾಗಿ ಬರುತ್ತಿಲ್ಲ.,education,background,education,teacher_absent,OFF-EDU01,Resolved,2026-09-27,2026-09-20,8,yes
DEMO00434,2026-09-12,South Zone,Karnataka,Mysore,Bannur,text,hi,सड़क पर बड़े गड्ढे हैं और चलना खतरनाक है।,roads,background,roads,potholes,OFF-ROA01,Resolved,2026-10-03,2026-09-25,13,yes
DEMO00435,2026-09-12,South Zone,Karnataka,Raichur,Mudgal,text,kn,"ಆಸ್ಪತ್ರೆಯಲ್ಲಿ ವೈದ್ಯರಿಲ್ಲ, ಔಷಧ ಸಿಗುತ್ತಿಲ್ಲ.",health,background,health,no_doctor_medicine,OFF-HEA01,Resolved,2026-09-15,2026-09-13,1,yes
DEMO00436,2026-09-12,South Zone,Kerala,Ernakulam,Kothamangalam,text,en,The ration shop dealer is not giving rice on my ration card.,ration,background,ration,ration_not_given,OFF-RAT01,Resolved,2026-09-19,2026-09-18,6,yes
DEMO00437,2026-09-12,South Zone,Kerala,Ernakulam,Varappuzha,text,en,The ration dealer asked for a bribe to give my quota.,sensitive,background,police,police_inaction,OFF-SC01,Resolved,2026-09-13,2026-09-13,1,yes
DEMO00438,2026-09-12,South Zone,Kerala,Kottayam,Erattupetta,text,ml,സ്കൂൾ അധ്യാപകർ കൃത്യമായി ക്ലാസിൽ വരുന്നില്ല.,education,background,education,teacher_absent,OFF-EDU01,Resolved,2026-09-27,2026-09-25,13,yes
DEMO00439,2026-09-12,Central Zone,Madhya Pradesh,Dhar,Dhamnod,text,hi,स्वास्थ्य केंद्र में डॉक्टर नहीं है और दवाई नहीं मिलती।,health,background,health,no_doctor_medicine,OFF-HEA01,Resolved,2026-09-15,2026-09-13,1,yes
DEMO00440,2026-09-12,Central Zone,Madhya Pradesh,East Nimar,Mundi,text,hi,सड़क पर बड़े गड्ढे हैं और चलना खतरनाक है।,roads,background,roads,potholes,OFF-ROA01,Pending,2026-10-03,,,yes
DEMO00441,2026-09-12,Central Zone,Madhya Pradesh,Mandsaur,Piplya Mandi,text,hi,सड़क पर बड़े गड्ढे हैं और चलना खतरनाक है।,roads,background,roads,potholes,OFF-ROA01,Pending,2026-10-03,,,yes
DEMO00442,2026-09-12,Central Zone,Madhya Pradesh,Sheopur,Sheopur,text,hi,"कई दिनों से बिजली नहीं है, ट्रांसफार्मर जल गया है।",electricity,background,electricity,power_cut,OFF-ELE01,Resolved,2026-09-15,2026-09-13,1,yes
DEMO00443,2026-09-12,West Zone,Maharashtra,Aurangabad,Sillod,text,hinglish,School mein teacher nahi aate.,education,background,education,teacher_absent,OFF-EDU01,Resolved,2026-09-27,2026-09-22,10,yes
DEMO00444,2026-09-12,West Zone,Maharashtra,Bid,Ambejogai,text,mr,"आमच्या गावातील हातपंप बंद आहे, पिण्याचे पाणी नाही.",water,background,water,handpump,OFF-WAT01,Resolved,2026-09-19,2026-09-16,4,yes
DEMO00445,2026-09-12,West Zone,Maharashtra,Hingoli,Kalamnuri,text,mr,रेशन दुकानदार माझ्या रेशन कार्डवर तांदूळ देत नाही.,ration,background,ration,ration_not_given,OFF-RAT01,Pending,2026-09-19,,,yes
DEMO00446,2026-09-12,West Zone,Maharashtra,Yavatmal,Darwha,voice,mr,"Nobody is listening to us, please check.",unclear,background,pension,pension_not_received,OFF-PEN01,Resolved,2026-09-27,2026-09-21,9,yes
DEMO00447,2026-09-12,Northeast Zone,Manipur,Imphal East,Porompat,text,en,My old age pension has not been received for months.,pension,background,pension,pension_not_received,OFF-PEN01,Resolved,2026-09-27,2026-10-01,19,yes
DEMO00448,2026-09-12,Northeast Zone,Manipur,Imphal West,Sekmai Bazar,text,en,My old age pension has not been received for months.,pension,background,pension,pension_not_received,OFF-PEN01,Resolved,2026-09-27,2026-09-18,6,yes
DEMO00449,2026-09-12,Northeast Zone,Meghalaya,West Khasi Hills,Nongstoin,text,en,The teacher does not come to the school regularly.,education,background,education,teacher_absent,OFF-EDU01,Resolved,2026-09-27,2026-09-21,9,yes
DEMO00450,2026-09-12,East Zone,Odisha,Anugul,Ghantapada,text,or,"Nobody is listening to us, please check.",unclear,background,electricity,transformer,OFF-ELE01,Resolved,2026-09-15,2026-09-23,11,yes
DEMO00451,2026-09-12,East Zone,Odisha,Anugul,Rengali Dam Projectship,text,or,The ration dealer asked for a bribe to give my quota.,sensitive,background,police,police_inaction,OFF-SC01,Resolved,2026-09-13,2026-09-22,10,yes
DEMO00452,2026-09-12,East Zone,Odisha,Jagatsinghapur,Jagatsinghapur,text,or,The ration dealer asked for a bribe to give my quota.,sensitive,background,police,police_inaction,OFF-SC01,Resolved,2026-09-13,2026-09-18,6,yes
DEMO00453,2026-09-12,North Zone,Punjab,Amritsar,Rajasansi,text,pa,"ਕਈ ਦਿਨਾਂ ਤੋਂ ਬਿਜਲੀ ਨਹੀਂ ਹੈ, ਟਰਾਂਸਫਾਰਮਰ ਸੜ ਗਿਆ ਹੈ।",electricity,background,electricity,power_cut,OFF-ELE01,Resolved,2026-09-15,2026-09-13,1,yes
DEMO00454,2026-09-12,North Zone,Punjab,Fatehgarh Sahib,Sirhind -Fategarh,voice,pa,"ਕਈ ਦਿਨਾਂ ਤੋਂ ਬਿਜਲੀ ਨਹੀਂ ਹੈ, ਟਰਾਂਸਫਾਰਮਰ ਸੜ ਗਿਆ ਹੈ।",electricity,background,electricity,power_cut,OFF-ELE01,Resolved,2026-09-15,2026-09-13,1,yes
DEMO00455,2026-09-12,North Zone,Punjab,Rupnagar,S.A.S. Nagar (Mohali),text,pa,"ਕਈ ਦਿਨਾਂ ਤੋਂ ਬਿਜਲੀ ਨਹੀਂ ਹੈ, ਟਰਾਂਸਫਾਰਮਰ ਸੜ ਗਿਆ ਹੈ।",electricity,background,electricity,power_cut,OFF-ELE01,Resolved,2026-09-15,2026-09-14,2,yes
DEMO00456,2026-09-12,North Zone,Rajasthan,Jhunjhunun,Gothra,text,hi,"कई दिनों से बिजली नहीं है, ट्रांसफार्मर जल गया है।",electricity,background,electricity,power_cut,OFF-ELE01,Resolved,2026-09-15,2026-09-14,2,yes
DEMO00457,2026-09-12,North Zone,Rajasthan,Udaipur,Kherwara Chhaoni,text,en,My old age pension has not been received for months.,pension,background,pension,pension_not_received,OFF-PEN01,Resolved,2026-09-27,2026-09-24,12,yes
DEMO00458,2026-09-12,North Zone,Rajasthan,Udaipur,Udaipur,text,hi,स्वास्थ्य केंद्र में डॉक्टर नहीं है और दवाई नहीं मिलती।,health,background,health,no_doctor_medicine,OFF-HEA01,Resolved,2026-09-15,2026-09-13,1,yes
DEMO00459,2026-09-12,South Zone,Tamil Nadu,Kanniyakumari,Ezhudesam,text,ta,"சாலையில் பெரிய குழிகள் உள்ளன, பயணம் ஆபத்தானது.",roads,background,roads,potholes,OFF-ROA01,Resolved,2026-10-03,2026-09-27,15,yes
DEMO00460,2026-09-12,South Zone,Tamil Nadu,Thanjavur,Perumandi,voice,ta,The ration dealer asked for a bribe to give my quota.,sensitive,background,police,police_inaction,OFF-SC01,Pending,2026-09-13,,,yes
DEMO00461,2026-09-12,South Zone,Tamil Nadu,Thiruvallur,Pallipattu,text,ta,"Nobody is listening to us, please check.",unclear,background,roads,bridge,OFF-ROA01,Resolved,2026-10-03,2026-09-25,13,yes
DEMO00462,2026-09-12,South Zone,Tamil Nadu,Virudhunagar,Rajapalayam,text,en,The ration shop dealer is not giving rice on my ration card.,ration,background,ration,ration_not_given,OFF-RAT01,Resolved,2026-09-19,2026-09-16,4,yes
DEMO00463,2026-09-12,Northeast Zone,Tripura,West Tripura,Indranagar,text,bn,অনেক দিন ধরে কলে পানীয় জল আসছে না।,water,background,water,no_supply,OFF-WAT01,Pending,2026-09-19,,,yes
DEMO00464,2026-09-12,Central Zone,Uttar Pradesh,Aligarh,Iglas,text,hi,मेरी वृद्धावस्था पेंशन कई महीनों से नहीं मिली है।,pension,background,pension,pension_not_received,OFF-PEN01,Resolved,2026-09-27,2026-10-02,20,yes
DEMO00465,2026-09-12,Central Zone,Uttar Pradesh,Aligarh,Qasimpur Power House Colony,voice,hi,स्कूल में शिक्षक नियमित रूप से नहीं आते हैं।,education,background,education,teacher_absent,OFF-EDU01,Resolved,2026-09-27,2026-09-19,7,yes
DEMO00466,2026-09-12,Central Zone,Uttar Pradesh,Azamgarh,Ibrahimpur,text,hi,"कई दिनों से बिजली नहीं है, ट्रांसफार्मर जल गया है।",electricity,background,electricity,power_cut,OFF-ELE01,Pending,2026-09-15,,,yes
DEMO00467,2026-09-12,Central Zone,Uttar Pradesh,Faizabad,Faizabad,text,hinglish,School mein teacher nahi aate.,education,background,education,teacher_absent,OFF-EDU01,Pending,2026-09-27,,,yes
DEMO00468,2026-09-12,Central Zone,Uttar Pradesh,Jalaun,Kadaura,voice,hi,राशन दुकान वाला मेरे राशन कार्ड पर चावल नहीं दे रहा है।,ration,background,ration,ration_not_given,OFF-RAT01,Resolved,2026-09-19,2026-09-18,6,yes
DEMO00469,2026-09-12,Central Zone,Uttar Pradesh,Jaunpur,Shahganj,text,hinglish,Ration dukan wala chawal nahi de raha.,ration,background,ration,ration_not_given,OFF-RAT01,Resolved,2026-09-19,2026-09-16,4,yes
DEMO00470,2026-09-12,Central Zone,Uttar Pradesh,Mathura,Bajna,text,hi,स्वास्थ्य केंद्र में डॉक्टर नहीं है और दवाई नहीं मिलती।,health,background,health,no_doctor_medicine,OFF-HEA01,Resolved,2026-09-15,2026-09-13,1,yes
DEMO00471,2026-09-12,Central Zone,Uttar Pradesh,Varanasi,Kotwa,text,en,There is no doctor at the health centre and no medicine.,health,background,health,no_doctor_medicine,OFF-HEA01,Pending,2026-09-15,,,yes
DEMO00472,2026-09-12,East Zone,West Bengal,Koch Bihar,Dinhata,text,bn,"অনেক দিন ধরে বিদ্যুৎ নেই, ট্রান্সফরমার পুড়ে গেছে।",electricity,background,electricity,power_cut,OFF-ELE01,Resolved,2026-09-15,2026-09-14,2,yes
DEMO00473,2026-09-12,East Zone,West Bengal,North Twentyfour Parganas,Nebadhai Duttapukur,voice,bn,"অনেক দিন ধরে বিদ্যুৎ নেই, ট্রান্সফরমার পুড়ে গেছে।",electricity,stable_electricity,electricity,power_cut,OFF-ELE01,Resolved,2026-09-15,2026-09-13,1,yes
DEMO00474,2026-09-12,East Zone,West Bengal,Uttar Dinajpur,Nachhratpur Katabari,voice,bn,অনেক দিন ধরে কলে পানীয় জল আসছে না।,water,background,water,no_supply,OFF-WAT01,Pending,2026-09-19,,,yes
DEMO00475,2026-09-13,South Zone,Andhra Pradesh,Krishna,Gudivada,text,en,My old age pension has not been received for months.,pension,background,pension,pension_not_received,OFF-PEN01,Resolved,2026-09-28,2026-09-20,7,yes
DEMO00476,2026-09-13,East Zone,Bihar,Lakhisarai,Lakhisarai,text,en,The teacher does not come to the school regularly.,education,background,education,teacher_absent,OFF-EDU01,Resolved,2026-09-28,2026-10-03,20,yes
DEMO00477,2026-09-13,East Zone,Bihar,Saharsa,Saharsa,text,en,The handpump in our village is broken and there is no drinking water.,water,background,water,handpump,OFF-WAT01,Resolved,2026-09-20,2026-09-18,5,yes
DEMO00478,2026-09-13,East Zone,Bihar,Sheikhpura,Barbigha,text,hinglish,My neighbour beat me and threatened me.,sensitive,background,police,police_inaction,OFF-SC01,Resolved,2026-09-14,2026-09-14,1,yes
DEMO00479,2026-09-13,East Zone,Bihar,Supaul,Birpur,text,hi,मेरी वृद्धावस्था पेंशन कई महीनों से नहीं मिली है।,pension,background,pension,pension_not_received,OFF-PEN01,Resolved,2026-09-28,2026-10-03,20,yes
DEMO00480,2026-09-13,Central Zone,Chhattisgarh,Bilaspur,Bilaspur,text,hi,स्वास्थ्य केंद्र में डॉक्टर नहीं है और दवाई नहीं मिलती।,health,cluster_health,health,no_doctor_medicine,OFF-HEA01,Resolved,2026-09-16,2026-09-14,1,yes
DEMO00481,2026-09-13,Central Zone,Chhattisgarh,Bilaspur,Bilaspur,text,hi,स्वास्थ्य केंद्र में डॉक्टर नहीं है और दवाई नहीं मिलती।,health,cluster_health,health,no_doctor_medicine,OFF-HEA01,Resolved,2026-09-16,2026-09-23,10,yes
DEMO00482,2026-09-13,Central Zone,Chhattisgarh,Bilaspur,Bilaspur,voice,hi,स्वास्थ्य केंद्र में डॉक्टर नहीं है और दवाई नहीं मिलती।,health,cluster_health,health,no_doctor_medicine,OFF-HEA01,Resolved,2026-09-16,2026-09-15,2,yes
DEMO00483,2026-09-13,Central Zone,Chhattisgarh,Bilaspur,Bilaspur,voice,hi,कई दिनों से नल में पानी नहीं आ रहा है।,water,background,water,no_supply,OFF-WAT01,Pending,2026-09-20,,,yes
DEMO00484,2026-09-13,Central Zone,Chhattisgarh,Raipur,Baloda Bazar,voice,cg,"हमर गाँव के हैंडपंप खराब हवय, पीए बर पानी नइ हे।",water,spike_water,water,handpump,OFF-WAT01,Resolved,2026-09-20,2026-09-17,4,yes
DEMO00485,2026-09-13,Central Zone,Chhattisgarh,Raipur,Baloda Bazar,text,cg,कतको दिन ले नल म पानी नइ आवत हे।,water,spike_water,water,no_supply,OFF-WAT01,Resolved,2026-09-20,2026-09-19,6,yes
DEMO00486,2026-09-13,Central Zone,Chhattisgarh,Raipur,Birgaon,text,cg,"हमर गाँव के हैंडपंप खराब हवय, पीए बर पानी नइ हे।",water,spike_water,water,handpump,OFF-WAT01,Resolved,2026-09-20,2026-09-22,9,yes
DEMO00487,2026-09-13,Central Zone,Chhattisgarh,Raipur,Birgaon,voice,cg,कतको दिन ले नल म पानी नइ आवत हे।,water,spike_water,water,no_supply,OFF-WAT01,Resolved,2026-09-20,2026-09-17,4,yes
DEMO00488,2026-09-13,Central Zone,Chhattisgarh,Raipur,Gogaon,text,cg,Hamaar gaon ke handpump kai din se kharab hai.,water,spike_water,water,handpump,OFF-WAT01,Resolved,2026-09-20,2026-09-17,4,yes
DEMO00489,2026-09-13,Central Zone,Chhattisgarh,Raipur,Gogaon,voice,cg,कतको दिन ले नल म पानी नइ आवत हे।,water,spike_water,water,no_supply,OFF-WAT01,Resolved,2026-09-20,2026-09-28,15,yes
DEMO00490,2026-09-13,Central Zone,Chhattisgarh,Raipur,Raipur,text,cg,कतको दिन ले नल म पानी नइ आवत हे।,water,spike_water,water,no_supply,OFF-WAT01,Resolved,2026-09-20,2026-09-15,2,yes
DEMO00491,2026-09-13,Central Zone,Chhattisgarh,Raipur,Simga,text,hi,कई दिनों से नल में पानी नहीं आ रहा है।,water,spike_water,water,no_supply,OFF-WAT01,Resolved,2026-09-20,2026-09-15,2,yes
DEMO00492,2026-09-13,Central Zone,Chhattisgarh,Raipur,Tilda Newra,text,cg,हमर पारा के हैंडपंप बंद हवय।,water,spike_water,water,handpump,OFF-WAT01,Resolved,2026-09-20,2026-09-17,4,yes
DEMO00493,2026-09-13,Central Zone,Chhattisgarh,Raipur,Tilda Newra,voice,cg,कतको दिन ले नल म पानी नइ आवत हे।,water,spike_water,water,no_supply,OFF-WAT01,Pending,2026-09-20,,,yes
DEMO00494,2026-09-13,Central Zone,Chhattisgarh,Raipur,Urla,text,cg,"हमर गाँव के हैंडपंप खराब हवय, पीए बर पानी नइ हे।",water,spike_water,water,handpump,OFF-WAT01,Resolved,2026-09-20,2026-09-24,11,yes
DEMO00495,2026-09-13,Central Zone,Chhattisgarh,Rajnandgaon,Chhuikhadan,text,cg,"अस्पताल म डाक्टर नइ हे, दवई घलो नइ मिलत।",health,background,health,no_doctor_medicine,OFF-HEA01,Pending,2026-09-16,,,yes
DEMO00496,2026-09-13,West Zone,Gujarat,Kachchh,Bhuj,text,gu,શાળામાં શિક્ષક નિયમિત આવતા નથી.,education,background,education,teacher_absent,OFF-EDU01,Resolved,2026-09-28,2026-09-22,9,yes
DEMO00497,2026-09-13,West Zone,Gujarat,Mahesana,Kadi,text,gu,દવાખાનામાં ડોક્ટર નથી અને દવા મળતી નથી.,health,background,health,no_doctor_medicine,OFF-HEA01,Resolved,2026-09-16,2026-09-15,2,yes
DEMO00498,2026-09-13,West Zone,Gujarat,Navsari,Vijalpor,text,gu,"ઘણા દિવસથી વીજળી નથી, ટ્રાન્સફોર્મર બળી ગયું છે.",electricity,background,electricity,power_cut,OFF-ELE01,Resolved,2026-09-16,2026-09-20,7,yes
DEMO00499,2026-09-13,West Zone,Gujarat,Sabar Kantha,Meghraj,text,hinglish,Ration dukan wala chawal nahi de raha.,ration,background,ration,ration_not_given,OFF-RAT01,Resolved,2026-09-20,2026-09-17,4,yes
DEMO00500,2026-09-13,North Zone,Haryana,Faridabad,Hodal,text,hi,राशन दुकान वाले ने रिश्वत मांगी।,sensitive,background,police,police_inaction,OFF-SC01,Resolved,2026-09-14,2026-09-14,1,yes
DEMO00501,2026-09-13,North Zone,Haryana,Hisar,Narnaund,voice,hi,स्वास्थ्य केंद्र में डॉक्टर नहीं है और दवाई नहीं मिलती।,health,background,health,no_doctor_medicine,OFF-HEA01,Resolved,2026-09-16,2026-09-15,2,yes
DEMO00502,2026-09-13,North Zone,Jammu & Kashmir,Baramula,Kunzer,text,en,The road has big potholes and is unsafe.,roads,background,roads,potholes,OFF-ROA01,Resolved,2026-10-04,2026-10-03,20,yes
DEMO00503,2026-09-13,North Zone,Jammu & Kashmir,Kathua,Bashohli,text,ur,اسکول میں استاد باقاعدگی سے نہیں آتے۔,education,background,education,teacher_absent,OFF-EDU01,Resolved,2026-09-28,2026-09-26,13,yes
DEMO00504,2026-09-13,East Zone,Jharkhand,Deoghar,Deoghar,text,hi,हमारे गाँव का हैंडपंप खराब है और पीने का पानी नहीं है।,water,background,water,handpump,OFF-WAT01,Resolved,2026-09-20,2026-09-30,17,yes
DEMO00505,2026-09-13,East Zone,Jharkhand,Pashchimi Singhbhum,Noamundi,voice,hi,मेरी वृद्धावस्था पेंशन कई महीनों से नहीं मिली है।,pension,background,pension,pension_not_received,OFF-PEN01,Resolved,2026-09-28,2026-09-27,14,yes
DEMO00506,2026-09-13,East Zone,Jharkhand,Purbi Singhbhum,Gadhra,text,hinglish,Sadak pe bahut gaddhe hai.,roads,background,roads,potholes,OFF-ROA01,Resolved,2026-10-04,2026-09-28,15,yes
DEMO00507,2026-09-13,South Zone,Karnataka,Bagalkot,Jamkhandi,text,kn,"ಆಸ್ಪತ್ರೆಯಲ್ಲಿ ವೈದ್ಯರಿಲ್ಲ, ಔಷಧ ಸಿಗುತ್ತಿಲ್ಲ.",health,background,health,no_doctor_medicine,OFF-HEA01,Resolved,2026-09-16,2026-09-14,1,yes
DEMO00508,2026-09-13,South Zone,Karnataka,Bangalore,Kothnur,text,en,My old age pension has not been received for months.,pension,background,pension,pension_not_received,OFF-PEN01,Pending,2026-09-28,,,yes
DEMO00509,2026-09-13,South Zone,Karnataka,Chamarajanagar,Kollegal,voice,kn,ನನ್ನ ವೃದ್ಧಾಪ್ಯ ಪಿಂಚಣಿ ಹಲವು ತಿಂಗಳಿಂದ ಬಂದಿಲ್ಲ.,pension,background,pension,pension_not_received,OFF-PEN01,Pending,2026-09-28,,,yes
DEMO00510,2026-09-13,South Zone,Karnataka,Hassan,Arkalgud,text,kn,ಪಡಿತರ ಅಂಗಡಿಯಲ್ಲಿ ನನ್ನ ಕಾರ್ಡಿಗೆ ಅಕ್ಕಿ ಕೊಡುತ್ತಿಲ್ಲ.,ration,background,ration,ration_not_given,OFF-RAT01,Resolved,2026-09-20,2026-09-19,6,yes
DEMO00511,2026-09-13,South Zone,Kerala,Kozhikode,Feroke,voice,ml,"പല ദിവസങ്ങളായി വൈദ്യുതി ഇല്ല, ട്രാൻസ്ഫോർമർ കേടായി.",electricity,background,electricity,power_cut,OFF-ELE01,Resolved,2026-09-16,2026-09-15,2,yes
DEMO00512,2026-09-13,South Zone,Kerala,Thiruvananthapuram,Varkala,text,ml,"പല ദിവസങ്ങളായി വൈദ്യുതി ഇല്ല, ട്രാൻസ്ഫോർമർ കേടായി.",electricity,background,electricity,power_cut,OFF-ELE01,Resolved,2026-09-16,2026-09-18,5,yes
DEMO00513,2026-09-13,Central Zone,Madhya Pradesh,Jhabua,Jhabua,text,hi,राशन दुकान वाला मेरे राशन कार्ड पर चावल नहीं दे रहा है।,ration,background,ration,ration_not_given,OFF-RAT01,Pending,2026-09-20,,,yes
DEMO00514,2026-09-13,Central Zone,Madhya Pradesh,Sehore,Ichhawar,voice,hi,राशन दुकान वाले ने रिश्वत मांगी।,sensitive,background,police,police_inaction,OFF-SC01,Pending,2026-09-14,,,yes
DEMO00515,2026-09-13,Central Zone,Madhya Pradesh,Shahdol,Pasan,voice,hi,स्वास्थ्य केंद्र में डॉक्टर नहीं है और दवाई नहीं मिलती।,health,background,health,no_doctor_medicine,OFF-HEA01,Pending,2026-09-16,,,yes
DEMO00516,2026-09-13,Central Zone,Madhya Pradesh,Tikamgarh,Baldeogarh,voice,hi,मेरी वृद्धावस्था पेंशन कई महीनों से नहीं मिली है।,pension,background,pension,pension_not_received,OFF-PEN01,Resolved,2026-09-28,2026-09-26,13,yes
DEMO00517,2026-09-13,West Zone,Maharashtra,Jalgaon,Amalner,voice,mr,अनेक दिवसांपासून नळाला पाणी येत नाही.,water,background,water,no_supply,OFF-WAT01,Resolved,2026-09-20,2026-09-15,2,yes
DEMO00518,2026-09-13,West Zone,Maharashtra,Kolhapur,Murgud,text,mr,"अनेक दिवसांपासून वीज नाही, ट्रान्सफॉर्मर जळाला आहे.",electricity,background,electricity,power_cut,OFF-ELE01,Resolved,2026-09-16,2026-09-25,12,yes
DEMO00519,2026-09-13,West Zone,Maharashtra,Nanded,Biloli,voice,mr,"आमच्या गावातील हातपंप बंद आहे, पिण्याचे पाणी नाही.",water,background,water,handpump,OFF-WAT01,Resolved,2026-09-20,2026-09-18,5,yes
DEMO00520,2026-09-13,West Zone,Maharashtra,Nandurbar,Shahade,text,mr,रेशन दुकानदार माझ्या रेशन कार्डवर तांदूळ देत नाही.,ration,background,ration,ration_not_given,OFF-RAT01,Resolved,2026-09-20,2026-09-25,12,yes
DEMO00521,2026-09-13,West Zone,Maharashtra,Osmanabad,Tuljapur,text,mr,माझे वृद्धापकाळ पेन्शन अनेक महिन्यांपासून मिळाले नाही.,pension,background,pension,pension_not_received,OFF-PEN01,Resolved,2026-09-28,2026-09-18,5,yes
DEMO00522,2026-09-13,West Zone,Maharashtra,Parbhani,Parbhani,text,en,My neighbour beat me and threatened me.,sensitive,background,police,police_inaction,OFF-SC01,Resolved,2026-09-14,2026-09-14,1,yes
DEMO00523,2026-09-13,West Zone,Maharashtra,Thane,Shahapur,text,en,The road has big potholes and is unsafe.,roads,background,roads,potholes,OFF-ROA01,Resolved,2026-10-04,2026-09-19,6,yes
DEMO00524,2026-09-13,East Zone,Odisha,Baudh,Baudhgarh,text,en,"There is no electricity for many days, the transformer is burnt.",electricity,background,electricity,power_cut,OFF-ELE01,Resolved,2026-09-16,2026-09-14,1,yes
DEMO00525,2026-09-13,East Zone,Odisha,Cuttack,Belagachhia,text,en,My neighbour beat me and threatened me.,sensitive,background,police,police_inaction,OFF-SC01,Resolved,2026-09-14,2026-09-14,1,yes
DEMO00526,2026-09-13,East Zone,Odisha,Kandhamal,Phulabani,text,or,"ରାସ୍ତାରେ ବଡ଼ ବଡ଼ ଗାତ, ଚାଲିବା ବିପଦଜନକ।",roads,background,roads,potholes,OFF-ROA01,Resolved,2026-10-04,2026-09-23,10,yes
DEMO00527,2026-09-13,East Zone,Odisha,Sundargarh,Raurkela Industrialship,text,or,ମୋର ବାର୍ଦ୍ଧକ୍ୟ ଭତ୍ତା କିଛି ମାସ ହେଲା ମିଳିନାହିଁ।,pension,background,pension,pension_not_received,OFF-PEN01,Pending,2026-09-28,,,yes
DEMO00528,2026-09-13,North Zone,Punjab,Kapurthala,Bhulath,text,en,"There is no electricity for many days, the transformer is burnt.",electricity,background,electricity,power_cut,OFF-ELE01,Pending,2026-09-16,,,yes
DEMO00529,2026-09-13,North Zone,Rajasthan,Bharatpur,Weir,text,hi,स्वास्थ्य केंद्र में डॉक्टर नहीं है और दवाई नहीं मिलती।,health,background,health,no_doctor_medicine,OFF-HEA01,Resolved,2026-09-16,2026-09-14,1,yes
DEMO00530,2026-09-13,North Zone,Rajasthan,Bhilwara,Beejoliya Kalan,text,hi,मेरी वृद्धावस्था पेंशन कई महीनों से नहीं मिली है।,pension,background,pension,pension_not_received,OFF-PEN01,Pending,2026-09-28,,,yes
DEMO00531,2026-09-13,North Zone,Rajasthan,Hanumangarh,Hanumangarh,text,hinglish,"Bijli nahi hai kai din se, transformer kharab hai.",electricity,background,electricity,transformer,OFF-ELE01,Resolved,2026-09-16,2026-09-14,1,yes
DEMO00532,2026-09-13,North Zone,Rajasthan,Sawai Madhopur,Todra,text,hi,पड़ोसी ने मेरे साथ मारपीट की और धमकी दी।,sensitive,background,police,police_inaction,OFF-SC01,Resolved,2026-09-14,2026-09-14,1,yes
DEMO00533,2026-09-13,South Zone,Tamil Nadu,Pudukkottai,Pudukkottai,text,en,Water is not coming in the tap for many days.,water,background,water,no_supply,OFF-WAT01,Resolved,2026-09-20,2026-09-15,2,yes
DEMO00534,2026-09-13,South Zone,Tamil Nadu,Sivaganga,Tirupathur,text,ta,ரேஷன் கடையில் என் குடும்ப அட்டைக்கு அரிசி கொடுக்கவில்லை.,ration,background,ration,ration_not_given,OFF-RAT01,Resolved,2026-09-20,2026-09-28,15,yes
DEMO00535,2026-09-13,South Zone,Tamil Nadu,Thanjavur,Dharasuram,text,ta,ரேஷன் கடையில் என் குடும்ப அட்டைக்கு அரிசி கொடுக்கவில்லை.,ration,background,ration,ration_not_given,OFF-RAT01,Resolved,2026-09-20,2026-09-19,6,yes
DEMO00536,2026-09-13,South Zone,Tamil Nadu,Thanjavur,Thiruppanandal,text,hinglish,Ration dukan wala chawal nahi de raha.,ration,background,ration,ration_not_given,OFF-RAT01,Resolved,2026-09-20,2026-09-16,3,yes
DEMO00537,2026-09-13,Northeast Zone,Tripura,North Tripura,Kumarghat,text,bn,রেশন ডিলার আমার রেশন কার্ডে চাল দিচ্ছে না।,ration,background,ration,ration_not_given,OFF-RAT01,Resolved,2026-09-20,2026-09-18,5,yes
DEMO00538,2026-09-13,Northeast Zone,Tripura,West Tripura,Gakulnagar,text,bn,"স্বাস্থ্যকেন্দ্রে ডাক্তার নেই, ওষুধও পাওয়া যায় না।",health,background,health,no_doctor_medicine,OFF-HEA01,Resolved,2026-09-16,2026-09-14,1,yes
DEMO00539,2026-09-13,Central Zone,Uttar Pradesh,Azamgarh,Nizamabad,text,hinglish,My neighbour beat me and threatened me.,sensitive,background,police,police_inaction,OFF-SC01,Resolved,2026-09-14,2026-09-18,5,yes
DEMO00540,2026-09-13,Central Zone,Uttar Pradesh,Faizabad,Ayodhya,text,hi,मेरी वृद्धावस्था पेंशन कई महीनों से नहीं मिली है।,pension,background,pension,pension_not_received,OFF-PEN01,Resolved,2026-09-28,2026-09-25,12,yes
DEMO00541,2026-09-13,Central Zone,Uttar Pradesh,Ghaziabad,Ordnance Factory Muradnagar,text,hi,कई दिनों से नल में पानी नहीं आ रहा है।,water,background,water,no_supply,OFF-WAT01,Resolved,2026-09-20,2026-09-15,2,yes
DEMO00542,2026-09-13,Central Zone,Uttar Pradesh,Kanpur Dehat,Amraudha,text,hi,स्कूल में शिक्षक नियमित रूप से नहीं आते हैं।,education,background,education,teacher_absent,OFF-EDU01,Resolved,2026-09-28,2026-09-19,6,yes
DEMO00543,2026-09-13,Central Zone,Uttar Pradesh,Pilibhit,Bilsanda,voice,hi,"मेरा काम नहीं हो रहा, कोई सुनता नहीं है।",unclear,background,roads,bridge,OFF-ROA01,Resolved,2026-10-04,2026-09-25,12,yes
DEMO00544,2026-09-13,East Zone,West Bengal,Birbhum,Dubrajpur,voice,bn,স্কুলে শিক্ষক নিয়মিত আসেন না।,education,background,education,teacher_absent,OFF-EDU01,Resolved,2026-09-28,2026-09-19,6,yes
DEMO00545,2026-09-13,East Zone,West Bengal,Hugli,Rishra,text,bn,"রাস্তায় বড় বড় গর্ত, চলাচল বিপজ্জনক।",roads,background,roads,potholes,OFF-ROA01,Resolved,2026-10-04,2026-09-24,11,yes
DEMO00546,2026-09-13,East Zone,West Bengal,Nadia,Ranaghat,text,en,The handpump in our village is broken and there is no drinking water.,water,background,water,handpump,OFF-WAT01,Resolved,2026-09-20,2026-09-17,4,yes
DEMO00547,2026-09-13,East Zone,West Bengal,South Twentyfour Parganas,Jaynagar Mazilpur,text,bn,"স্বাস্থ্যকেন্দ্রে ডাক্তার নেই, ওষুধও পাওয়া যায় না।",health,background,health,no_doctor_medicine,OFF-HEA01,Pending,2026-09-16,,,yes
DEMO00548,2026-09-14,South Zone,Andhra Pradesh,Cuddapah,Proddatur,text,te,రోడ్డుపై పెద్ద గుంతలు ఉన్నాయి.,roads,background,roads,potholes,OFF-ROA01,Resolved,2026-10-05,2026-10-02,18,yes
DEMO00549,2026-09-14,South Zone,Andhra Pradesh,East Godavari,Ramachandrapuram,text,te,రేషన్ డీలర్ నా కార్డుపై బియ్యం ఇవ్వడం లేదు.,ration,background,ration,ration_not_given,OFF-RAT01,Resolved,2026-09-21,2026-09-17,3,yes
DEMO00550,2026-09-14,South Zone,Andhra Pradesh,Guntur,Vinukonda,text,te,"ఆసుపత్రిలో డాక్టర్ లేరు, మందులు దొరకడం లేదు.",health,background,health,no_doctor_medicine,OFF-HEA01,Resolved,2026-09-17,2026-09-16,2,yes
DEMO00551,2026-09-14,Northeast Zone,Assam,Cachar,Lakhipur,text,as,"আমাৰ গাঁৱৰ নলকূপটো বেয়া হৈছে, খোৱাপানী নাই।",water,background,water,handpump,OFF-WAT01,Resolved,2026-09-21,2026-09-20,6,yes
DEMO00552,2026-09-14,Northeast Zone,Assam,North Cachar Hills,Umrangso,text,hi,स्वास्थ्य केंद्र में डॉक्टर नहीं है और दवाई नहीं मिलती।,health,background,health,no_doctor_medicine,OFF-HEA01,Resolved,2026-09-17,2026-09-16,2,yes
DEMO00553,2026-09-14,East Zone,Bihar,Khagaria,Khagaria,text,hi,"कई दिनों से बिजली नहीं है, ट्रांसफार्मर जल गया है।",electricity,background,electricity,power_cut,OFF-ELE01,Resolved,2026-09-17,2026-09-16,2,yes
DEMO00554,2026-09-14,East Zone,Bihar,Patna,Khagaul,text,hinglish,Ration dukan wala chawal nahi de raha.,ration,background,ration,ration_not_given,OFF-RAT01,Resolved,2026-09-21,2026-09-22,8,yes
DEMO00555,2026-09-14,East Zone,Bihar,Supaul,Nirmali,text,hi,स्कूल में शिक्षक नियमित रूप से नहीं आते हैं।,education,background,education,teacher_absent,OFF-EDU01,Pending,2026-09-29,,,yes
DEMO00556,2026-09-14,Central Zone,Chhattisgarh,Bilaspur,Bilaspur,text,cg,"अस्पताल म डाक्टर नइ हे, दवई घलो नइ मिलत।",health,cluster_health,health,no_doctor_medicine,OFF-HEA01,Resolved,2026-09-17,2026-09-18,4,yes
DEMO00557,2026-09-14,Central Zone,Chhattisgarh,Raipur,Arang,text,cg,हमर पारा के हैंडपंप बंद हवय।,water,spike_water,water,handpump,OFF-WAT01,Resolved,2026-09-21,2026-09-18,4,yes
DEMO00558,2026-09-14,Central Zone,Chhattisgarh,Raipur,Gogaon,text,hinglish,"Kai din se paani nahi aa raha, nal sukha hai.",water,spike_water,water,no_supply,OFF-WAT01,Resolved,2026-09-21,2026-09-18,4,yes
DEMO00559,2026-09-14,Central Zone,Chhattisgarh,Raipur,Raipur,voice,hi,हमारे गाँव का हैंडपंप खराब है और पीने का पानी नहीं है।,water,spike_water,water,handpump,OFF-WAT01,Resolved,2026-09-21,2026-09-20,6,yes
DEMO00560,2026-09-14,Central Zone,Chhattisgarh,Raipur,Simga,text,cg,हमर पारा के हैंडपंप बंद हवय।,water,spike_water,water,handpump,OFF-WAT01,Resolved,2026-09-21,2026-09-17,3,yes
DEMO00561,2026-09-14,Central Zone,Chhattisgarh,Raipur,Tilda Newra,voice,cg,Hamaar gaon ke handpump kai din se kharab hai.,water,spike_water,water,handpump,OFF-WAT01,Resolved,2026-09-21,2026-09-29,15,yes
DEMO00562,2026-09-14,West Zone,Gujarat,Porbandar,Ranavav,voice,gu,શાળામાં શિક્ષક નિયમિત આવતા નથી.,education,background,education,teacher_absent,OFF-EDU01,Pending,2026-09-29,,,yes
DEMO00563,2026-09-14,West Zone,Gujarat,Valsad,Valsad,text,gu,"રસ્તા પર મોટા ખાડા છે, ચાલવું જોખમી છે.",roads,background,roads,potholes,OFF-ROA01,Resolved,2026-10-05,2026-09-26,12,yes
DEMO00564,2026-09-14,North Zone,Haryana,Faridabad,Hathin,text,hi,"कई दिनों से बिजली नहीं है, ट्रांसफार्मर जल गया है।",electricity,background,electricity,power_cut,OFF-ELE01,Resolved,2026-09-17,2026-09-16,2,yes
DEMO00565,2026-09-14,North Zone,Himachal Pradesh,Mandi,Sundarnagar,voice,hi,"कई दिनों से बिजली नहीं है, ट्रांसफार्मर जल गया है।",electricity,background,electricity,power_cut,OFF-ELE01,Resolved,2026-09-17,2026-09-15,1,yes
DEMO00566,2026-09-14,North Zone,Jammu & Kashmir,Pulwama,Pampore,voice,ur,ہمارے گاؤں کا نلکا خراب ہے، پینے کا پانی نہیں ہے۔,water,background,water,handpump,OFF-WAT01,Resolved,2026-09-21,2026-09-18,4,yes
DEMO00567,2026-09-14,East Zone,Jharkhand,Gumla,Simdega,voice,hi,स्कूल में शिक्षक नियमित रूप से नहीं आते हैं।,education,background,education,teacher_absent,OFF-EDU01,Resolved,2026-09-29,2026-09-25,11,yes
DEMO00568,2026-09-14,South Zone,Karnataka,Bangalore Rural,Devanhalli,text,kn,"ಆಸ್ಪತ್ರೆಯಲ್ಲಿ ವೈದ್ಯರಿಲ್ಲ, ಔಷಧ ಸಿಗುತ್ತಿಲ್ಲ.",health,background,health,no_doctor_medicine,OFF-HEA01,Resolved,2026-09-17,2026-09-21,7,yes
DEMO00569,2026-09-14,South Zone,Karnataka,Hassan,Arsikere,text,kn,ರಸ್ತೆಯಲ್ಲಿ ದೊಡ್ಡ ಗುಂಡಿಗಳಿವೆ.,roads,background,roads,potholes,OFF-ROA01,Resolved,2026-10-05,2026-09-28,14,yes
DEMO00570,2026-09-14,South Zone,Karnataka,Shimoga,Hosanagara,text,kn,"ನಮ್ಮ ಊರಿನ ಕೈಪಂಪು ಕೆಟ್ಟಿದೆ, ಕುಡಿಯುವ ನೀರು ಇಲ್ಲ.",water,background,water,handpump,OFF-WAT01,Resolved,2026-09-21,2026-09-17,3,yes
DEMO00571,2026-09-14,South Zone,Karnataka,Uttara Kannada,Ankola,text,kn,"ಹಲವು ದಿನಗಳಿಂದ ವಿದ್ಯುತ್ ಇಲ್ಲ, ಟ್ರಾನ್ಸ್ಫಾರ್ಮರ್ ಸುಟ್ಟುಹೋಗಿದೆ.",electricity,background,electricity,power_cut,OFF-ELE01,Resolved,2026-09-17,2026-09-16,2,yes
DEMO00572,2026-09-14,South Zone,Kerala,Kasaragod,Manjeshwar,text,en,"There is no electricity for many days, the transformer is burnt.",electricity,background,electricity,power_cut,OFF-ELE01,Resolved,2026-09-17,2026-09-15,1,yes
DEMO00573,2026-09-14,South Zone,Kerala,Kottayam,Changanassery,text,ml,"ആശുപത്രിയിൽ ഡോക്ടർ ഇല്ല, മരുന്ന് കിട്ടുന്നില്ല.",health,background,health,no_doctor_medicine,OFF-HEA01,Resolved,2026-09-17,2026-09-16,2,yes
DEMO00574,2026-09-14,Central Zone,Madhya Pradesh,Dhar,Kukshi,voice,hi,मेरी वृद्धावस्था पेंशन कई महीनों से नहीं मिली है।,pension,background,pension,pension_not_received,OFF-PEN01,Resolved,2026-09-29,2026-09-28,14,yes
DEMO00575,2026-09-14,Central Zone,Madhya Pradesh,Panna,Ajaigarh,text,en,The ration shop dealer is not giving rice on my ration card.,ration,background,ration,ration_not_given,OFF-RAT01,Resolved,2026-09-21,2026-09-20,6,yes
DEMO00576,2026-09-14,Central Zone,Madhya Pradesh,Sehore,Budhni,text,hi,सड़क पर बड़े गड्ढे हैं और चलना खतरनाक है।,roads,background,roads,potholes,OFF-ROA01,Pending,2026-10-05,,,yes
DEMO00577,2026-09-14,Central Zone,Madhya Pradesh,Shajapur,Soyatkalan,text,hinglish,"Bijli nahi hai kai din se, transformer kharab hai.",electricity,background,electricity,transformer,OFF-ELE01,Resolved,2026-09-17,2026-09-15,1,yes
DEMO00578,2026-09-14,Central Zone,Madhya Pradesh,Sheopur,Bijeypur,text,hi,स्कूल में शिक्षक नियमित रूप से नहीं आते हैं।,education,background,education,teacher_absent,OFF-EDU01,Pending,2026-09-29,,,yes
DEMO00579,2026-09-14,Central Zone,Madhya Pradesh,Umaria,Pali,text,hi,"मेरा काम नहीं हो रहा, कोई सुनता नहीं है।",unclear,background,electricity,transformer,OFF-ELE01,Resolved,2026-09-17,2026-09-19,5,yes
DEMO00580,2026-09-14,West Zone,Maharashtra,Aurangabad,Paithan,voice,mr,"आमच्या गावातील हातपंप बंद आहे, पिण्याचे पाणी नाही.",water,background,water,handpump,OFF-WAT01,Pending,2026-09-21,,,yes
DEMO00581,2026-09-14,West Zone,Maharashtra,Jalna,Ambad,text,mr,"रस्त्यावर मोठे खड्डे आहेत, प्रवास धोकादायक आहे.",roads,background,roads,potholes,OFF-ROA01,Resolved,2026-10-05,2026-09-25,11,yes
DEMO00582,2026-09-14,West Zone,Maharashtra,Kolhapur,Panhala,text,mr,शाळा सुरू असूनही शिक्षक नियमित येत नाहीत.,education,background,education,teacher_absent,OFF-EDU01,Resolved,2026-09-29,2026-09-21,7,yes
DEMO00583,2026-09-14,West Zone,Maharashtra,Nashik,Nandgaon,text,mr,रुग्णालयात डॉक्टर नाहीत आणि औषध मिळत नाही.,health,background,health,no_doctor_medicine,OFF-HEA01,Resolved,2026-09-17,2026-09-15,1,yes
DEMO00584,2026-09-14,West Zone,Maharashtra,Sangli,Tasgaon,text,mr,"आमच्या गावातील हातपंप बंद आहे, पिण्याचे पाणी नाही.",water,background,water,handpump,OFF-WAT01,Resolved,2026-09-21,2026-09-20,6,yes
DEMO00585,2026-09-14,East Zone,Odisha,Cuttack,Cuttack,voice,or,ମୋର ବାର୍ଦ୍ଧକ୍ୟ ଭତ୍ତା କିଛି ମାସ ହେଲା ମିଳିନାହିଁ।,pension,background,pension,pension_not_received,OFF-PEN01,Resolved,2026-09-29,2026-09-18,4,yes
DEMO00586,2026-09-14,East Zone,Odisha,Ganjam,Digapahandi,text,or,ରାସନ ଡିଲର ମୋ ରାସନ କାର୍ଡରେ ଚାଉଳ ଦେଉନାହିଁ।,ration,background,ration,ration_not_given,OFF-RAT01,Resolved,2026-09-21,2026-09-19,5,yes
DEMO00587,2026-09-14,North Zone,Punjab,Firozpur,Jalalabad,text,en,My old age pension has not been received for months.,pension,background,pension,pension_not_received,OFF-PEN01,Resolved,2026-09-29,2026-09-26,12,yes
DEMO00588,2026-09-14,North Zone,Rajasthan,Dausa,Mahwa,text,hi,मेरी वृद्धावस्था पेंशन कई महीनों से नहीं मिली है।,pension,background,pension,pension_not_received,OFF-PEN01,Resolved,2026-09-29,2026-09-18,4,yes
DEMO00589,2026-09-14,North Zone,Rajasthan,Ganganagar,Karanpur,text,hi,स्वास्थ्य केंद्र में डॉक्टर नहीं है और दवाई नहीं मिलती।,health,background,health,no_doctor_medicine,OFF-HEA01,Resolved,2026-09-17,2026-09-16,2,yes
DEMO00590,2026-09-14,North Zone,Rajasthan,Jhalawar,Bhawani Mandi,text,hi,राशन दुकान वाला मेरे राशन कार्ड पर चावल नहीं दे रहा है।,ration,background,ration,ration_not_given,OFF-RAT01,Resolved,2026-09-21,2026-09-29,15,yes
DEMO00591,2026-09-14,North Zone,Rajasthan,Jodhpur,Bilara,text,hinglish,Sadak pe bahut gaddhe hai.,roads,background,roads,potholes,OFF-ROA01,Resolved,2026-10-05,2026-09-22,8,yes
DEMO00592,2026-09-14,North Zone,Rajasthan,Kota,Suket,voice,hi,मेरी वृद्धावस्था पेंशन कई महीनों से नहीं मिली है।,pension,background,pension,pension_not_received,OFF-PEN01,Resolved,2026-09-29,2026-09-21,7,yes
DEMO00593,2026-09-14,South Zone,Tamil Nadu,Madurai,Vilangudi,text,ta,My neighbour beat me and threatened me.,sensitive,background,police,police_inaction,OFF-SC01,Resolved,2026-09-15,2026-09-15,1,yes
DEMO00594,2026-09-14,South Zone,Tamil Nadu,Salem,Karuppur,text,ta,"மருத்துவமனையில் மருத்துவர் இல்லை, மருந்தும் கிடைக்கவில்லை.",health,background,health,no_doctor_medicine,OFF-HEA01,Resolved,2026-09-17,2026-09-16,2,yes
DEMO00595,2026-09-14,South Zone,Tamil Nadu,Salem,Sentharapatti,text,ta,பல நாட்களாக குழாயில் தண்ணீர் வரவில்லை.,water,background,water,no_supply,OFF-WAT01,Resolved,2026-09-21,2026-09-17,3,yes
DEMO00596,2026-09-14,Central Zone,Uttar Pradesh,Bulandshahr,Gulaothi,text,hi,स्कूल में शिक्षक नियमित रूप से नहीं आते हैं।,education,background,education,teacher_absent,OFF-EDU01,Pending,2026-09-29,,,yes
DEMO00597,2026-09-14,Central Zone,Uttar Pradesh,Deoria,Bhatpar Rani,text,hi,मेरी वृद्धावस्था पेंशन कई महीनों से नहीं मिली है।,pension,background,pension,pension_not_received,OFF-PEN01,Resolved,2026-09-29,2026-09-21,7,yes
DEMO00598,2026-09-14,Central Zone,Uttar Pradesh,Fatehpur,Bindki,voice,hi,राशन दुकान वाला मेरे राशन कार्ड पर चावल नहीं दे रहा है।,ration,background,ration,ration_not_given,OFF-RAT01,Resolved,2026-09-21,2026-09-20,6,yes
DEMO00599,2026-09-14,Central Zone,Uttar Pradesh,Ghaziabad,Ordnance Factory Muradnagar,text,hi,कई दिनों से नल में पानी नहीं आ रहा है।,water,background,water,no_supply,OFF-WAT01,Resolved,2026-09-21,2026-09-24,10,yes
DEMO00600,2026-09-14,Central Zone,Uttar Pradesh,Jaunpur,Mariahu,text,en,"There is no electricity for many days, the transformer is burnt.",electricity,background,electricity,power_cut,OFF-ELE01,Resolved,2026-09-17,2026-09-16,2,yes
DEMO00601,2026-09-14,Central Zone,Uttar Pradesh,Jyotiba Phule Nagar,Joya,voice,hi,पड़ोसी ने मेरे साथ मारपीट की और धमकी दी।,sensitive,background,police,police_inaction,OFF-SC01,Pending,2026-09-15,,,yes
DEMO00602,2026-09-14,Central Zone,Uttar Pradesh,Kushinagar,Padrauna,text,hi,"कई दिनों से बिजली नहीं है, ट्रांसफार्मर जल गया है।",electricity,background,electricity,power_cut,OFF-ELE01,Resolved,2026-09-17,2026-09-15,1,yes
DEMO00603,2026-09-14,Central Zone,Uttar Pradesh,Mainpuri,Kishni,text,hi,स्कूल में शिक्षक नियमित रूप से नहीं आते हैं।,education,background,education,teacher_absent,OFF-EDU01,Resolved,2026-09-29,2026-10-03,19,yes
DEMO00604,2026-09-14,Central Zone,Uttar Pradesh,Rae Bareli,Parsadepur,text,hinglish,The ration dealer asked for a bribe to give my quota.,sensitive,background,police,police_inaction,OFF-SC01,Resolved,2026-09-15,2026-09-15,1,yes
DEMO00605,2026-09-14,Central Zone,Uttar Pradesh,Varanasi,Ramnagar,text,hinglish,"Bijli nahi hai kai din se, transformer kharab hai.",electricity,background,electricity,transformer,OFF-ELE01,Resolved,2026-09-17,2026-09-15,1,yes
DEMO00606,2026-09-14,Central Zone,Uttarakhand,Nainital,Haldwani-cum-Kathgodam,text,hinglish,School mein teacher nahi aate.,education,background,education,teacher_absent,OFF-EDU01,Resolved,2026-09-29,2026-09-27,13,yes
DEMO00607,2026-09-14,East Zone,West Bengal,Darjiling,Kalimpong,text,bn,রেশন ডিলার আমার রেশন কার্ডে চাল দিচ্ছে না।,ration,background,ration,ration_not_given,OFF-RAT01,Pending,2026-09-21,,,yes
DEMO00608,2026-09-14,East Zone,West Bengal,North Twentyfour Parganas,Ashoknagar Kalyangarh,text,bn,"অনেক দিন ধরে বিদ্যুৎ নেই, ট্রান্সফরমার পুড়ে গেছে।",electricity,stable_electricity,electricity,power_cut,OFF-ELE01,Resolved,2026-09-17,2026-09-27,13,yes
DEMO00609,2026-09-14,East Zone,West Bengal,North Twentyfour Parganas,Kaugachhi,text,bn,"অনেক দিন ধরে বিদ্যুৎ নেই, ট্রান্সফরমার পুড়ে গেছে।",electricity,stable_electricity,electricity,power_cut,OFF-ELE01,Resolved,2026-09-17,2026-09-16,2,yes
DEMO00610,2026-09-14,East Zone,West Bengal,North Twentyfour Parganas,Kaugachhi,text,bn,"অনেক দিন ধরে বিদ্যুৎ নেই, ট্রান্সফরমার পুড়ে গেছে।",electricity,stable_electricity,electricity,power_cut,OFF-ELE01,Resolved,2026-09-17,2026-09-16,2,yes
DEMO00611,2026-09-14,East Zone,West Bengal,North Twentyfour Parganas,Sonatikiri,voice,bn,"অনেক দিন ধরে বিদ্যুৎ নেই, ট্রান্সফরমার পুড়ে গেছে।",electricity,stable_electricity,electricity,power_cut,OFF-ELE01,Resolved,2026-09-17,2026-09-15,1,yes
DEMO00612,2026-09-15,South Zone,Andhra Pradesh,East Godavari,Pitapuram,text,te,"చాలా రోజులుగా కరెంటు లేదు, ట్రాన్స్ఫార్మర్ కాలిపోయింది.",electricity,background,electricity,power_cut,OFF-ELE01,Pending,2026-09-18,,,yes
DEMO00613,2026-09-15,South Zone,Andhra Pradesh,Prakasam,Bestavaripeta,text,te,రేషన్ డీలర్ నా కార్డుపై బియ్యం ఇవ్వడం లేదు.,ration,background,ration,ration_not_given,OFF-RAT01,Resolved,2026-09-22,2026-09-20,5,yes
DEMO00614,2026-09-15,South Zone,Andhra Pradesh,Prakasam,Kandukur,text,te,పాఠశాలకు ఉపాధ్యాయులు సక్రమంగా రావడం లేదు.,education,background,education,teacher_absent,OFF-EDU01,Pending,2026-09-30,,,yes
DEMO00615,2026-09-15,Northeast Zone,Assam,Darrang,Tangla,text,as,বহুদিন ধৰি টেপত খোৱাপানী অহা নাই।,water,background,water,no_supply,OFF-WAT01,Resolved,2026-09-22,2026-09-26,11,yes
DEMO00616,2026-09-15,Northeast Zone,Assam,Dhemaji,Jonai Bazar,text,as,ৰাস্তাত ডাঙৰ ডাঙৰ গাঁত আছে।,roads,background,roads,potholes,OFF-ROA01,Resolved,2026-10-06,2026-09-22,7,yes
DEMO00617,2026-09-15,Northeast Zone,Assam,Dhemaji,Silapathar,text,en,"There is no electricity for many days, the transformer is burnt.",electricity,background,electricity,power_cut,OFF-ELE01,Resolved,2026-09-18,2026-09-17,2,yes
DEMO00618,2026-09-15,Central Zone,Chhattisgarh,Koriya,Jhagrakhand,voice,hi,सड़क पर बड़े गड्ढे हैं और चलना खतरनाक है।,roads,background,roads,potholes,OFF-ROA01,Resolved,2026-10-06,2026-09-25,10,yes
DEMO00619,2026-09-15,Central Zone,Chhattisgarh,Raipur,Baloda Bazar,text,cg,"Paani nai aawat he, kai din hoge.",water,spike_water,water,handpump,OFF-WAT01,Resolved,2026-09-22,2026-09-21,6,yes
DEMO00620,2026-09-15,Central Zone,Chhattisgarh,Raipur,Baloda Bazar,voice,cg,"हमर गाँव के हैंडपंप खराब हवय, पीए बर पानी नइ हे।",water,spike_water,water,handpump,OFF-WAT01,Resolved,2026-09-22,2026-09-21,6,yes
DEMO00621,2026-09-15,Central Zone,Chhattisgarh,Raipur,Birgaon,voice,hi,हमारे गाँव का हैंडपंप खराब है और पीने का पानी नहीं है।,water,spike_water,water,handpump,OFF-WAT01,Resolved,2026-09-22,2026-09-17,2,yes
DEMO00622,2026-09-15,Central Zone,Chhattisgarh,Raipur,Birgaon,text,cg,"हमर गाँव के हैंडपंप खराब हवय, पीए बर पानी नइ हे।",water,spike_water,water,handpump,OFF-WAT01,Resolved,2026-09-22,2026-09-27,12,yes
DEMO00623,2026-09-15,Central Zone,Chhattisgarh,Raipur,Gogaon,voice,cg,हमर पारा के हैंडपंप बंद हवय।,water,spike_water,water,handpump,OFF-WAT01,Resolved,2026-09-22,2026-09-17,2,yes
DEMO00624,2026-09-15,Central Zone,Chhattisgarh,Raipur,Raipur,voice,cg,कतको दिन ले नल म पानी नइ आवत हे।,water,spike_water,water,no_supply,OFF-WAT01,Resolved,2026-09-22,2026-09-18,3,yes
DEMO00625,2026-09-15,Central Zone,Chhattisgarh,Raipur,Raipur,voice,cg,"हमर गाँव के हैंडपंप खराब हवय, पीए बर पानी नइ हे।",water,spike_water,water,handpump,OFF-WAT01,Resolved,2026-09-22,2026-09-19,4,yes
DEMO00626,2026-09-15,Central Zone,Chhattisgarh,Raipur,Raipur,text,cg,कतको दिन ले नल म पानी नइ आवत हे।,water,spike_water,water,no_supply,OFF-WAT01,Resolved,2026-09-22,2026-09-18,3,yes
DEMO00627,2026-09-15,Central Zone,Chhattisgarh,Raipur,Raipur,text,cg,"Paani nai aawat he, kai din hoge.",water,spike_water,water,handpump,OFF-WAT01,Pending,2026-09-22,,,yes
DEMO00628,2026-09-15,West Zone,Goa,North Goa,Reis Magos,voice,mr,"रस्त्यावर मोठे खड्डे आहेत, प्रवास धोकादायक आहे.",roads,background,roads,potholes,OFF-ROA01,Resolved,2026-10-06,2026-10-03,18,yes
DEMO00629,2026-09-15,West Zone,Goa,South Goa,Navelim,text,hi,मेरी वृद्धावस्था पेंशन कई महीनों से नहीं मिली है।,pension,background,pension,pension_not_received,OFF-PEN01,Resolved,2026-09-30,2026-10-03,18,yes
DEMO00630,2026-09-15,West Zone,Gujarat,Bharuch,Anklesvar INA,text,gu,મારું વૃદ્ધ પેન્શન ઘણા મહિનાથી મળ્યું નથી.,pension,background,pension,pension_not_received,OFF-PEN01,Resolved,2026-09-30,2026-09-23,8,yes
DEMO00631,2026-09-15,West Zone,Gujarat,Jamnagar,Bhanvad,voice,gu,The ration dealer asked for a bribe to give my quota.,sensitive,background,police,police_inaction,OFF-SC01,Pending,2026-09-16,,,yes
DEMO00632,2026-09-15,West Zone,Gujarat,Kachchh,Bhuj,text,gu,"રસ્તા પર મોટા ખાડા છે, ચાલવું જોખમી છે.",roads,background,roads,potholes,OFF-ROA01,Resolved,2026-10-06,2026-10-02,17,yes
DEMO00633,2026-09-15,North Zone,Haryana,Ambala,Ambala Cantt.,text,hi,पड़ोसी ने मेरे साथ मारपीट की और धमकी दी।,sensitive,background,police,police_inaction,OFF-SC01,Resolved,2026-09-16,2026-09-16,1,yes
DEMO00634,2026-09-15,North Zone,Haryana,Jhajjar,Ladrawan,text,en,The handpump in our village is broken and there is no drinking water.,water,background,water,handpump,OFF-WAT01,Resolved,2026-09-22,2026-09-21,6,yes
DEMO00635,2026-09-15,North Zone,Haryana,Mahendragarh,Mahendragarh,text,hi,सड़क पर बड़े गड्ढे हैं और चलना खतरनाक है।,roads,background,roads,potholes,OFF-ROA01,Resolved,2026-10-06,2026-10-03,18,yes
DEMO00636,2026-09-15,North Zone,Haryana,Panipat,Panipt Taraf Makhdum Zadgan,text,hi,राशन दुकान वाला मेरे राशन कार्ड पर चावल नहीं दे रहा है।,ration,background,ration,ration_not_given,OFF-RAT01,Resolved,2026-09-22,2026-09-18,3,yes
DEMO00637,2026-09-15,North Zone,Haryana,Sirsa,Sirsa,text,hi,पड़ोसी ने मेरे साथ मारपीट की और धमकी दी।,sensitive,background,police,police_inaction,OFF-SC01,Resolved,2026-09-16,2026-09-23,8,yes
DEMO00638,2026-09-15,North Zone,Jammu & Kashmir,Doda,Kishtwar,voice,ur,کئی دنوں سے نلکا بند ہے اور پانی نہیں آ رہا۔,water,background,water,no_supply,OFF-WAT01,Resolved,2026-09-22,2026-09-19,4,yes
DEMO00639,2026-09-15,North Zone,Jammu & Kashmir,Kathua,Kathua,text,en,"There is no electricity for many days, the transformer is burnt.",electricity,background,electricity,power_cut,OFF-ELE01,Pending,2026-09-18,,,yes
DEMO00640,2026-09-15,North Zone,Jammu & Kashmir,Pulwama,Khrew,text,hinglish,"Aspatal mein doctor nahi hai, dawai bhi nahi mil rahi.",health,background,health,no_doctor_medicine,OFF-HEA01,Pending,2026-09-18,,,yes
DEMO00641,2026-09-15,North Zone,Jammu & Kashmir,Srinagar,Ganderbal,text,ur,ہمارے گاؤں کا نلکا خراب ہے، پینے کا پانی نہیں ہے۔,water,background,water,handpump,OFF-WAT01,Resolved,2026-09-22,2026-09-19,4,yes
DEMO00642,2026-09-15,South Zone,Karnataka,Chitradurga,Hiriyur,voice,kn,"ಹಲವು ದಿನಗಳಿಂದ ವಿದ್ಯುತ್ ಇಲ್ಲ, ಟ್ರಾನ್ಸ್ಫಾರ್ಮರ್ ಸುಟ್ಟುಹೋಗಿದೆ.",electricity,background,electricity,power_cut,OFF-ELE01,Resolved,2026-09-18,2026-09-17,2,yes
DEMO00643,2026-09-15,South Zone,Karnataka,Dakshina Kannada,Mulur,voice,kn,ಪಡಿತರ ಅಂಗಡಿಯಲ್ಲಿ ನನ್ನ ಕಾರ್ಡಿಗೆ ಅಕ್ಕಿ ಕೊಡುತ್ತಿಲ್ಲ.,ration,background,ration,ration_not_given,OFF-RAT01,Resolved,2026-09-22,2026-09-21,6,yes
DEMO00644,2026-09-15,South Zone,Karnataka,Hassan,Hassan,voice,hi,मेरी वृद्धावस्था पेंशन कई महीनों से नहीं मिली है।,pension,background,pension,pension_not_received,OFF-PEN01,Resolved,2026-09-30,2026-09-26,11,yes
DEMO00645,2026-09-15,South Zone,Karnataka,Kolar,Mulbagal,text,kn,ಶಾಲೆಗೆ ಶಿಕ್ಷಕರು ನಿಯಮಿತವಾಗಿ ಬರುತ್ತಿಲ್ಲ.,education,background,education,teacher_absent,OFF-EDU01,Resolved,2026-09-30,2026-09-25,10,yes
DEMO00646,2026-09-15,South Zone,Karnataka,Mandya,Pandavapura,voice,kn,ಶಾಲೆಗೆ ಶಿಕ್ಷಕರು ನಿಯಮಿತವಾಗಿ ಬರುತ್ತಿಲ್ಲ.,education,background,education,teacher_absent,OFF-EDU01,Resolved,2026-09-30,2026-09-23,8,yes
DEMO00647,2026-09-15,South Zone,Karnataka,Mysore,Heggadadevanakote,voice,kn,"ಆಸ್ಪತ್ರೆಯಲ್ಲಿ ವೈದ್ಯರಿಲ್ಲ, ಔಷಧ ಸಿಗುತ್ತಿಲ್ಲ.",health,background,health,no_doctor_medicine,OFF-HEA01,Resolved,2026-09-18,2026-09-17,2,yes
DEMO00648,2026-09-15,South Zone,Karnataka,Shimoga,Bhadravati,voice,kn,"ಹಲವು ದಿನಗಳಿಂದ ವಿದ್ಯುತ್ ಇಲ್ಲ, ಟ್ರಾನ್ಸ್ಫಾರ್ಮರ್ ಸುಟ್ಟುಹೋಗಿದೆ.",electricity,background,electricity,power_cut,OFF-ELE01,Resolved,2026-09-18,2026-09-16,1,yes
DEMO00649,2026-09-15,South Zone,Kerala,Ernakulam,Kochi,text,ml,സ്കൂൾ അധ്യാപകർ കൃത്യമായി ക്ലാസിൽ വരുന്നില്ല.,education,background,education,teacher_absent,OFF-EDU01,Pending,2026-09-30,,,yes
DEMO00650,2026-09-15,South Zone,Kerala,Kannur,Azhikode North,text,hi,सड़क पर बड़े गड्ढे हैं और चलना खतरनाक है।,roads,background,roads,potholes,OFF-ROA01,Resolved,2026-10-06,2026-10-03,18,yes
DEMO00651,2026-09-15,South Zone,Kerala,Kozhikode,Olavanna,text,hinglish,Sadak pe bahut gaddhe hai.,roads,background,roads,potholes,OFF-ROA01,Resolved,2026-10-06,2026-10-01,16,yes
DEMO00652,2026-09-15,North Zone,Ladakh,Kargil,Kargil,text,hi,कई दिनों से नल में पानी नहीं आ रहा है।,water,background,water,no_supply,OFF-WAT01,Resolved,2026-09-22,2026-09-23,8,yes
DEMO00653,2026-09-15,Central Zone,Madhya Pradesh,Guna,Chanderi,text,hinglish,Sadak pe bahut gaddhe hai.,roads,background,roads,potholes,OFF-ROA01,Pending,2026-10-06,,,yes
DEMO00654,2026-09-15,Central Zone,Madhya Pradesh,Harda,Harda,text,hi,स्वास्थ्य केंद्र में डॉक्टर नहीं है और दवाई नहीं मिलती।,health,background,health,no_doctor_medicine,OFF-HEA01,Resolved,2026-09-18,2026-09-17,2,yes
DEMO00655,2026-09-15,Central Zone,Madhya Pradesh,Narsimhapur,Chichli,voice,hi,मेरी वृद्धावस्था पेंशन कई महीनों से नहीं मिली है।,pension,background,pension,pension_not_received,OFF-PEN01,Pending,2026-09-30,,,yes
DEMO00656,2026-09-15,Central Zone,Madhya Pradesh,Shahdol,Jaisinghnagar,text,hi,"कई दिनों से बिजली नहीं है, ट्रांसफार्मर जल गया है।",electricity,background,electricity,power_cut,OFF-ELE01,Resolved,2026-09-18,2026-09-16,1,yes
DEMO00657,2026-09-15,Central Zone,Madhya Pradesh,Tikamgarh,Badagaon,text,hinglish,"Aspatal mein doctor nahi hai, dawai bhi nahi mil rahi.",health,background,health,no_doctor_medicine,OFF-HEA01,Resolved,2026-09-18,2026-09-17,2,yes
DEMO00658,2026-09-15,Central Zone,Madhya Pradesh,Ujjain,Nagda,text,hinglish,"Kai din se paani nahi aa raha, nal sukha hai.",water,background,water,no_supply,OFF-WAT01,Resolved,2026-09-22,2026-09-19,4,yes
DEMO00659,2026-09-15,West Zone,Maharashtra,Akola,Balapur,text,mr,रुग्णालयात डॉक्टर नाहीत आणि औषध मिळत नाही.,health,background,health,no_doctor_medicine,OFF-HEA01,Resolved,2026-09-18,2026-09-27,12,yes
DEMO00660,2026-09-15,West Zone,Maharashtra,Buldana,Deulgaon Raja,text,en,"There is no electricity for many days, the transformer is burnt.",electricity,background,electricity,power_cut,OFF-ELE01,Resolved,2026-09-18,2026-09-16,1,yes
DEMO00661,2026-09-15,West Zone,Maharashtra,Hingoli,Babhulgaon,text,mr,"अनेक दिवसांपासून वीज नाही, ट्रान्सफॉर्मर जळाला आहे.",electricity,background,electricity,power_cut,OFF-ELE01,Resolved,2026-09-18,2026-09-16,1,yes
DEMO00662,2026-09-15,Northeast Zone,Manipur,Bishnupur,Moirang,voice,hi,राशन दुकान वाला मेरे राशन कार्ड पर चावल नहीं दे रहा है।,ration,background,ration,ration_not_given,OFF-RAT01,Resolved,2026-09-22,2026-09-28,13,yes
DEMO00663,2026-09-15,Northeast Zone,Mizoram,Serchhip,Thenzawl,text,en,The ration shop dealer is not giving rice on my ration card.,ration,background,ration,ration_not_given,OFF-RAT01,Resolved,2026-09-22,2026-09-17,2,yes
DEMO00664,2026-09-15,East Zone,Odisha,Sonapur,Tarbha,text,or,"ରାସ୍ତାରେ ବଡ଼ ବଡ଼ ଗାତ, ଚାଲିବା ବିପଦଜନକ।",roads,background,roads,potholes,OFF-ROA01,Resolved,2026-10-06,2026-10-03,18,yes
DEMO00665,2026-09-15,North Zone,Punjab,Firozpur,Zira,text,pa,ਹਸਪਤਾਲ ਵਿੱਚ ਡਾਕਟਰ ਨਹੀਂ ਹੈ ਅਤੇ ਦਵਾਈ ਨਹੀਂ ਮਿਲਦੀ।,health,background,health,no_doctor_medicine,OFF-HEA01,Resolved,2026-09-18,2026-09-16,1,yes
DEMO00666,2026-09-15,North Zone,Punjab,Muktsar,Muktsar,text,pa,My neighbour beat me and threatened me.,sensitive,background,police,police_inaction,OFF-SC01,Resolved,2026-09-16,2026-09-16,1,yes
DEMO00667,2026-09-15,North Zone,Rajasthan,Dausa,Mahwa,voice,hi,"मेरा काम नहीं हो रहा, कोई सुनता नहीं है।",unclear,background,roads,bridge,OFF-ROA01,Resolved,2026-10-06,2026-10-03,18,yes
DEMO00668,2026-09-15,South Zone,Tamil Nadu,Erode,Punjaipuliampatti,text,en,The teacher does not come to the school regularly.,education,background,education,teacher_absent,OFF-EDU01,Resolved,2026-09-30,2026-09-20,5,yes
DEMO00669,2026-09-15,South Zone,Tamil Nadu,Erode,Uthukuli,text,en,My old age pension has not been received for months.,pension,background,pension,pension_not_received,OFF-PEN01,Resolved,2026-09-30,2026-09-27,12,yes
DEMO00670,2026-09-15,South Zone,Tamil Nadu,Kancheepuram,Thiruneermalai,text,ta,"மருத்துவமனையில் மருத்துவர் இல்லை, மருந்தும் கிடைக்கவில்லை.",health,background,health,no_doctor_medicine,OFF-HEA01,Pending,2026-09-18,,,yes
DEMO00671,2026-09-15,South Zone,Tamil Nadu,Nagapattinam,Kuthalam,text,ta,எனது முதியோர் ஓய்வூதியம் பல மாதங்களாக வரவில்லை.,pension,background,pension,pension_not_received,OFF-PEN01,Resolved,2026-09-30,2026-10-03,18,yes
DEMO00672,2026-09-15,South Zone,Tamil Nadu,Thanjavur,Melathiruppanthuruthi,voice,ta,எனது முதியோர் ஓய்வூதியம் பல மாதங்களாக வரவில்லை.,pension,background,pension,pension_not_received,OFF-PEN01,Resolved,2026-09-30,2026-10-03,18,yes
DEMO00673,2026-09-15,South Zone,Tamil Nadu,Theni,Kombai,text,ta,"மருத்துவமனையில் மருத்துவர் இல்லை, மருந்தும் கிடைக்கவில்லை.",health,background,health,no_doctor_medicine,OFF-HEA01,Resolved,2026-09-18,2026-09-17,2,yes
DEMO00674,2026-09-15,South Zone,Tamil Nadu,Thiruvallur,Ambattur,text,ta,ரேஷன் கடையில் என் குடும்ப அட்டைக்கு அரிசி கொடுக்கவில்லை.,ration,background,ration,ration_not_given,OFF-RAT01,Resolved,2026-09-22,2026-09-18,3,yes
DEMO00675,2026-09-15,South Zone,Tamil Nadu,Virudhunagar,Sattur,text,ta,ரேஷன் கடையில் என் குடும்ப அட்டைக்கு அரிசி கொடுக்கவில்லை.,ration,background,ration,ration_not_given,OFF-RAT01,Resolved,2026-09-22,2026-09-20,5,yes
DEMO00676,2026-09-15,South Zone,Telangana,Medak,Bollaram,text,te,పాఠశాలకు ఉపాధ్యాయులు సక్రమంగా రావడం లేదు.,education,background,education,teacher_absent,OFF-EDU01,Resolved,2026-09-30,2026-09-22,7,yes
DEMO00677,2026-09-15,South Zone,Telangana,Medak,Sangareddy,text,te,పాఠశాలకు ఉపాధ్యాయులు సక్రమంగా రావడం లేదు.,education,background,education,teacher_absent,OFF-EDU01,Pending,2026-09-30,,,yes
DEMO00678,2026-09-15,Northeast Zone,Tripura,North Tripura,Dharmanagar,text,bn,"স্বাস্থ্যকেন্দ্রে ডাক্তার নেই, ওষুধও পাওয়া যায় না।",health,background,health,no_doctor_medicine,OFF-HEA01,Resolved,2026-09-18,2026-09-16,1,yes
DEMO00679,2026-09-15,Central Zone,Uttar Pradesh,Agra,Pinahat,text,hi,मेरी वृद्धावस्था पेंशन कई महीनों से नहीं मिली है।,pension,background,pension,pension_not_received,OFF-PEN01,Resolved,2026-09-30,2026-09-21,6,yes
DEMO00680,2026-09-15,Central Zone,Uttar Pradesh,Ballia,Reoti,voice,en,The handpump in our village is broken and there is no drinking water.,water,background,water,handpump,OFF-WAT01,Resolved,2026-09-22,2026-09-19,4,yes
DEMO00681,2026-09-15,Central Zone,Uttar Pradesh,Bareilly,Sirauli,text,hinglish,"Nobody is listening to us, please check.",unclear,background,pension,pension_not_received,OFF-PEN01,Pending,2026-09-30,,,yes
DEMO00682,2026-09-15,Central Zone,Uttar Pradesh,Farrukhabad,Shamsabad,text,hinglish,Meri vridha pension kai mahine se band hai.,pension,background,pension,pension_not_received,OFF-PEN01,Resolved,2026-09-30,2026-09-23,8,yes
DEMO00683,2026-09-15,Central Zone,Uttar Pradesh,Hamirpur,Maudaha,text,en,My old age pension has not been received for months.,pension,background,pension,pension_not_received,OFF-PEN01,Resolved,2026-09-30,2026-09-27,12,yes
DEMO00684,2026-09-15,Central Zone,Uttar Pradesh,Hardoi,Shahabad,voice,hi,हमारे गाँव का हैंडपंप खराब है और पीने का पानी नहीं है।,water,background,water,handpump,OFF-WAT01,Resolved,2026-09-22,2026-09-18,3,yes
DEMO00685,2026-09-15,Central Zone,Uttar Pradesh,Jhansi,Mauranipur,text,hinglish,Sadak pe bahut gaddhe hai.,roads,background,roads,potholes,OFF-ROA01,Resolved,2026-10-06,2026-09-22,7,yes
DEMO00686,2026-09-15,Central Zone,Uttar Pradesh,Sant Kabir Nagar,Maghar,text,hi,हमारे गाँव का हैंडपंप खराब है और पीने का पानी नहीं है।,water,background,water,handpump,OFF-WAT01,Resolved,2026-09-22,2026-09-21,6,yes
DEMO00687,2026-09-15,Central Zone,Uttar Pradesh,Sant Ravidas Nagar,Nai Bazar,text,hi,स्वास्थ्य केंद्र में डॉक्टर नहीं है और दवाई नहीं मिलती।,health,background,health,no_doctor_medicine,OFF-HEA01,Pending,2026-09-18,,,yes
DEMO00688,2026-09-15,Central Zone,Uttarakhand,Almora,Dwarahat,text,hi,राशन दुकान वाला मेरे राशन कार्ड पर चावल नहीं दे रहा है।,ration,background,ration,ration_not_given,OFF-RAT01,Resolved,2026-09-22,2026-09-18,3,yes
DEMO00689,2026-09-15,Central Zone,Uttarakhand,Udham Singh Nagar,Sitarganj,text,hi,राशन दुकान वाला मेरे राशन कार्ड पर चावल नहीं दे रहा है।,ration,background,ration,ration_not_given,OFF-RAT01,Resolved,2026-09-22,2026-09-21,6,yes
DEMO00690,2026-09-15,East Zone,West Bengal,Barddhaman,Amkula,text,bn,স্কুলে শিক্ষক নিয়মিত আসেন না।,education,background,education,teacher_absent,OFF-EDU01,Resolved,2026-09-30,2026-09-26,11,yes
DEMO00691,2026-09-15,East Zone,West Bengal,North Twentyfour Parganas,Gobardanga,text,bn,"অনেক দিন ধরে বিদ্যুৎ নেই, ট্রান্সফরমার পুড়ে গেছে।",electricity,stable_electricity,electricity,power_cut,OFF-ELE01,Resolved,2026-09-18,2026-09-17,2,yes
DEMO00692,2026-09-15,East Zone,West Bengal,North Twentyfour Parganas,Kaugachhi,text,en,"There is no electricity for many days, the transformer is burnt.",electricity,stable_electricity,electricity,power_cut,OFF-ELE01,Pending,2026-09-18,,,yes
DEMO00693,2026-09-16,South Zone,Andhra Pradesh,East Godavari,Peddapuram,text,en,There is no doctor at the health centre and no medicine.,health,background,health,no_doctor_medicine,OFF-HEA01,Resolved,2026-09-19,2026-09-18,2,yes
DEMO00694,2026-09-16,South Zone,Andhra Pradesh,East Godavari,Ramanayyapeta,text,hinglish,Meri vridha pension kai mahine se band hai.,pension,background,pension,pension_not_received,OFF-PEN01,Resolved,2026-10-01,2026-09-21,5,yes
DEMO00695,2026-09-16,South Zone,Andhra Pradesh,Krishna,Vijayawada,text,te,"చాలా రోజులుగా కరెంటు లేదు, ట్రాన్స్ఫార్మర్ కాలిపోయింది.",electricity,background,electricity,power_cut,OFF-ELE01,Resolved,2026-09-19,2026-09-17,1,yes
DEMO00696,2026-09-16,South Zone,Andhra Pradesh,Visakhapatnam,Gajuwaka,text,te,రేషన్ డీలర్ నా కార్డుపై బియ్యం ఇవ్వడం లేదు.,ration,background,ration,ration_not_given,OFF-RAT01,Resolved,2026-09-23,2026-09-24,8,yes
DEMO00697,2026-09-16,South Zone,Andhra Pradesh,Visakhapatnam,Upper Sileru Project Site Camp,text,te,రోడ్డుపై పెద్ద గుంతలు ఉన్నాయి.,roads,background,roads,potholes,OFF-ROA01,Resolved,2026-10-07,2026-10-03,17,yes
DEMO00698,2026-09-16,Northeast Zone,Arunachal Pradesh,East Siang,Pasighat,voice,hi,मेरी वृद्धावस्था पेंशन कई महीनों से नहीं मिली है।,pension,background,pension,pension_not_received,OFF-PEN01,Resolved,2026-10-01,2026-09-20,4,yes
DEMO00699,2026-09-16,Northeast Zone,Assam,Bongaigaon,Abhayapuri,text,hinglish,Ration dukan wala chawal nahi de raha.,ration,background,ration,ration_not_given,OFF-RAT01,Resolved,2026-09-23,2026-09-20,4,yes
DEMO00700,2026-09-16,Northeast Zone,Assam,Kamrup,North Guwahati,text,en,"There is no electricity for many days, the transformer is burnt.",electricity,background,electricity,power_cut,OFF-ELE01,Resolved,2026-09-19,2026-09-17,1,yes
DEMO00701,2026-09-16,Northeast Zone,Assam,Tinsukia,Doom Dooma,text,en,"There is no electricity for many days, the transformer is burnt.",electricity,background,electricity,power_cut,OFF-ELE01,Resolved,2026-09-19,2026-09-18,2,yes
DEMO00702,2026-09-16,East Zone,Bihar,Jamui,Jamui,text,en,My old age pension has not been received for months.,pension,background,pension,pension_not_received,OFF-PEN01,Resolved,2026-10-01,2026-09-26,10,yes
DEMO00703,2026-09-16,East Zone,Bihar,Madhepura,Madhepura,voice,hi,मेरी वृद्धावस्था पेंशन कई महीनों से नहीं मिली है।,pension,background,pension,pension_not_received,OFF-PEN01,Resolved,2026-10-01,2026-09-29,13,yes
DEMO00704,2026-09-16,East Zone,Bihar,Nalanda,Islampur,voice,hi,राशन दुकान वाले ने रिश्वत मांगी।,sensitive,background,police,police_inaction,OFF-SC01,Pending,2026-09-17,,,yes
DEMO00705,2026-09-16,East Zone,Bihar,Sitamarhi,Sitamarhi,text,hi,सड़क पर बड़े गड्ढे हैं और चलना खतरनाक है।,roads,background,roads,potholes,OFF-ROA01,Resolved,2026-10-07,2026-10-03,17,yes
DEMO00706,2026-09-16,Central Zone,Chhattisgarh,Bilaspur,Bilaspur,text,hinglish,"Aspatal mein doctor nahi hai, dawai bhi nahi mil rahi.",health,cluster_health,health,no_doctor_medicine,OFF-HEA01,Resolved,2026-09-19,2026-09-17,1,yes
DEMO00707,2026-09-16,Central Zone,Chhattisgarh,Durg,Bhilai Nagar,text,cg,"कतको दिन ले बिजली नइ हे, ट्रांसफार्मर जर गे हे।",electricity,background,electricity,power_cut,OFF-ELE01,Resolved,2026-09-19,2026-09-17,1,yes
DEMO00708,2026-09-16,Central Zone,Chhattisgarh,Korba,Katghora,text,hi,राशन दुकान वाला मेरे राशन कार्ड पर चावल नहीं दे रहा है।,ration,background,ration,ration_not_given,OFF-RAT01,Resolved,2026-09-23,2026-09-20,4,yes
DEMO00709,2026-09-16,Central Zone,Chhattisgarh,Raipur,Arang,text,hi,कई दिनों से नल में पानी नहीं आ रहा है।,water,spike_water,water,no_supply,OFF-WAT01,Resolved,2026-09-23,2026-09-22,6,yes
DEMO00710,2026-09-16,Central Zone,Chhattisgarh,Raipur,Birgaon,text,cg,कतको दिन ले नल म पानी नइ आवत हे।,water,spike_water,water,no_supply,OFF-WAT01,Resolved,2026-09-23,2026-09-25,9,yes
DEMO00711,2026-09-16,Central Zone,Chhattisgarh,Raipur,Gogaon,text,cg,हमर पारा के हैंडपंप बंद हवय।,water,spike_water,water,handpump,OFF-WAT01,Resolved,2026-09-23,2026-09-21,5,yes
DEMO00712,2026-09-16,Central Zone,Chhattisgarh,Raipur,Gogaon,text,hi,कई दिनों से नल में पानी नहीं आ रहा है।,water,spike_water,water,no_supply,OFF-WAT01,Resolved,2026-09-23,2026-09-18,2,yes
DEMO00713,2026-09-16,Central Zone,Chhattisgarh,Raipur,Raipur,text,hi,हमारे गाँव का हैंडपंप खराब है और पीने का पानी नहीं है।,water,spike_water,water,handpump,OFF-WAT01,Resolved,2026-09-23,2026-09-21,5,yes
DEMO00714,2026-09-16,Central Zone,Chhattisgarh,Raipur,Raipur,text,hinglish,"Kai din se paani nahi aa raha, nal sukha hai.",water,spike_water,water,no_supply,OFF-WAT01,Resolved,2026-09-23,2026-09-19,3,yes
DEMO00715,2026-09-16,Central Zone,Chhattisgarh,Raipur,Raipur,text,hinglish,"Kai din se paani nahi aa raha, nal sukha hai.",water,spike_water,water,no_supply,OFF-WAT01,Resolved,2026-09-23,2026-09-22,6,yes
DEMO00716,2026-09-16,Central Zone,Chhattisgarh,Raipur,Urla,text,hi,हमारे गाँव का हैंडपंप खराब है और पीने का पानी नहीं है।,water,spike_water,water,handpump,OFF-WAT01,Resolved,2026-09-23,2026-09-24,8,yes
DEMO00717,2026-09-16,Central Zone,Chhattisgarh,Rajnandgaon,Gandai,text,hi,स्कूल में शिक्षक नियमित रूप से नहीं आते हैं।,education,background,education,teacher_absent,OFF-EDU01,Resolved,2026-10-01,2026-09-26,10,yes
DEMO00718,2026-09-16,North Zone,Delhi,East,Gharoli,voice,hi,मेरी वृद्धावस्था पेंशन कई महीनों से नहीं मिली है।,pension,background,pension,pension_not_received,OFF-PEN01,Resolved,2026-10-01,2026-09-24,8,yes
DEMO00719,2026-09-16,North Zone,Delhi,"New Delhi, Central, South West and South",New Delhi Municipal Council,text,hi,मेरी वृद्धावस्था पेंशन कई महीनों से नहीं मिली है।,pension,background,pension,pension_not_received,OFF-PEN01,Resolved,2026-10-01,2026-10-03,17,yes
DEMO00720,2026-09-16,West Zone,Goa,North Goa,Reis Magos,text,en,My old age pension has not been received for months.,pension,background,pension,pension_not_received,OFF-PEN01,Resolved,2026-10-01,2026-09-26,10,yes
DEMO00721,2026-09-16,West Zone,Goa,South Goa,Navelim,text,mr,My neighbour beat me and threatened me.,sensitive,background,police,police_inaction,OFF-SC01,Resolved,2026-09-17,2026-09-17,1,yes
DEMO00722,2026-09-16,West Zone,Gujarat,Amreli,Damnagar,text,gu,દવાખાનામાં ડોક્ટર નથી અને દવા મળતી નથી.,health,background,health,no_doctor_medicine,OFF-HEA01,Resolved,2026-09-19,2026-09-17,1,yes
DEMO00723,2026-09-16,West Zone,Gujarat,Amreli,Savarkundla,text,gu,શાળામાં શિક્ષક નિયમિત આવતા નથી.,education,background,education,teacher_absent,OFF-EDU01,Resolved,2026-10-01,2026-09-30,14,yes
DEMO00724,2026-09-16,West Zone,Gujarat,Anand,Borsad,voice,gu,દવાખાનામાં ડોક્ટર નથી અને દવા મળતી નથી.,health,background,health,no_doctor_medicine,OFF-HEA01,Resolved,2026-09-19,2026-09-20,4,yes
DEMO00725,2026-09-16,West Zone,Gujarat,Panch Mahals,Santrampur,voice,gu,"ઘણા દિવસથી વીજળી નથી, ટ્રાન્સફોર્મર બળી ગયું છે.",electricity,background,electricity,power_cut,OFF-ELE01,Resolved,2026-09-19,2026-09-18,2,yes
DEMO00726,2026-09-16,West Zone,Gujarat,Valsad,Vapi,text,gu,"રસ્તા પર મોટા ખાડા છે, ચાલવું જોખમી છે.",roads,background,roads,potholes,OFF-ROA01,Resolved,2026-10-07,2026-09-29,13,yes
DEMO00727,2026-09-16,West Zone,Gujarat,Valsad,Vapi,text,gu,"રસ્તા પર મોટા ખાડા છે, ચાલવું જોખમી છે.",roads,background,roads,potholes,OFF-ROA01,Pending,2026-10-07,,,yes
DEMO00728,2026-09-16,North Zone,Haryana,Jhajjar,Jhajjar,text,hinglish,"Bijli nahi hai kai din se, transformer kharab hai.",electricity,background,electricity,transformer,OFF-ELE01,Pending,2026-09-19,,,yes
DEMO00729,2026-09-16,North Zone,Himachal Pradesh,Chamba,Chamba,text,hi,राशन दुकान वाला मेरे राशन कार्ड पर चावल नहीं दे रहा है।,ration,background,ration,ration_not_given,OFF-RAT01,Resolved,2026-09-23,2026-09-25,9,yes
DEMO00730,2026-09-16,North Zone,Jammu & Kashmir,Doda,Banihal,text,ur,کئی دنوں سے بجلی نہیں ہے، ٹرانسفارمر جل گیا ہے۔,electricity,background,electricity,power_cut,OFF-ELE01,Resolved,2026-09-19,2026-09-28,12,yes
DEMO00731,2026-09-16,South Zone,Karnataka,Chitradurga,Holalkere,text,kn,"ನಮ್ಮ ಊರಿನ ಕೈಪಂಪು ಕೆಟ್ಟಿದೆ, ಕುಡಿಯುವ ನೀರು ಇಲ್ಲ.",water,background,water,handpump,OFF-WAT01,Resolved,2026-09-23,2026-09-18,2,yes
DEMO00732,2026-09-16,South Zone,Karnataka,Kodagu,Virajpet,text,kn,ಹಲವು ದಿನಗಳಿಂದ ನಲ್ಲಿಯಲ್ಲಿ ನೀರು ಬರುತ್ತಿಲ್ಲ.,water,background,water,no_supply,OFF-WAT01,Pending,2026-09-23,,,yes
DEMO00733,2026-09-16,South Zone,Karnataka,Kolar,Bagepalli,text,kn,ರಸ್ತೆಯಲ್ಲಿ ದೊಡ್ಡ ಗುಂಡಿಗಳಿವೆ.,roads,background,roads,potholes,OFF-ROA01,Resolved,2026-10-07,2026-09-25,9,yes
DEMO00734,2026-09-16,South Zone,Kerala,Ernakulam,Chengamanad,text,ml,"പല ദിവസങ്ങളായി വൈദ്യുതി ഇല്ല, ട്രാൻസ്ഫോർമർ കേടായി.",electricity,background,electricity,power_cut,OFF-ELE01,Resolved,2026-09-19,2026-09-25,9,yes
DEMO00735,2026-09-16,South Zone,Kerala,Idukki,Idukki Township,text,hi,स्वास्थ्य केंद्र में डॉक्टर नहीं है और दवाई नहीं मिलती।,health,background,health,no_doctor_medicine,OFF-HEA01,Pending,2026-09-19,,,yes
DEMO00736,2026-09-16,South Zone,Kerala,Pathanamthitta,Thiruvalla,text,ml,റോഡ് മുഴുവൻ വലിയ കുഴികൾ ആണ്.,roads,background,roads,potholes,OFF-ROA01,Resolved,2026-10-07,2026-10-03,17,yes
DEMO00737,2026-09-16,South Zone,Kerala,Thiruvananthapuram,Varkala,text,ml,റോഡ് മുഴുവൻ വലിയ കുഴികൾ ആണ്.,roads,background,roads,potholes,OFF-ROA01,Resolved,2026-10-07,2026-10-03,17,yes
DEMO00738,2026-09-16,Central Zone,Madhya Pradesh,Dewas,Kantaphod,text,hinglish,Ration dukan wala chawal nahi de raha.,ration,background,ration,ration_not_given,OFF-RAT01,Resolved,2026-09-23,2026-09-21,5,yes
DEMO00739,2026-09-16,Central Zone,Madhya Pradesh,East Nimar,Harsud,voice,hi,स्कूल में शिक्षक नियमित रूप से नहीं आते हैं।,education,background,education,teacher_absent,OFF-EDU01,Resolved,2026-10-01,2026-09-29,13,yes
DEMO00740,2026-09-16,Central Zone,Madhya Pradesh,Guna,Guna,text,hi,मेरी वृद्धावस्था पेंशन कई महीनों से नहीं मिली है।,pension,background,pension,pension_not_received,OFF-PEN01,Resolved,2026-10-01,2026-10-03,17,yes
DEMO00741,2026-09-16,Central Zone,Madhya Pradesh,Gwalior,Dabra,text,en,There is no doctor at the health centre and no medicine.,health,background,health,no_doctor_medicine,OFF-HEA01,Resolved,2026-09-19,2026-09-17,1,yes
DEMO00742,2026-09-16,Central Zone,Madhya Pradesh,Rewa,Mangawan,text,hi,सड़क पर बड़े गड्ढे हैं और चलना खतरनाक है।,roads,background,roads,potholes,OFF-ROA01,Resolved,2026-10-07,2026-10-03,17,yes
DEMO00743,2026-09-16,West Zone,Maharashtra,Akola,Balapur,text,mr,रुग्णालयात डॉक्टर नाहीत आणि औषध मिळत नाही.,health,background,health,no_doctor_medicine,OFF-HEA01,Pending,2026-09-19,,,yes
DEMO00744,2026-09-16,West Zone,Maharashtra,Buldana,Buldana,text,mr,रुग्णालयात डॉक्टर नाहीत आणि औषध मिळत नाही.,health,background,health,no_doctor_medicine,OFF-HEA01,Resolved,2026-09-19,2026-09-18,2,yes
DEMO00745,2026-09-16,West Zone,Maharashtra,Parbhani,Jintur,voice,mr,"अनेक दिवसांपासून वीज नाही, ट्रान्सफॉर्मर जळाला आहे.",electricity,background,electricity,power_cut,OFF-ELE01,Resolved,2026-09-19,2026-09-20,4,yes
DEMO00746,2026-09-16,West Zone,Maharashtra,Sangli,Vita,text,mr,शाळा सुरू असूनही शिक्षक नियमित येत नाहीत.,education,background,education,teacher_absent,OFF-EDU01,Resolved,2026-10-01,2026-09-24,8,yes
DEMO00747,2026-09-16,West Zone,Maharashtra,Washim,Mangrulpir,text,mr,"अनेक दिवसांपासून वीज नाही, ट्रान्सफॉर्मर जळाला आहे.",electricity,background,electricity,power_cut,OFF-ELE01,Resolved,2026-09-19,2026-09-17,1,yes
DEMO00748,2026-09-16,Northeast Zone,Manipur,Imphal East,Jiribam,text,en,My old age pension has not been received for months.,pension,background,pension,pension_not_received,OFF-PEN01,Resolved,2026-10-01,2026-09-23,7,yes
DEMO00749,2026-09-16,Northeast Zone,Manipur,Imphal East,Torban (Khetri Leikai),text,en,There is no doctor at the health centre and no medicine.,health,background,health,no_doctor_medicine,OFF-HEA01,Pending,2026-09-19,,,yes
DEMO00750,2026-09-16,East Zone,Odisha,Bargarh,Khaliapali,text,en,"There is no electricity for many days, the transformer is burnt.",electricity,background,electricity,power_cut,OFF-ELE01,Resolved,2026-09-19,2026-09-18,2,yes
DEMO00751,2026-09-16,East Zone,Odisha,Khordha,Jatani,text,or,ରାସନ ଡିଲର ମୋ ରାସନ କାର୍ଡରେ ଚାଉଳ ଦେଉନାହିଁ।,ration,background,ration,ration_not_given,OFF-RAT01,Resolved,2026-09-23,2026-09-22,6,yes
DEMO00752,2026-09-16,East Zone,Odisha,Mayurbhanj,Rairangpur,voice,or,ମୋର ବାର୍ଦ୍ଧକ୍ୟ ଭତ୍ତା କିଛି ମାସ ହେଲା ମିଳିନାହିଁ।,pension,background,pension,pension_not_received,OFF-PEN01,Resolved,2026-10-01,2026-09-28,12,yes
DEMO00753,2026-09-16,North Zone,Punjab,Kapurthala,Kapurthala,text,pa,ਮੇਰੀ ਬੁਢਾਪਾ ਪੈਨਸ਼ਨ ਕਈ ਮਹੀਨਿਆਂ ਤੋਂ ਨਹੀਂ ਆਈ।,pension,background,pension,pension_not_received,OFF-PEN01,Resolved,2026-10-01,2026-09-29,13,yes
DEMO00754,2026-09-16,North Zone,Rajasthan,Bharatpur,Bhusawar,voice,hi,स्कूल में शिक्षक नियमित रूप से नहीं आते हैं।,education,background,education,teacher_absent,OFF-EDU01,Resolved,2026-10-01,2026-09-30,14,yes
DEMO00755,2026-09-16,North Zone,Rajasthan,Chittaurgarh,Bari Sadri,voice,hi,मेरी वृद्धावस्था पेंशन कई महीनों से नहीं मिली है।,pension,background,pension,pension_not_received,OFF-PEN01,Resolved,2026-10-01,2026-09-26,10,yes
DEMO00756,2026-09-16,North Zone,Rajasthan,Ganganagar,1 SGM,text,hi,राशन दुकान वाला मेरे राशन कार्ड पर चावल नहीं दे रहा है।,ration,background,ration,ration_not_given,OFF-RAT01,Resolved,2026-09-23,2026-10-01,15,yes
DEMO00757,2026-09-16,Northeast Zone,Sikkim,East,Upper Tadong,text,hi,स्वास्थ्य केंद्र में डॉक्टर नहीं है और दवाई नहीं मिलती।,health,background,health,no_doctor_medicine,OFF-HEA01,Resolved,2026-09-19,2026-09-18,2,yes
DEMO00758,2026-09-16,South Zone,Tamil Nadu,Cuddalore,Melpattampakkam,voice,ta,"சாலையில் பெரிய குழிகள் உள்ளன, பயணம் ஆபத்தானது.",roads,background,roads,potholes,OFF-ROA01,Resolved,2026-10-07,2026-10-03,17,yes
DEMO00759,2026-09-16,South Zone,Telangana,Medak,Sangareddy,text,te,రోడ్డుపై పెద్ద గుంతలు ఉన్నాయి.,roads,background,roads,potholes,OFF-ROA01,Resolved,2026-10-07,2026-10-03,17,yes
DEMO00760,2026-09-16,Northeast Zone,Tripura,West Tripura,Agartala,text,en,The ration shop dealer is not giving rice on my ration card.,ration,background,ration,ration_not_given,OFF-RAT01,Resolved,2026-09-23,2026-09-21,5,yes
DEMO00761,2026-09-16,Central Zone,Uttar Pradesh,Allahabad,Jhusi,voice,hi,"कई दिनों से बिजली नहीं है, ट्रांसफार्मर जल गया है।",electricity,background,electricity,power_cut,OFF-ELE01,Resolved,2026-09-19,2026-09-17,1,yes
DEMO00762,2026-09-16,Central Zone,Uttar Pradesh,Ballia,Maniyar,text,hi,सड़क पर बड़े गड्ढे हैं और चलना खतरनाक है।,roads,background,roads,potholes,OFF-ROA01,Resolved,2026-10-07,2026-09-23,7,yes
DEMO00763,2026-09-16,Central Zone,Uttar Pradesh,Ballia,Rasra,voice,hi,"कई दिनों से बिजली नहीं है, ट्रांसफार्मर जल गया है।",electricity,background,electricity,power_cut,OFF-ELE01,Resolved,2026-09-19,2026-09-18,2,yes
DEMO00764,2026-09-16,Central Zone,Uttar Pradesh,Kanpur Dehat,Sikandra,text,hinglish,"Aspatal mein doctor nahi hai, dawai bhi nahi mil rahi.",health,background,health,no_doctor_medicine,OFF-HEA01,Resolved,2026-09-19,2026-09-17,1,yes
DEMO00765,2026-09-16,Central Zone,Uttar Pradesh,Kaushambi,Sarai Aquil,text,en,My old age pension has not been received for months.,pension,background,pension,pension_not_received,OFF-PEN01,Resolved,2026-10-01,2026-09-25,9,yes
DEMO00766,2026-09-16,Central Zone,Uttar Pradesh,Kheri,Kheri,text,hinglish,Sadak pe bahut gaddhe hai.,roads,background,roads,potholes,OFF-ROA01,Resolved,2026-10-07,2026-09-27,11,yes
DEMO00767,2026-09-16,East Zone,West Bengal,Barddhaman,Ballavpur,text,bn,"রাস্তায় বড় বড় গর্ত, চলাচল বিপজ্জনক।",roads,background,roads,potholes,OFF-ROA01,Resolved,2026-10-07,2026-09-29,13,yes
DEMO00768,2026-09-16,East Zone,West Bengal,Haora,Gabberia,voice,hi,राशन दुकान वाला मेरे राशन कार्ड पर चावल नहीं दे रहा है।,ration,background,ration,ration_not_given,OFF-RAT01,Resolved,2026-09-23,2026-09-21,5,yes
DEMO00769,2026-09-16,East Zone,West Bengal,Haora,Khalia,text,bn,"রাস্তায় বড় বড় গর্ত, চলাচল বিপজ্জনক।",roads,background,roads,potholes,OFF-ROA01,Resolved,2026-10-07,2026-09-26,10,yes
DEMO00770,2026-09-16,East Zone,West Bengal,Jalpaiguri,Uttar Kamakhyaguri,text,bn,স্কুলে শিক্ষক নিয়মিত আসেন না।,education,background,education,teacher_absent,OFF-EDU01,Resolved,2026-10-01,2026-09-22,6,yes
DEMO00771,2026-09-16,East Zone,West Bengal,North Twentyfour Parganas,Kaugachhi,text,bn,"অনেক দিন ধরে বিদ্যুৎ নেই, ট্রান্সফরমার পুড়ে গেছে।",electricity,stable_electricity,electricity,power_cut,OFF-ELE01,Resolved,2026-09-19,2026-09-20,4,yes
DEMO00772,2026-09-16,East Zone,West Bengal,North Twentyfour Parganas,Madhyamgram,voice,bn,রেশন ডিলার আমার রেশন কার্ডে চাল দিচ্ছে না।,ration,background,ration,ration_not_given,OFF-RAT01,Resolved,2026-09-23,2026-09-20,4,yes
DEMO00773,2026-09-17,South Zone,Andhra Pradesh,Vizianagaram,Jarjapupeta,voice,te,"మా గ్రామంలో చేతిపంపు పాడైంది, మంచినీరు లేదు.",water,background,water,handpump,OFF-WAT01,Pending,2026-09-24,,,yes
DEMO00774,2026-09-17,South Zone,Andhra Pradesh,Vizianagaram,Kothavalasa,text,te,నా వృద్ధాప్య పింఛన్ చాలా నెలలుగా రాలేదు.,pension,background,pension,pension_not_received,OFF-PEN01,Resolved,2026-10-02,2026-09-29,12,yes
DEMO00775,2026-09-17,Northeast Zone,Assam,Barpeta,Pathsala,voice,hi,स्कूल में शिक्षक नियमित रूप से नहीं आते हैं।,education,background,education,teacher_absent,OFF-EDU01,Resolved,2026-10-02,2026-09-25,8,yes
DEMO00776,2026-09-17,Northeast Zone,Assam,Bongaigaon,Bongaigaon,voice,as,"চিকিৎসালয়ত ডাক্তৰ নাই, ঔষধ পোৱা নাযায়।",health,background,health,no_doctor_medicine,OFF-HEA01,Resolved,2026-09-20,2026-09-18,1,yes
DEMO00777,2026-09-17,Northeast Zone,Assam,Nagaon,Lumding Rly Colony,text,as,ৰাস্তাত ডাঙৰ ডাঙৰ গাঁত আছে।,roads,background,roads,potholes,OFF-ROA01,Resolved,2026-10-08,2026-10-03,16,yes
DEMO00778,2026-09-17,East Zone,Bihar,Araria,Forbesganj,text,en,"Nobody is listening to us, please check.",unclear,background,water,handpump,OFF-WAT01,Pending,2026-09-24,,,yes
DEMO00779,2026-09-17,East Zone,Bihar,Rohtas,Koath,text,en,The road has big potholes and is unsafe.,roads,background,roads,potholes,OFF-ROA01,Resolved,2026-10-08,2026-10-03,16,yes
DEMO00780,2026-09-17,Central Zone,Chhattisgarh,Mahasamund,Basna,text,hi,स्वास्थ्य केंद्र में डॉक्टर नहीं है और दवाई नहीं मिलती।,health,background,health,no_doctor_medicine,OFF-HEA01,Resolved,2026-09-20,2026-09-18,1,yes
DEMO00781,2026-09-17,Central Zone,Chhattisgarh,Raipur,Baloda Bazar,text,cg,कतको दिन ले नल म पानी नइ आवत हे।,water,spike_water,water,no_supply,OFF-WAT01,Resolved,2026-09-24,2026-09-20,3,yes
DEMO00782,2026-09-17,Central Zone,Chhattisgarh,Raipur,Baloda Bazar,text,cg,कतको दिन ले नल म पानी नइ आवत हे।,water,spike_water,water,no_supply,OFF-WAT01,Resolved,2026-09-24,2026-09-21,4,yes
DEMO00783,2026-09-17,Central Zone,Chhattisgarh,Raipur,Gogaon,text,cg,"हमर गाँव के हैंडपंप खराब हवय, पीए बर पानी नइ हे।",water,spike_water,water,handpump,OFF-WAT01,Resolved,2026-09-24,2026-09-23,6,yes
DEMO00784,2026-09-17,Central Zone,Chhattisgarh,Raipur,Tilda Newra,text,hi,कई दिनों से नल में पानी नहीं आ रहा है।,water,spike_water,water,no_supply,OFF-WAT01,Resolved,2026-09-24,2026-09-20,3,yes
DEMO00785,2026-09-17,North Zone,Delhi,North,Jharoda Majra Burari,text,hi,स्कूल में शिक्षक नियमित रूप से नहीं आते हैं।,education,background,education,teacher_absent,OFF-EDU01,Resolved,2026-10-02,2026-10-03,16,yes
DEMO00786,2026-09-17,West Zone,Gujarat,Junagadh,Kodinar,text,en,There is no doctor at the health centre and no medicine.,health,background,health,no_doctor_medicine,OFF-HEA01,Resolved,2026-09-20,2026-09-18,1,yes
DEMO00787,2026-09-17,North Zone,Haryana,Gurgaon,Haileymandi,text,hi,स्वास्थ्य केंद्र में डॉक्टर नहीं है और दवाई नहीं मिलती।,health,background,health,no_doctor_medicine,OFF-HEA01,Resolved,2026-09-20,2026-09-21,4,yes
DEMO00788,2026-09-17,North Zone,Haryana,Panchkula,Raipur Rani,text,hi,स्वास्थ्य केंद्र में डॉक्टर नहीं है और दवाई नहीं मिलती।,health,background,health,no_doctor_medicine,OFF-HEA01,Resolved,2026-09-20,2026-09-18,1,yes
DEMO00789,2026-09-17,North Zone,Himachal Pradesh,Bilaspur,Talai,text,hinglish,Meri vridha pension kai mahine se band hai.,pension,background,pension,pension_not_received,OFF-PEN01,Resolved,2026-10-02,2026-09-30,13,yes
DEMO00790,2026-09-17,North Zone,Himachal Pradesh,Kangra,Dharmsala,text,hi,सड़क पर बड़े गड्ढे हैं और चलना खतरनाक है।,roads,background,roads,potholes,OFF-ROA01,Resolved,2026-10-08,2026-10-03,16,yes
DEMO00791,2026-09-17,North Zone,Himachal Pradesh,Sirmaur,Rajgarh,text,hi,राशन दुकान वाला मेरे राशन कार्ड पर चावल नहीं दे रहा है।,ration,background,ration,ration_not_given,OFF-RAT01,Resolved,2026-09-24,2026-09-20,3,yes
DEMO00792,2026-09-17,North Zone,Himachal Pradesh,Solan,Parwanoo,voice,hi,सड़क पर बड़े गड्ढे हैं और चलना खतरनाक है।,roads,background,roads,potholes,OFF-ROA01,Resolved,2026-10-08,2026-09-27,10,yes
DEMO00793,2026-09-17,East Zone,Jharkhand,Dhanbad,Dhanbad,text,hi,स्कूल में शिक्षक नियमित रूप से नहीं आते हैं।,education,background,education,teacher_absent,OFF-EDU01,Resolved,2026-10-02,2026-09-22,5,yes
DEMO00794,2026-09-17,East Zone,Jharkhand,Dhanbad,Sindri,text,hi,मेरी वृद्धावस्था पेंशन कई महीनों से नहीं मिली है।,pension,background,pension,pension_not_received,OFF-PEN01,Resolved,2026-10-02,2026-10-03,16,yes
DEMO00795,2026-09-17,South Zone,Karnataka,Dakshina Kannada,Pudu,text,kn,ನನ್ನ ವೃದ್ಧಾಪ್ಯ ಪಿಂಚಣಿ ಹಲವು ತಿಂಗಳಿಂದ ಬಂದಿಲ್ಲ.,pension,background,pension,pension_not_received,OFF-PEN01,Resolved,2026-10-02,2026-10-03,16,yes
DEMO00796,2026-09-17,South Zone,Karnataka,Raichur,Shaktinagar,text,en,The ration shop dealer is not giving rice on my ration card.,ration,background,ration,ration_not_given,OFF-RAT01,Resolved,2026-09-24,2026-09-23,6,yes
DEMO00797,2026-09-17,South Zone,Karnataka,Shimoga,Shimoga,text,kn,ರಸ್ತೆಯಲ್ಲಿ ದೊಡ್ಡ ಗುಂಡಿಗಳಿವೆ.,roads,background,roads,potholes,OFF-ROA01,Resolved,2026-10-08,2026-10-03,16,yes
DEMO00798,2026-09-17,South Zone,Kerala,Ernakulam,Edathala,text,ml,റോഡ് മുഴുവൻ വലിയ കുഴികൾ ആണ്.,roads,small_roads,roads,potholes,OFF-ROA01,Pending,2026-10-08,,,yes
DEMO00799,2026-09-17,South Zone,Kerala,Kozhikode,Quilandy,text,ml,"പല ദിവസങ്ങളായി വൈദ്യുതി ഇല്ല, ട്രാൻസ്ഫോർമർ കേടായി.",electricity,background,electricity,power_cut,OFF-ELE01,Resolved,2026-09-20,2026-09-18,1,yes
DEMO00800,2026-09-17,Central Zone,Madhya Pradesh,Satna,Chitrakoot,text,hi,स्कूल में शिक्षक नियमित रूप से नहीं आते हैं।,education,background,education,teacher_absent,OFF-EDU01,Resolved,2026-10-02,2026-09-29,12,yes
DEMO00801,2026-09-17,Central Zone,Madhya Pradesh,Sehore,Nasrullaganj,text,hi,मेरी वृद्धावस्था पेंशन कई महीनों से नहीं मिली है।,pension,background,pension,pension_not_received,OFF-PEN01,Resolved,2026-10-02,2026-09-24,7,yes
DEMO00802,2026-09-17,Central Zone,Madhya Pradesh,Sheopur,Badoda,text,hi,राशन दुकान वाले ने रिश्वत मांगी।,sensitive,background,police,police_inaction,OFF-SC01,Pending,2026-09-18,,,yes
DEMO00803,2026-09-17,Central Zone,Madhya Pradesh,West Nimar,Khargone,voice,hi,मेरी वृद्धावस्था पेंशन कई महीनों से नहीं मिली है।,pension,background,pension,pension_not_received,OFF-PEN01,Resolved,2026-10-02,2026-09-28,11,yes
DEMO00804,2026-09-17,West Zone,Maharashtra,Osmanabad,Bhum,text,en,There is no doctor at the health centre and no medicine.,health,background,health,no_doctor_medicine,OFF-HEA01,Resolved,2026-09-20,2026-09-19,2,yes
DEMO00805,2026-09-17,Northeast Zone,Manipur,Imphal East,Khongman,text,en,The ration shop dealer is not giving rice on my ration card.,ration,background,ration,ration_not_given,OFF-RAT01,Resolved,2026-09-24,2026-09-19,2,yes
DEMO00806,2026-09-17,North Zone,Punjab,Rupnagar,Morinda,text,pa,ਰਾਸ਼ਨ ਡਿਪੂ ਵਾਲਾ ਮੈਨੂੰ ਕਣਕ ਨਹੀਂ ਦੇ ਰਿਹਾ।,ration,background,ration,ration_not_given,OFF-RAT01,Resolved,2026-09-24,2026-09-22,5,yes
DEMO00807,2026-09-17,North Zone,Rajasthan,Jaipur,Shahpura,voice,hi,स्कूल में शिक्षक नियमित रूप से नहीं आते हैं।,education,background,education,teacher_absent,OFF-EDU01,Pending,2026-10-02,,,yes
DEMO00808,2026-09-17,South Zone,Tamil Nadu,Coimbatore,Neripperichal,voice,ta,ரேஷன் கடையில் என் குடும்ப அட்டைக்கு அரிசி கொடுக்கவில்லை.,ration,background,ration,ration_not_given,OFF-RAT01,Resolved,2026-09-24,2026-09-21,4,yes
DEMO00809,2026-09-17,South Zone,Tamil Nadu,Thiruvarur,Nannilam,text,ta,எனது முதியோர் ஓய்வூதியம் பல மாதங்களாக வரவில்லை.,pension,background,pension,pension_not_received,OFF-PEN01,Resolved,2026-10-02,2026-09-28,11,yes
DEMO00810,2026-09-17,South Zone,Tamil Nadu,Vellore,Ambur,text,ta,"சாலையில் பெரிய குழிகள் உள்ளன, பயணம் ஆபத்தானது.",roads,background,roads,potholes,OFF-ROA01,Resolved,2026-10-08,2026-10-03,16,yes
DEMO00811,2026-09-17,South Zone,Telangana,Nizamabad,Kamareddy,voice,te,My neighbour beat me and threatened me.,sensitive,background,police,police_inaction,OFF-SC01,Pending,2026-09-18,,,yes
DEMO00812,2026-09-17,South Zone,Telangana,Nizamabad,Kamareddy,text,hi,राशन दुकान वाला मेरे राशन कार्ड पर चावल नहीं दे रहा है।,ration,background,ration,ration_not_given,OFF-RAT01,Resolved,2026-09-24,2026-09-23,6,yes
DEMO00813,2026-09-17,Northeast Zone,Tripura,South Tripura,Sabroom,text,bn,স্কুলে শিক্ষক নিয়মিত আসেন না।,education,background,education,teacher_absent,OFF-EDU01,Resolved,2026-10-02,2026-09-22,5,yes
DEMO00814,2026-09-17,Northeast Zone,Tripura,West Tripura,Kunjaban,text,bn,"অনেক দিন ধরে বিদ্যুৎ নেই, ট্রান্সফরমার পুড়ে গেছে।",electricity,background,electricity,power_cut,OFF-ELE01,Resolved,2026-09-20,2026-09-28,11,yes
DEMO00815,2026-09-17,Central Zone,Uttar Pradesh,Allahabad,Jhusi,text,hi,राशन दुकान वाले ने रिश्वत मांगी।,sensitive,background,police,police_inaction,OFF-SC01,Resolved,2026-09-18,2026-09-18,1,yes
DEMO00816,2026-09-17,Central Zone,Uttar Pradesh,Bareilly,Thiriya Nizamat Khan,text,hi,स्वास्थ्य केंद्र में डॉक्टर नहीं है और दवाई नहीं मिलती।,health,background,health,no_doctor_medicine,OFF-HEA01,Resolved,2026-09-20,2026-09-25,8,yes
DEMO00817,2026-09-17,Central Zone,Uttar Pradesh,Chandauli,Chakia,text,hi,पड़ोसी ने मेरे साथ मारपीट की और धमकी दी।,sensitive,background,police,police_inaction,OFF-SC01,Resolved,2026-09-18,2026-09-18,1,yes
DEMO00818,2026-09-17,Central Zone,Uttar Pradesh,Fatehpur,Bahuwa,text,hinglish,Ration dukan wala chawal nahi de raha.,ration,background,ration,ration_not_given,OFF-RAT01,Resolved,2026-09-24,2026-09-27,10,yes
DEMO00819,2026-09-17,Central Zone,Uttar Pradesh,Ghaziabad,Ordnance Factory Muradnagar,text,en,"There is no electricity for many days, the transformer is burnt.",electricity,background,electricity,power_cut,OFF-ELE01,Resolved,2026-09-20,2026-09-18,1,yes
DEMO00820,2026-09-17,Central Zone,Uttar Pradesh,Kaushambi,Karari,text,hi,"कई दिनों से बिजली नहीं है, ट्रांसफार्मर जल गया है।",electricity,background,electricity,power_cut,OFF-ELE01,Resolved,2026-09-20,2026-09-19,2,yes
DEMO00821,2026-09-17,Central Zone,Uttar Pradesh,Shahjahanpur,Rly. Settlement Roza,voice,hi,राशन दुकान वाला मेरे राशन कार्ड पर चावल नहीं दे रहा है।,ration,background,ration,ration_not_given,OFF-RAT01,Resolved,2026-09-24,2026-09-29,12,yes
DEMO00822,2026-09-17,Central Zone,Uttar Pradesh,Shahjahanpur,Shahjahanpur,text,hi,स्वास्थ्य केंद्र में डॉक्टर नहीं है और दवाई नहीं मिलती।,health,background,health,no_doctor_medicine,OFF-HEA01,Resolved,2026-09-20,2026-09-19,2,yes
DEMO00823,2026-09-17,Central Zone,Uttarakhand,Hardwar,Roorkee,text,en,The ration shop dealer is not giving rice on my ration card.,ration,background,ration,ration_not_given,OFF-RAT01,Resolved,2026-09-24,2026-09-19,2,yes
DEMO00824,2026-09-17,Central Zone,Uttarakhand,Uttarkashi,Gangotri,voice,hi,हमारे गाँव का हैंडपंप खराब है और पीने का पानी नहीं है।,water,background,water,handpump,OFF-WAT01,Resolved,2026-09-24,2026-09-23,6,yes
DEMO00825,2026-09-17,East Zone,West Bengal,Medinipur,Goasafat,text,hi,सड़क पर बड़े गड्ढे हैं और चलना खतरनाक है।,roads,background,roads,potholes,OFF-ROA01,Resolved,2026-10-08,2026-10-03,16,yes
DEMO00826,2026-09-17,East Zone,West Bengal,North Twentyfour Parganas,Sonatikiri,voice,bn,"অনেক দিন ধরে বিদ্যুৎ নেই, ট্রান্সফরমার পুড়ে গেছে।",electricity,stable_electricity,electricity,power_cut,OFF-ELE01,Resolved,2026-09-20,2026-09-18,1,yes
DEMO00827,2026-09-17,East Zone,West Bengal,Uttar Dinajpur,Nachhratpur Katabari,text,en,My old age pension has not been received for months.,pension,background,pension,pension_not_received,OFF-PEN01,Resolved,2026-10-02,2026-10-03,16,yes
DEMO00828,2026-09-18,South Zone,Andaman & Nicobar,Andamans,Garacharma,text,en,"Nobody is listening to us, please check.",unclear,background,pension,pension_not_received,OFF-PEN01,Resolved,2026-10-03,2026-10-03,15,yes
DEMO00829,2026-09-18,South Zone,Andhra Pradesh,Kurnool,Nandyal,text,te,The ration dealer asked for a bribe to give my quota.,sensitive,background,police,police_inaction,OFF-SC01,Resolved,2026-09-19,2026-09-19,1,yes
DEMO00830,2026-09-18,South Zone,Andhra Pradesh,Prakasam,Chirala,voice,te,రేషన్ డీలర్ నా కార్డుపై బియ్యం ఇవ్వడం లేదు.,ration,background,ration,ration_not_given,OFF-RAT01,Resolved,2026-09-25,2026-09-20,2,yes
DEMO00831,2026-09-18,Northeast Zone,Assam,Barpeta,Barpeta,voice,as,বহুদিন ধৰি টেপত খোৱাপানী অহা নাই।,water,background,water,no_supply,OFF-WAT01,Pending,2026-09-25,,,yes
DEMO00832,2026-09-18,Northeast Zone,Assam,Jorhat,Jorhat,voice,as,"চিকিৎসালয়ত ডাক্তৰ নাই, ঔষধ পোৱা নাযায়।",health,background,health,no_doctor_medicine,OFF-HEA01,Resolved,2026-09-21,2026-09-19,1,yes
DEMO00833,2026-09-18,East Zone,Bihar,Buxar,Dumraon,voice,hi,स्वास्थ्य केंद्र में डॉक्टर नहीं है और दवाई नहीं मिलती।,health,background,health,no_doctor_medicine,OFF-HEA01,Resolved,2026-09-21,2026-09-26,8,yes
DEMO00834,2026-09-18,East Zone,Bihar,Pashchim Champaran,Bagaha,text,hi,सड़क पर बड़े गड्ढे हैं और चलना खतरनाक है।,roads,background,roads,potholes,OFF-ROA01,Resolved,2026-10-09,2026-10-03,15,yes
DEMO00835,2026-09-18,East Zone,Bihar,Saran,Revelganj,text,en,The teacher does not come to the school regularly.,education,background,education,teacher_absent,OFF-EDU01,Pending,2026-10-03,,,yes
DEMO00836,2026-09-18,Central Zone,Chhattisgarh,Bilaspur,Bilaspur,text,hinglish,"Aspatal mein doctor nahi hai, dawai bhi nahi mil rahi.",health,cluster_health,health,no_doctor_medicine,OFF-HEA01,Pending,2026-09-21,,,yes
DEMO00837,2026-09-18,Central Zone,Chhattisgarh,Raipur,Arang,voice,hi,कई दिनों से नल में पानी नहीं आ रहा है।,water,spike_water,water,no_supply,OFF-WAT01,Resolved,2026-09-25,2026-09-20,2,yes
DEMO00838,2026-09-18,Central Zone,Chhattisgarh,Raipur,Baloda Bazar,text,hi,हमारे गाँव का हैंडपंप खराब है और पीने का पानी नहीं है।,water,spike_water,water,handpump,OFF-WAT01,Resolved,2026-09-25,2026-09-23,5,yes
DEMO00839,2026-09-18,Central Zone,Chhattisgarh,Raipur,Bhanpuri,text,cg,कतको दिन ले नल म पानी नइ आवत हे।,water,spike_water,water,no_supply,OFF-WAT01,Resolved,2026-09-25,2026-09-24,6,yes
DEMO00840,2026-09-18,Central Zone,Chhattisgarh,Raipur,Bhanpuri,text,hi,हमारे गाँव का हैंडपंप खराब है और पीने का पानी नहीं है।,water,spike_water,water,handpump,OFF-WAT01,Pending,2026-09-25,,,yes
DEMO00841,2026-09-18,Central Zone,Chhattisgarh,Raipur,Gogaon,voice,cg,कतको दिन ले नल म पानी नइ आवत हे।,water,spike_water,water,no_supply,OFF-WAT01,Resolved,2026-09-25,2026-09-30,12,yes
DEMO00842,2026-09-18,Central Zone,Chhattisgarh,Raipur,Simga,text,cg,हमर पारा के हैंडपंप बंद हवय।,water,spike_water,water,handpump,OFF-WAT01,Pending,2026-09-25,,,yes
DEMO00843,2026-09-18,Central Zone,Chhattisgarh,Raipur,Simga,text,cg,"हमर गाँव के हैंडपंप खराब हवय, पीए बर पानी नइ हे।",water,spike_water,water,handpump,OFF-WAT01,Pending,2026-09-25,,,yes
DEMO00844,2026-09-18,North Zone,Delhi,East,Gharoli,text,hi,सड़क पर बड़े गड्ढे हैं और चलना खतरनाक है।,roads,background,roads,potholes,OFF-ROA01,Resolved,2026-10-09,2026-10-02,14,yes
DEMO00845,2026-09-18,North Zone,Delhi,North West,Kirari Suleman Nagar,text,en,The road has big potholes and is unsafe.,roads,background,roads,potholes,OFF-ROA01,Resolved,2026-10-09,2026-10-03,15,yes
DEMO00846,2026-09-18,North Zone,Haryana,Gurgaon,Haileymandi,text,hinglish,"Aspatal mein doctor nahi hai, dawai bhi nahi mil rahi.",health,background,health,no_doctor_medicine,OFF-HEA01,Resolved,2026-09-21,2026-09-27,9,yes
DEMO00847,2026-09-18,North Zone,Haryana,Gurgaon,Taoru,text,hi,सड़क पर बड़े गड्ढे हैं और चलना खतरनाक है।,roads,background,roads,potholes,OFF-ROA01,Pending,2026-10-09,,,yes
DEMO00848,2026-09-18,North Zone,Haryana,Jind,Narwana,text,hinglish,Sadak pe bahut gaddhe hai.,roads,background,roads,potholes,OFF-ROA01,Resolved,2026-10-09,2026-10-03,15,yes
DEMO00849,2026-09-18,North Zone,Haryana,Jind,Uchana,text,hi,राशन दुकान वाला मेरे राशन कार्ड पर चावल नहीं दे रहा है।,ration,background,ration,ration_not_given,OFF-RAT01,Resolved,2026-09-25,2026-09-21,3,yes
DEMO00850,2026-09-18,North Zone,Haryana,Rohtak,Rohtak,voice,hi,स्वास्थ्य केंद्र में डॉक्टर नहीं है और दवाई नहीं मिलती।,health,background,health,no_doctor_medicine,OFF-HEA01,Resolved,2026-09-21,2026-09-19,1,yes
DEMO00851,2026-09-18,North Zone,Himachal Pradesh,Hamirpur,Tira Sujanpur,text,hinglish,School mein teacher nahi aate.,education,background,education,teacher_absent,OFF-EDU01,Resolved,2026-10-03,2026-09-27,9,yes
DEMO00852,2026-09-18,North Zone,Himachal Pradesh,Sirmaur,Nahan,text,hi,"कई दिनों से बिजली नहीं है, ट्रांसफार्मर जल गया है।",electricity,background,electricity,power_cut,OFF-ELE01,Pending,2026-09-21,,,yes
DEMO00853,2026-09-18,North Zone,Himachal Pradesh,Solan,Parwanoo,text,hi,मेरी वृद्धावस्था पेंशन कई महीनों से नहीं मिली है।,pension,background,pension,pension_not_received,OFF-PEN01,Resolved,2026-10-03,2026-09-27,9,yes
DEMO00854,2026-09-18,North Zone,Himachal Pradesh,Una,Gagret,voice,hi,स्वास्थ्य केंद्र में डॉक्टर नहीं है और दवाई नहीं मिलती।,health,background,health,no_doctor_medicine,OFF-HEA01,Resolved,2026-09-21,2026-09-19,1,yes
DEMO00855,2026-09-18,East Zone,Jharkhand,Bokaro,Jena,text,hi,स्कूल में शिक्षक नियमित रूप से नहीं आते हैं।,education,background,education,teacher_absent,OFF-EDU01,Resolved,2026-10-03,2026-09-28,10,yes
DEMO00856,2026-09-18,East Zone,Jharkhand,Hazaribag,Topa,text,hinglish,The ration dealer asked for a bribe to give my quota.,sensitive,background,police,police_inaction,OFF-SC01,Resolved,2026-09-19,2026-09-19,1,yes
DEMO00857,2026-09-18,East Zone,Jharkhand,Kodarma,Kodarma,text,hi,स्वास्थ्य केंद्र में डॉक्टर नहीं है और दवाई नहीं मिलती।,health,background,health,no_doctor_medicine,OFF-HEA01,Resolved,2026-09-21,2026-09-24,6,yes
DEMO00858,2026-09-18,East Zone,Jharkhand,Purbi Singhbhum,Ghorabandha,voice,hi,"कई दिनों से बिजली नहीं है, ट्रांसफार्मर जल गया है।",electricity,background,electricity,power_cut,OFF-ELE01,Pending,2026-09-21,,,yes
DEMO00859,2026-09-18,South Zone,Karnataka,Chitradurga,Chitradurga,text,kn,"ಆಸ್ಪತ್ರೆಯಲ್ಲಿ ವೈದ್ಯರಿಲ್ಲ, ಔಷಧ ಸಿಗುತ್ತಿಲ್ಲ.",health,background,health,no_doctor_medicine,OFF-HEA01,Resolved,2026-09-21,2026-09-19,1,yes
DEMO00860,2026-09-18,South Zone,Karnataka,Gulbarga,Gulbarga,text,kn,"ಹಲವು ದಿನಗಳಿಂದ ವಿದ್ಯುತ್ ಇಲ್ಲ, ಟ್ರಾನ್ಸ್ಫಾರ್ಮರ್ ಸುಟ್ಟುಹೋಗಿದೆ.",electricity,background,electricity,power_cut,OFF-ELE01,Resolved,2026-09-21,2026-09-19,1,yes
DEMO00861,2026-09-18,South Zone,Kerala,Alappuzha,Muhamma,text,hinglish,"Aspatal mein doctor nahi hai, dawai bhi nahi mil rahi.",health,background,health,no_doctor_medicine,OFF-HEA01,Pending,2026-09-21,,,yes
DEMO00862,2026-09-18,South Zone,Kerala,Ernakulam,Varappuzha,text,en,My old age pension has not been received for months.,pension,background,pension,pension_not_received,OFF-PEN01,Resolved,2026-10-03,2026-10-03,15,yes
DEMO00863,2026-09-18,South Zone,Kerala,Kannur,Pappinisseri,text,ml,റോഡ് മുഴുവൻ വലിയ കുഴികൾ ആണ്.,roads,background,roads,potholes,OFF-ROA01,Resolved,2026-10-09,2026-10-03,15,yes
DEMO00864,2026-09-18,Central Zone,Madhya Pradesh,Bhind,Mihona,text,hinglish,"Bijli nahi hai kai din se, transformer kharab hai.",electricity,background,electricity,transformer,OFF-ELE01,Resolved,2026-09-21,2026-09-19,1,yes
DEMO00865,2026-09-18,Central Zone,Madhya Pradesh,Indore,Depalpur,text,en,"There is no electricity for many days, the transformer is burnt.",electricity,background,electricity,power_cut,OFF-ELE01,Resolved,2026-09-21,2026-09-20,2,yes
DEMO00866,2026-09-18,Central Zone,Madhya Pradesh,Raisen,Raisen,text,hi,स्कूल में शिक्षक नियमित रूप से नहीं आते हैं।,education,background,education,teacher_absent,OFF-EDU01,Resolved,2026-10-03,2026-09-25,7,yes
DEMO00867,2026-09-18,West Zone,Maharashtra,Aurangabad,Aurangabad,voice,mr,अनेक दिवसांपासून नळाला पाणी येत नाही.,water,background,water,no_supply,OFF-WAT01,Resolved,2026-09-25,2026-09-21,3,yes
DEMO00868,2026-09-18,West Zone,Maharashtra,Jalgaon,Erandol,text,mr,रुग्णालयात डॉक्टर नाहीत आणि औषध मिळत नाही.,health,background,health,no_doctor_medicine,OFF-HEA01,Resolved,2026-09-21,2026-09-19,1,yes
DEMO00869,2026-09-18,West Zone,Maharashtra,Kolhapur,Panhala,text,hi,मेरी वृद्धावस्था पेंशन कई महीनों से नहीं मिली है।,pension,background,pension,pension_not_received,OFF-PEN01,Resolved,2026-10-03,2026-09-29,11,yes
DEMO00870,2026-09-18,West Zone,Maharashtra,Parbhani,Gangakhed,text,mr,My neighbour beat me and threatened me.,sensitive,background,police,police_inaction,OFF-SC01,Resolved,2026-09-19,2026-09-19,1,yes
DEMO00871,2026-09-18,West Zone,Maharashtra,Thane,Boisar,text,mr,शाळा सुरू असूनही शिक्षक नियमित येत नाहीत.,education,background,education,teacher_absent,OFF-EDU01,Resolved,2026-10-03,2026-10-03,15,yes
DEMO00872,2026-09-18,West Zone,Maharashtra,Washim,Risod,voice,mr,"अनेक दिवसांपासून वीज नाही, ट्रान्सफॉर्मर जळाला आहे.",electricity,background,electricity,power_cut,OFF-ELE01,Pending,2026-09-21,,,yes
DEMO00873,2026-09-18,East Zone,Odisha,Nayagarh,Nayagarh,text,en,The road has big potholes and is unsafe.,roads,background,roads,potholes,OFF-ROA01,Resolved,2026-10-09,2026-10-03,15,yes
DEMO00874,2026-09-18,North Zone,Punjab,Hoshiarpur,Hariana,voice,pa,"ਸਾਡੇ ਪਿੰਡ ਦਾ ਨਲਕਾ ਖਰਾਬ ਹੈ, ਪੀਣ ਵਾਲਾ ਪਾਣੀ ਨਹੀਂ ਹੈ।",water,background,water,handpump,OFF-WAT01,Pending,2026-09-25,,,yes
DEMO00875,2026-09-18,North Zone,Rajasthan,Bikaner,Bikaner,text,hinglish,"Kai din se paani nahi aa raha, nal sukha hai.",water,background,water,no_supply,OFF-WAT01,Resolved,2026-09-25,2026-09-21,3,yes
DEMO00876,2026-09-18,North Zone,Rajasthan,Jaisalmer,Pokaran,voice,hi,स्कूल में शिक्षक नियमित रूप से नहीं आते हैं।,education,background,education,teacher_absent,OFF-EDU01,Resolved,2026-10-03,2026-09-30,12,yes
DEMO00877,2026-09-18,South Zone,Tamil Nadu,Coimbatore,Kannampalayam,voice,ta,ரேஷன் கடையில் என் குடும்ப அட்டைக்கு அரிசி கொடுக்கவில்லை.,ration,background,ration,ration_not_given,OFF-RAT01,Resolved,2026-09-25,2026-09-22,4,yes
DEMO00878,2026-09-18,South Zone,Tamil Nadu,Namakkal,Athanur,text,en,The ration shop dealer is not giving rice on my ration card.,ration,background,ration,ration_not_given,OFF-RAT01,Resolved,2026-09-25,2026-09-30,12,yes
DEMO00879,2026-09-18,South Zone,Tamil Nadu,Thanjavur,Thanjavur,text,hi,"मेरा काम नहीं हो रहा, कोई सुनता नहीं है।",unclear,background,education,midday_meal,OFF-EDU01,Resolved,2026-10-03,2026-09-24,6,yes
DEMO00880,2026-09-18,Central Zone,Uttar Pradesh,Ballia,Reoti,text,hi,"कई दिनों से बिजली नहीं है, ट्रांसफार्मर जल गया है।",electricity,background,electricity,power_cut,OFF-ELE01,Resolved,2026-09-21,2026-09-20,2,yes
DEMO00881,2026-09-18,Central Zone,Uttar Pradesh,Bareilly,Bisharatganj,text,hinglish,School mein teacher nahi aate.,education,background,education,teacher_absent,OFF-EDU01,Resolved,2026-10-03,2026-10-01,13,yes
DEMO00882,2026-09-18,Central Zone,Uttar Pradesh,Etawah,Lakhna,text,hi,सड़क पर बड़े गड्ढे हैं और चलना खतरनाक है।,roads,background,roads,potholes,OFF-ROA01,Resolved,2026-10-09,2026-09-24,6,yes
DEMO00883,2026-09-18,Central Zone,Uttar Pradesh,Fatehpur,Kora Jahanabad,text,en,The road has big potholes and is unsafe.,roads,background,roads,potholes,OFF-ROA01,Resolved,2026-10-09,2026-10-02,14,yes
DEMO00884,2026-09-18,Central Zone,Uttar Pradesh,Gautam Buddha Nagar,Jahangirpur,text,hinglish,School mein teacher nahi aate.,education,background,education,teacher_absent,OFF-EDU01,Resolved,2026-10-03,2026-09-24,6,yes
DEMO00885,2026-09-18,Central Zone,Uttar Pradesh,Jyotiba Phule Nagar,Gajraula,text,hi,मेरी वृद्धावस्था पेंशन कई महीनों से नहीं मिली है।,pension,background,pension,pension_not_received,OFF-PEN01,Resolved,2026-10-03,2026-09-26,8,yes
DEMO00886,2026-09-18,Central Zone,Uttar Pradesh,Kushinagar,Sewarhi,text,hinglish,"Nobody is listening to us, please check.",unclear,background,roads,bridge,OFF-ROA01,Resolved,2026-10-09,2026-10-03,15,yes
DEMO00887,2026-09-18,Central Zone,Uttar Pradesh,Mainpuri,Kusmara,voice,hi,स्कूल में शिक्षक नियमित रूप से नहीं आते हैं।,education,background,education,teacher_absent,OFF-EDU01,Resolved,2026-10-03,2026-10-02,14,yes
DEMO00888,2026-09-18,Central Zone,Uttar Pradesh,Mau,Adari,text,en,There is no doctor at the health centre and no medicine.,health,background,health,no_doctor_medicine,OFF-HEA01,Resolved,2026-09-21,2026-09-19,1,yes
DEMO00889,2026-09-18,Central Zone,Uttar Pradesh,Pilibhit,Barkhera,voice,hi,"कई दिनों से बिजली नहीं है, ट्रांसफार्मर जल गया है।",electricity,background,electricity,power_cut,OFF-ELE01,Resolved,2026-09-21,2026-09-20,2,yes
DEMO00890,2026-09-18,Central Zone,Uttar Pradesh,Siddharthnagar,Shohratgarh,text,hi,स्कूल में शिक्षक नियमित रूप से नहीं आते हैं।,education,background,education,teacher_absent,OFF-EDU01,Resolved,2026-10-03,2026-09-22,4,yes
DEMO00891,2026-09-18,Central Zone,Uttarakhand,Dehradun,Pratitnagar,text,hi,राशन दुकान वाला मेरे राशन कार्ड पर चावल नहीं दे रहा है।,ration,background,ration,ration_not_given,OFF-RAT01,Resolved,2026-09-25,2026-09-24,6,yes
DEMO00892,2026-09-18,East Zone,West Bengal,Haora,Alpur,voice,bn,"আমাদের গ্রামের নলকূপ খারাপ, পানীয় জল নেই।",water,background,water,handpump,OFF-WAT01,Resolved,2026-09-25,2026-09-20,2,yes
DEMO00893,2026-09-18,East Zone,West Bengal,Hugli,Baidyabati,text,bn,স্কুলে শিক্ষক নিয়মিত আসেন না।,education,background,education,teacher_absent,OFF-EDU01,Resolved,2026-10-03,2026-09-24,6,yes
DEMO00894,2026-09-18,East Zone,West Bengal,Maldah,Kendua,text,bn,"স্বাস্থ্যকেন্দ্রে ডাক্তার নেই, ওষুধও পাওয়া যায় না।",health,background,health,no_doctor_medicine,OFF-HEA01,Pending,2026-09-21,,,yes
DEMO00895,2026-09-18,East Zone,West Bengal,North Twentyfour Parganas,Gobardanga,text,hi,"कई दिनों से बिजली नहीं है, ट्रांसफार्मर जल गया है।",electricity,stable_electricity,electricity,power_cut,OFF-ELE01,Resolved,2026-09-21,2026-09-19,1,yes
DEMO00896,2026-09-18,East Zone,West Bengal,South Twentyfour Parganas,Chak Kashipur,voice,bn,"অনেক দিন ধরে বিদ্যুৎ নেই, ট্রান্সফরমার পুড়ে গেছে।",electricity,background,electricity,power_cut,OFF-ELE01,Resolved,2026-09-21,2026-09-24,6,yes
DEMO00897,2026-09-19,Northeast Zone,Assam,Bongaigaon,New Bongaigaon Rly. Colony,text,as,ৰেচন ডিলাৰে মোৰ কাৰ্ডত চাউল দিয়া নাই।,ration,background,ration,ration_not_given,OFF-RAT01,Resolved,2026-09-26,2026-09-28,9,yes
DEMO00898,2026-09-19,East Zone,Bihar,Lakhisarai,Lakhisarai,text,hi,स्कूल में शिक्षक नियमित रूप से नहीं आते हैं।,education,background,education,teacher_absent,OFF-EDU01,Resolved,2026-10-04,2026-10-03,14,yes
DEMO00899,2026-09-19,Central Zone,Chhattisgarh,Bilaspur,Bilaspur,text,cg,"अस्पताल म डाक्टर नइ हे, दवई घलो नइ मिलत।",health,cluster_health,health,no_doctor_medicine,OFF-HEA01,Resolved,2026-09-22,2026-09-21,2,yes
DEMO00900,2026-09-19,Central Zone,Chhattisgarh,Bilaspur,Bilaspur,voice,cg,"अस्पताल म डाक्टर नइ हे, दवई घलो नइ मिलत।",health,cluster_health,health,no_doctor_medicine,OFF-HEA01,Resolved,2026-09-22,2026-09-21,2,yes
DEMO00901,2026-09-19,Central Zone,Chhattisgarh,Raipur,Arang,text,cg,"हमर गाँव के हैंडपंप खराब हवय, पीए बर पानी नइ हे।",water,spike_water,water,handpump,OFF-WAT01,Pending,2026-09-26,,,yes
DEMO00902,2026-09-19,Central Zone,Chhattisgarh,Raipur,Birgaon,voice,cg,कतको दिन ले नल म पानी नइ आवत हे।,water,spike_water,water,no_supply,OFF-WAT01,Pending,2026-09-26,,,yes
DEMO00903,2026-09-19,Central Zone,Chhattisgarh,Raipur,Birgaon,text,cg,"हमर गाँव के हैंडपंप खराब हवय, पीए बर पानी नइ हे।",water,spike_water,water,handpump,OFF-WAT01,Resolved,2026-09-26,2026-09-25,6,yes
DEMO00904,2026-09-19,Central Zone,Chhattisgarh,Raipur,Birgaon,text,hi,कई दिनों से नल में पानी नहीं आ रहा है।,water,spike_water,water,no_supply,OFF-WAT01,Resolved,2026-09-26,2026-09-23,4,yes
DEMO00905,2026-09-19,Central Zone,Chhattisgarh,Raipur,Raipur,voice,cg,कतको दिन ले नल म पानी नइ आवत हे।,water,spike_water,water,no_supply,OFF-WAT01,Resolved,2026-09-26,2026-09-25,6,yes
DEMO00906,2026-09-19,North Zone,Delhi,North,Jharoda Majra Burari,text,hi,"कई दिनों से बिजली नहीं है, ट्रांसफार्मर जल गया है।",electricity,background,electricity,power_cut,OFF-ELE01,Pending,2026-09-22,,,yes
DEMO00907,2026-09-19,West Zone,Gujarat,Kachchh,Kandla,voice,gu,દવાખાનામાં ડોક્ટર નથી અને દવા મળતી નથી.,health,background,health,no_doctor_medicine,OFF-HEA01,Resolved,2026-09-22,2026-09-21,2,yes
DEMO00908,2026-09-19,West Zone,Gujarat,Rajkot,Jasdan,text,gu,મારું વૃદ્ધ પેન્શન ઘણા મહિનાથી મળ્યું નથી.,pension,background,pension,pension_not_received,OFF-PEN01,Resolved,2026-10-04,2026-10-03,14,yes
DEMO00909,2026-09-19,North Zone,Haryana,Sirsa,Kalan Wali,voice,hi,"कई दिनों से बिजली नहीं है, ट्रांसफार्मर जल गया है।",electricity,background,electricity,power_cut,OFF-ELE01,Resolved,2026-09-22,2026-09-21,2,yes
DEMO00910,2026-09-19,North Zone,Himachal Pradesh,Chamba,Bakloh,voice,hi,"मेरा काम नहीं हो रहा, कोई सुनता नहीं है।",unclear,background,electricity,transformer,OFF-ELE01,Resolved,2026-09-22,2026-09-21,2,yes
DEMO00911,2026-09-19,North Zone,Himachal Pradesh,Shimla,Seoni,voice,hi,मेरी वृद्धावस्था पेंशन कई महीनों से नहीं मिली है।,pension,background,pension,pension_not_received,OFF-PEN01,Pending,2026-10-04,,,yes
DEMO00912,2026-09-19,North Zone,Himachal Pradesh,Shimla,Seoni,text,hinglish,Ration dukan wala chawal nahi de raha.,ration,background,ration,ration_not_given,OFF-RAT01,Resolved,2026-09-26,2026-09-24,5,yes
DEMO00913,2026-09-19,South Zone,Karnataka,Mandya,Nagamangala,text,kn,ಪಡಿತರ ಅಂಗಡಿಯಲ್ಲಿ ನನ್ನ ಕಾರ್ಡಿಗೆ ಅಕ್ಕಿ ಕೊಡುತ್ತಿಲ್ಲ.,ration,background,ration,ration_not_given,OFF-RAT01,Resolved,2026-09-26,2026-09-22,3,yes
DEMO00914,2026-09-19,South Zone,Karnataka,Shimoga,Shikarpur,text,en,The road has big potholes and is unsafe.,roads,background,roads,potholes,OFF-ROA01,Resolved,2026-10-10,2026-10-03,14,yes
DEMO00915,2026-09-19,South Zone,Kerala,Ernakulam,Chendamangalam,text,ml,പല ദിവസങ്ങളായി പൈപ്പ് വഴി വെള്ളം വരുന്നില്ല.,water,background,water,no_supply,OFF-WAT01,Resolved,2026-09-26,2026-09-23,4,yes
DEMO00916,2026-09-19,South Zone,Kerala,Kannur,Kanhirode,text,hinglish,"Kai din se paani nahi aa raha, nal sukha hai.",water,background,water,no_supply,OFF-WAT01,Resolved,2026-09-26,2026-09-25,6,yes
DEMO00917,2026-09-19,South Zone,Kerala,Kannur,Kannur Cantonment,text,en,The teacher does not come to the school regularly.,education,background,education,teacher_absent,OFF-EDU01,Resolved,2026-10-04,2026-09-25,6,yes
DEMO00918,2026-09-19,South Zone,Kerala,Pathanamthitta,Adoor,voice,ml,"Nobody is listening to us, please check.",unclear,background,ration,ration_card,OFF-RAT01,Resolved,2026-09-26,2026-09-21,2,yes
DEMO00919,2026-09-19,South Zone,Kerala,Thiruvananthapuram,Nedumangad,text,ml,റോഡ് മുഴുവൻ വലിയ കുഴികൾ ആണ്.,roads,background,roads,potholes,OFF-ROA01,Resolved,2026-10-10,2026-10-03,14,yes
DEMO00920,2026-09-19,South Zone,Kerala,Wayanad,Kalpetta,voice,ml,പല ദിവസങ്ങളായി പൈപ്പ് വഴി വെള്ളം വരുന്നില്ല.,water,background,water,no_supply,OFF-WAT01,Resolved,2026-09-26,2026-10-02,13,yes
DEMO00921,2026-09-19,Central Zone,Madhya Pradesh,Bhind,Mau,voice,hi,स्कूल में शिक्षक नियमित रूप से नहीं आते हैं।,education,background,education,teacher_absent,OFF-EDU01,Resolved,2026-10-04,2026-09-30,11,yes
DEMO00922,2026-09-19,Central Zone,Madhya Pradesh,Dhar,Bagh,text,hi,राशन दुकान वाला मेरे राशन कार्ड पर चावल नहीं दे रहा है।,ration,background,ration,ration_not_given,OFF-RAT01,Resolved,2026-09-26,2026-09-30,11,yes
DEMO00923,2026-09-19,Central Zone,Madhya Pradesh,Dhar,Sardarpur,text,hi,राशन दुकान वाला मेरे राशन कार्ड पर चावल नहीं दे रहा है।,ration,background,ration,ration_not_given,OFF-RAT01,Resolved,2026-09-26,2026-09-23,4,yes
DEMO00924,2026-09-19,Central Zone,Madhya Pradesh,Dindori,Shahpura,voice,hi,स्कूल में शिक्षक नियमित रूप से नहीं आते हैं।,education,background,education,teacher_absent,OFF-EDU01,Resolved,2026-10-04,2026-09-28,9,yes
DEMO00925,2026-09-19,Central Zone,Madhya Pradesh,Gwalior,Dabra,text,hi,कई दिनों से नल में पानी नहीं आ रहा है।,water,background,water,no_supply,OFF-WAT01,Resolved,2026-09-26,2026-09-23,4,yes
DEMO00926,2026-09-19,Central Zone,Madhya Pradesh,Sehore,Nasrullaganj,text,hi,"कई दिनों से बिजली नहीं है, ट्रांसफार्मर जल गया है।",electricity,background,electricity,power_cut,OFF-ELE01,Resolved,2026-09-22,2026-09-21,2,yes
DEMO00927,2026-09-19,West Zone,Maharashtra,Aurangabad,Gangapur,text,en,The ration shop dealer is not giving rice on my ration card.,ration,background,ration,ration_not_given,OFF-RAT01,Resolved,2026-09-26,2026-09-27,8,yes
DEMO00928,2026-09-19,West Zone,Maharashtra,Bid,Bid,text,mr,रेशन दुकानदार माझ्या रेशन कार्डवर तांदूळ देत नाही.,ration,background,ration,ration_not_given,OFF-RAT01,Resolved,2026-09-26,2026-09-23,4,yes
DEMO00929,2026-09-19,West Zone,Maharashtra,Nagpur,Mansar,voice,mr,रुग्णालयात डॉक्टर नाहीत आणि औषध मिळत नाही.,health,background,health,no_doctor_medicine,OFF-HEA01,Resolved,2026-09-22,2026-09-20,1,yes
DEMO00930,2026-09-19,Northeast Zone,Manipur,Chandel,Moreh,text,hi,मेरी वृद्धावस्था पेंशन कई महीनों से नहीं मिली है।,pension,background,pension,pension_not_received,OFF-PEN01,Resolved,2026-10-04,2026-10-01,12,yes
DEMO00931,2026-09-19,East Zone,Odisha,Kendujhar,Jhumpura,text,or,ମୋର ବାର୍ଦ୍ଧକ୍ୟ ଭତ୍ତା କିଛି ମାସ ହେଲା ମିଳିନାହିଁ।,pension,background,pension,pension_not_received,OFF-PEN01,Resolved,2026-10-04,2026-09-28,9,yes
DEMO00932,2026-09-19,East Zone,Odisha,Rayagada,Gunupur,text,or,ସ୍କୁଲରେ ଶିକ୍ଷକ ନିୟମିତ ଆସୁନାହାନ୍ତି।,education,background,education,teacher_absent,OFF-EDU01,Resolved,2026-10-04,2026-09-25,6,yes
DEMO00933,2026-09-19,East Zone,Odisha,Sambalpur,Burla,voice,or,"ଅନେକ ଦିନ ହେଲା ବିଦ୍ୟୁତ ନାହିଁ, ଟ୍ରାନ୍ସଫର୍ମର ପୋଡ଼ିଯାଇଛି।",electricity,background,electricity,power_cut,OFF-ELE01,Resolved,2026-09-22,2026-09-21,2,yes
DEMO00934,2026-09-19,North Zone,Punjab,Amritsar,Ramdass,text,pa,ਸਕੂਲ ਵਿੱਚ ਅਧਿਆਪਕ ਨਿਯਮਤ ਨਹੀਂ ਆਉਂਦੇ।,education,background,education,teacher_absent,OFF-EDU01,Resolved,2026-10-04,2026-10-02,13,yes
DEMO00935,2026-09-19,North Zone,Punjab,Jalandhar,Nakodar,text,en,My old age pension has not been received for months.,pension,background,pension,pension_not_received,OFF-PEN01,Resolved,2026-10-04,2026-10-01,12,yes
DEMO00936,2026-09-19,North Zone,Rajasthan,Churu,Bidasar,text,hi,स्वास्थ्य केंद्र में डॉक्टर नहीं है और दवाई नहीं मिलती।,health,background,health,no_doctor_medicine,OFF-HEA01,Resolved,2026-09-22,2026-09-21,2,yes
DEMO00937,2026-09-19,North Zone,Rajasthan,Jaisalmer,Pokaran,text,hi,मेरी वृद्धावस्था पेंशन कई महीनों से नहीं मिली है।,pension,background,pension,pension_not_received,OFF-PEN01,Resolved,2026-10-04,2026-10-03,14,yes
DEMO00938,2026-09-19,North Zone,Rajasthan,Jhalawar,Pirawa,text,hi,राशन दुकान वाले ने रिश्वत मांगी।,sensitive,background,police,police_inaction,OFF-SC01,Pending,2026-09-20,,,yes
DEMO00939,2026-09-19,North Zone,Rajasthan,Jhunjhunun,Surajgarh,text,hi,कई दिनों से नल में पानी नहीं आ रहा है।,water,background,water,no_supply,OFF-WAT01,Resolved,2026-09-26,2026-09-25,6,yes
DEMO00940,2026-09-19,South Zone,Tamil Nadu,Dharmapuri,Kambainallur,voice,ta,"எங்கள் கிராமத்தில் அடிகுழாய் பழுதாகிவிட்டது, குடிநீர் இல்லை.",water,background,water,handpump,OFF-WAT01,Resolved,2026-09-26,2026-09-24,5,yes
DEMO00941,2026-09-19,South Zone,Tamil Nadu,Madurai,Anaiyur,voice,ta,பள்ளிக்கு ஆசிரியர் தொடர்ந்து வருவதில்லை.,education,background,education,teacher_absent,OFF-EDU01,Resolved,2026-10-04,2026-09-26,7,yes
DEMO00942,2026-09-19,South Zone,Tamil Nadu,Nagapattinam,Thalainayar,text,en,The handpump in our village is broken and there is no drinking water.,water,background,water,handpump,OFF-WAT01,Resolved,2026-09-26,2026-09-25,6,yes
DEMO00943,2026-09-19,South Zone,Tamil Nadu,Tirunelveli,Manimutharu,text,ta,எனது முதியோர் ஓய்வூதியம் பல மாதங்களாக வரவில்லை.,pension,background,pension,pension_not_received,OFF-PEN01,Resolved,2026-10-04,2026-09-26,7,yes
DEMO00944,2026-09-19,South Zone,Tamil Nadu,Viluppuram,Sankarapuram,text,en,The road has big potholes and is unsafe.,roads,background,roads,potholes,OFF-ROA01,Resolved,2026-10-10,2026-10-03,14,yes
DEMO00945,2026-09-19,Northeast Zone,Tripura,West Tripura,Kunjaban,text,hinglish,"Aspatal mein doctor nahi hai, dawai bhi nahi mil rahi.",health,background,health,no_doctor_medicine,OFF-HEA01,Resolved,2026-09-22,2026-09-20,1,yes
DEMO00946,2026-09-19,Central Zone,Uttar Pradesh,Ambedaker Nagar,Bhulepur,voice,hi,"मेरा काम नहीं हो रहा, कोई सुनता नहीं है।",unclear,background,health,ambulance,OFF-HEA01,Resolved,2026-09-22,2026-09-21,2,yes
DEMO00947,2026-09-19,Central Zone,Uttar Pradesh,Ambedaker Nagar,Jalalpur,text,hi,मेरी वृद्धावस्था पेंशन कई महीनों से नहीं मिली है।,pension,background,pension,pension_not_received,OFF-PEN01,Resolved,2026-10-04,2026-09-24,5,yes
DEMO00948,2026-09-19,Central Zone,Uttar Pradesh,Bahraich,Jarwal,text,hi,"कई दिनों से बिजली नहीं है, ट्रांसफार्मर जल गया है।",electricity,background,electricity,power_cut,OFF-ELE01,Resolved,2026-09-22,2026-09-21,2,yes
DEMO00949,2026-09-19,Central Zone,Uttar Pradesh,Chandauli,Mughalsarai Rly. Settlement,text,hi,सड़क पर बड़े गड्ढे हैं और चलना खतरनाक है।,roads,background,roads,potholes,OFF-ROA01,Resolved,2026-10-10,2026-10-03,14,yes
DEMO00950,2026-09-19,Central Zone,Uttar Pradesh,Etawah,Bharthana,text,hi,सड़क पर बड़े गड्ढे हैं और चलना खतरनाक है।,roads,background,roads,potholes,OFF-ROA01,Resolved,2026-10-10,2026-09-28,9,yes
DEMO00951,2026-09-19,Central Zone,Uttar Pradesh,Farrukhabad,Shamsabad,voice,hi,राशन दुकान वाला मेरे राशन कार्ड पर चावल नहीं दे रहा है।,ration,background,ration,ration_not_given,OFF-RAT01,Resolved,2026-09-26,2026-09-21,2,yes
DEMO00952,2026-09-19,Central Zone,Uttar Pradesh,Fatehpur,Khaga,text,hi,मेरी वृद्धावस्था पेंशन कई महीनों से नहीं मिली है।,pension,background,pension,pension_not_received,OFF-PEN01,Resolved,2026-10-04,2026-09-25,6,yes
DEMO00953,2026-09-19,Central Zone,Uttar Pradesh,Ghazipur,Dildarnagar Fatehpur Bazar,voice,hi,राशन दुकान वाला मेरे राशन कार्ड पर चावल नहीं दे रहा है।,ration,background,ration,ration_not_given,OFF-RAT01,Resolved,2026-09-26,2026-09-24,5,yes
DEMO00954,2026-09-19,Central Zone,Uttar Pradesh,Gorakhpur,Gorakhpur,voice,hi,स्वास्थ्य केंद्र में डॉक्टर नहीं है और दवाई नहीं मिलती।,health,background,health,no_doctor_medicine,OFF-HEA01,Resolved,2026-09-22,2026-09-21,2,yes
DEMO00955,2026-09-19,Central Zone,Uttar Pradesh,Hamirpur,Rath,text,hi,हमारे गाँव का हैंडपंप खराब है और पीने का पानी नहीं है।,water,background,water,handpump,OFF-WAT01,Resolved,2026-09-26,2026-10-03,14,yes
DEMO00956,2026-09-19,Central Zone,Uttar Pradesh,Hamirpur,Rath,text,hi,"कई दिनों से बिजली नहीं है, ट्रांसफार्मर जल गया है।",electricity,background,electricity,power_cut,OFF-ELE01,Resolved,2026-09-22,2026-09-20,1,yes
DEMO00957,2026-09-19,Central Zone,Uttar Pradesh,Jaunpur,Kheta Sarai,text,en,The teacher does not come to the school regularly.,education,background,education,teacher_absent,OFF-EDU01,Resolved,2026-10-04,2026-09-26,7,yes
DEMO00958,2026-09-19,Central Zone,Uttar Pradesh,Lucknow,Nagram,text,hinglish,Meri vridha pension kai mahine se band hai.,pension,background,pension,pension_not_received,OFF-PEN01,Resolved,2026-10-04,2026-10-01,12,yes
DEMO00959,2026-09-19,Central Zone,Uttar Pradesh,Maharajganj,Nichlaul,voice,hi,स्वास्थ्य केंद्र में डॉक्टर नहीं है और दवाई नहीं मिलती।,health,background,health,no_doctor_medicine,OFF-HEA01,Resolved,2026-09-22,2026-09-20,1,yes
DEMO00960,2026-09-19,Central Zone,Uttar Pradesh,Sonbhadra,Khariya,text,hinglish,Meri vridha pension kai mahine se band hai.,pension,background,pension,pension_not_received,OFF-PEN01,Resolved,2026-10-04,2026-09-29,10,yes
DEMO00961,2026-09-19,East Zone,West Bengal,North Twentyfour Parganas,Ashoknagar Kalyangarh,text,bn,"অনেক দিন ধরে বিদ্যুৎ নেই, ট্রান্সফরমার পুড়ে গেছে।",electricity,stable_electricity,electricity,power_cut,OFF-ELE01,Resolved,2026-09-22,2026-09-21,2,yes
DEMO00962,2026-09-19,East Zone,West Bengal,North Twentyfour Parganas,Gobardanga,text,bn,"অনেক দিন ধরে বিদ্যুৎ নেই, ট্রান্সফরমার পুড়ে গেছে।",electricity,stable_electricity,electricity,power_cut,OFF-ELE01,Resolved,2026-09-22,2026-09-26,7,yes
DEMO00963,2026-09-20,South Zone,Andhra Pradesh,Guntur,Sattenapalle,voice,te,నా వృద్ధాప్య పింఛన్ చాలా నెలలుగా రాలేదు.,pension,background,pension,pension_not_received,OFF-PEN01,Resolved,2026-10-05,2026-10-03,13,yes
DEMO00964,2026-09-20,South Zone,Andhra Pradesh,Kurnool,Srisailamgudem Devasthanam,voice,te,రేషన్ డీలర్ నా కార్డుపై బియ్యం ఇవ్వడం లేదు.,ration,background,ration,ration_not_given,OFF-RAT01,Resolved,2026-09-27,2026-09-24,4,yes
DEMO00965,2026-09-20,Northeast Zone,Assam,Cachar,Uttar Krishnapur Part-I,text,as,ৰেচন ডিলাৰে মোৰ কাৰ্ডত চাউল দিয়া নাই।,ration,background,ration,ration_not_given,OFF-RAT01,Resolved,2026-09-27,2026-10-03,13,yes
DEMO00966,2026-09-20,Northeast Zone,Assam,Goalpara,Lakhipur,text,as,মোৰ বাৰ্ধক্য পেঞ্চন কেইমাহমান ধৰি পোৱা নাই।,pension,background,pension,pension_not_received,OFF-PEN01,Resolved,2026-10-05,2026-10-03,13,yes
DEMO00967,2026-09-20,East Zone,Bihar,Araria,Araria,text,hi,"मेरा काम नहीं हो रहा, कोई सुनता नहीं है।",unclear,background,health,ambulance,OFF-HEA01,Resolved,2026-09-23,2026-09-21,1,yes
DEMO00968,2026-09-20,East Zone,Bihar,Araria,Jogbani,text,hi,कई दिनों से नल में पानी नहीं आ रहा है।,water,background,water,no_supply,OFF-WAT01,Resolved,2026-09-27,2026-09-23,3,yes
DEMO00969,2026-09-20,Central Zone,Chhattisgarh,Bilaspur,Lormi,voice,hi,स्वास्थ्य केंद्र में डॉक्टर नहीं है और दवाई नहीं मिलती।,health,cluster_health,health,no_doctor_medicine,OFF-HEA01,Resolved,2026-09-23,2026-09-26,6,yes
DEMO00970,2026-09-20,Central Zone,Chhattisgarh,Dhamtari,Kurud,voice,cg,इस्कूल म गुरुजी रोज नइ आवत हे।,education,background,education,teacher_absent,OFF-EDU01,Resolved,2026-10-05,2026-10-03,13,yes
DEMO00971,2026-09-20,Central Zone,Chhattisgarh,Raipur,Arang,text,hinglish,"Kai din se paani nahi aa raha, nal sukha hai.",water,spike_water,water,no_supply,OFF-WAT01,Resolved,2026-09-27,2026-09-25,5,yes
DEMO00972,2026-09-20,Central Zone,Chhattisgarh,Raipur,Arang,text,hinglish,"Kai din se paani nahi aa raha, nal sukha hai.",water,spike_water,water,no_supply,OFF-WAT01,Resolved,2026-09-27,2026-09-22,2,yes
DEMO00973,2026-09-20,Central Zone,Chhattisgarh,Raipur,Arang,voice,cg,"हमर गाँव के हैंडपंप खराब हवय, पीए बर पानी नइ हे।",water,spike_water,water,handpump,OFF-WAT01,Pending,2026-09-27,,,yes
DEMO00974,2026-09-20,Central Zone,Chhattisgarh,Raipur,Banarsi,text,hi,कई दिनों से नल में पानी नहीं आ रहा है।,water,spike_water,water,no_supply,OFF-WAT01,Resolved,2026-09-27,2026-09-22,2,yes
DEMO00975,2026-09-20,Central Zone,Chhattisgarh,Raipur,Banarsi,text,hi,हमारे गाँव का हैंडपंप खराब है और पीने का पानी नहीं है।,water,spike_water,water,handpump,OFF-WAT01,Pending,2026-09-27,,,yes
DEMO00976,2026-09-20,Central Zone,Chhattisgarh,Raipur,Banarsi,text,cg,"हमर गाँव के हैंडपंप खराब हवय, पीए बर पानी नइ हे।",water,spike_water,water,handpump,OFF-WAT01,Pending,2026-09-27,,,yes
DEMO00977,2026-09-20,Central Zone,Chhattisgarh,Raipur,Bhatapara,text,cg,हमर पारा के हैंडपंप बंद हवय।,water,spike_water,water,handpump,OFF-WAT01,Resolved,2026-09-27,2026-10-03,13,yes
DEMO00978,2026-09-20,Central Zone,Chhattisgarh,Raipur,Bhatgaon,text,cg,कतको दिन ले नल म पानी नइ आवत हे।,water,spike_water,water,no_supply,OFF-WAT01,Resolved,2026-09-27,2026-09-26,6,yes
DEMO00979,2026-09-20,Central Zone,Chhattisgarh,Raipur,Mowa,voice,hi,हमारे गाँव का हैंडपंप खराब है और पीने का पानी नहीं है।,water,spike_water,water,handpump,OFF-WAT01,Resolved,2026-09-27,2026-09-24,4,yes
DEMO00980,2026-09-20,North Zone,Delhi,North East,Mustafabad,text,hinglish,"Aspatal mein doctor nahi hai, dawai bhi nahi mil rahi.",health,background,health,no_doctor_medicine,OFF-HEA01,Pending,2026-09-23,,,yes
DEMO00981,2026-09-20,West Zone,Gujarat,Patan,Radhanpur,text,en,There is no doctor at the health centre and no medicine.,health,background,health,no_doctor_medicine,OFF-HEA01,Pending,2026-09-23,,,yes
DEMO00982,2026-09-20,West Zone,Gujarat,Rajkot,Bhayavadar,voice,hinglish,Sadak pe bahut gaddhe hai.,roads,background,roads,potholes,OFF-ROA01,Pending,2026-10-11,,,yes
DEMO00983,2026-09-20,West Zone,Gujarat,Surat,Hajira INA,text,gu,The ration dealer asked for a bribe to give my quota.,sensitive,background,police,police_inaction,OFF-SC01,Resolved,2026-09-21,2026-09-22,2,yes
DEMO00984,2026-09-20,West Zone,Gujarat,Surendranagar,Dhrangadhra,voice,gu,"રસ્તા પર મોટા ખાડા છે, ચાલવું જોખમી છે.",roads,background,roads,potholes,OFF-ROA01,Pending,2026-10-11,,,yes
DEMO00985,2026-09-20,West Zone,Gujarat,Valsad,Valsad INA,text,gu,My neighbour beat me and threatened me.,sensitive,background,police,police_inaction,OFF-SC01,Pending,2026-09-21,,,yes
DEMO00986,2026-09-20,North Zone,Haryana,Fatehabad,Ratia,voice,hi,सड़क पर बड़े गड्ढे हैं और चलना खतरनाक है।,roads,background,roads,potholes,OFF-ROA01,Resolved,2026-10-11,2026-10-03,13,yes
DEMO00987,2026-09-20,North Zone,Haryana,Hisar,Hisar,text,hinglish,Meri vridha pension kai mahine se band hai.,pension,background,pension,pension_not_received,OFF-PEN01,Resolved,2026-10-05,2026-09-30,10,yes
DEMO00988,2026-09-20,North Zone,Haryana,Rohtak,Kalanaur,text,hi,मेरी वृद्धावस्था पेंशन कई महीनों से नहीं मिली है।,pension,background,pension,pension_not_received,OFF-PEN01,Pending,2026-10-05,,,yes
DEMO00989,2026-09-20,North Zone,Himachal Pradesh,Mandi,Rawalsar,text,en,My old age pension has not been received for months.,pension,background,pension,pension_not_received,OFF-PEN01,Resolved,2026-10-05,2026-10-03,13,yes
DEMO00990,2026-09-20,North Zone,Jammu & Kashmir,Doda,Doda,text,ur,"Nobody is listening to us, please check.",unclear,background,water,handpump,OFF-WAT01,Resolved,2026-09-27,2026-09-25,5,yes
DEMO00991,2026-09-20,East Zone,Jharkhand,Dhanbad,Jharia Khas,text,hinglish,Ration dukan wala chawal nahi de raha.,ration,background,ration,ration_not_given,OFF-RAT01,Pending,2026-09-27,,,yes
DEMO00992,2026-09-20,East Zone,Jharkhand,Purbi Singhbhum,Ghorabandha,text,hi,स्वास्थ्य केंद्र में डॉक्टर नहीं है और दवाई नहीं मिलती।,health,background,health,no_doctor_medicine,OFF-HEA01,Pending,2026-09-23,,,yes
DEMO00993,2026-09-20,South Zone,Karnataka,Bangalore,Anekal,text,kn,"ನಮ್ಮ ಊರಿನ ಕೈಪಂಪು ಕೆಟ್ಟಿದೆ, ಕುಡಿಯುವ ನೀರು ಇಲ್ಲ.",water,background,water,handpump,OFF-WAT01,Resolved,2026-09-27,2026-09-24,4,yes
DEMO00994,2026-09-20,South Zone,Karnataka,Bijapur,Bijapur,text,kn,ಶಾಲೆಗೆ ಶಿಕ್ಷಕರು ನಿಯಮಿತವಾಗಿ ಬರುತ್ತಿಲ್ಲ.,education,background,education,teacher_absent,OFF-EDU01,Resolved,2026-10-05,2026-09-24,4,yes
DEMO00995,2026-09-20,South Zone,Karnataka,Dakshina Kannada,Pudu,text,kn,ಪಡಿತರ ಅಂಗಡಿಯಲ್ಲಿ ನನ್ನ ಕಾರ್ಡಿಗೆ ಅಕ್ಕಿ ಕೊಡುತ್ತಿಲ್ಲ.,ration,background,ration,ration_not_given,OFF-RAT01,Resolved,2026-09-27,2026-09-26,6,yes
DEMO00996,2026-09-20,South Zone,Karnataka,Gulbarga,Yadgir,text,kn,"Nobody is listening to us, please check.",unclear,background,water,handpump,OFF-WAT01,Pending,2026-09-27,,,yes
DEMO00997,2026-09-20,South Zone,Kerala,Ernakulam,Vazhakkala,text,ml,റോഡ് മുഴുവൻ വലിയ കുഴികൾ ആണ്.,roads,small_roads,roads,potholes,OFF-ROA01,Resolved,2026-10-11,2026-10-02,12,yes
DEMO00998,2026-09-20,South Zone,Kerala,Idukki,Thodupuzha,text,ml,സ്കൂൾ അധ്യാപകർ കൃത്യമായി ക്ലാസിൽ വരുന്നില്ല.,education,background,education,teacher_absent,OFF-EDU01,Pending,2026-10-05,,,yes
DEMO00999,2026-09-20,South Zone,Kerala,Kottayam,Changanassery,voice,ml,പല ദിവസങ്ങളായി പൈപ്പ് വഴി വെള്ളം വരുന്നില്ല.,water,background,water,no_supply,OFF-WAT01,Resolved,2026-09-27,2026-09-25,5,yes
DEMO01000,2026-09-20,South Zone,Kerala,Malappuram,Manjeri,text,ml,"ആശുപത്രിയിൽ ഡോക്ടർ ഇല്ല, മരുന്ന് കിട്ടുന്നില്ല.",health,background,health,no_doctor_medicine,OFF-HEA01,Pending,2026-09-23,,,yes
DEMO01001,2026-09-20,South Zone,Kerala,Palakkad,Chittur-Thathamangalam,text,ml,"Nobody is listening to us, please check.",unclear,background,electricity,transformer,OFF-ELE01,Pending,2026-09-23,,,yes
DEMO01002,2026-09-20,South Zone,Lakshadweep,Lakshadweep,Amini,text,en,The teacher does not come to the school regularly.,education,background,education,teacher_absent,OFF-EDU01,Pending,2026-10-05,,,yes
DEMO01003,2026-09-20,Central Zone,Madhya Pradesh,Chhindwara,Chandameta-Butaria,text,hinglish,Sadak pe bahut gaddhe hai.,roads,background,roads,potholes,OFF-ROA01,Pending,2026-10-11,,,yes
DEMO01004,2026-09-20,Central Zone,Madhya Pradesh,Chhindwara,Sethia,text,hinglish,"Bijli nahi hai kai din se, transformer kharab hai.",electricity,background,electricity,transformer,OFF-ELE01,Pending,2026-09-23,,,yes
DEMO01005,2026-09-20,Central Zone,Madhya Pradesh,Dhar,Bagh,text,hi,स्वास्थ्य केंद्र में डॉक्टर नहीं है और दवाई नहीं मिलती।,health,background,health,no_doctor_medicine,OFF-HEA01,Resolved,2026-09-23,2026-09-21,1,yes
DEMO01006,2026-09-20,Central Zone,Madhya Pradesh,Dhar,Bagh,text,hi,मेरी वृद्धावस्था पेंशन कई महीनों से नहीं मिली है।,pension,background,pension,pension_not_received,OFF-PEN01,Pending,2026-10-05,,,yes
DEMO01007,2026-09-20,Central Zone,Madhya Pradesh,East Nimar,Burhanpur,text,hinglish,"Bijli nahi hai kai din se, transformer kharab hai.",electricity,background,electricity,transformer,OFF-ELE01,Resolved,2026-09-23,2026-09-21,1,yes
DEMO01008,2026-09-20,Central Zone,Madhya Pradesh,East Nimar,Mundi,text,hi,स्वास्थ्य केंद्र में डॉक्टर नहीं है और दवाई नहीं मिलती।,health,background,health,no_doctor_medicine,OFF-HEA01,Resolved,2026-09-23,2026-09-22,2,yes
DEMO01009,2026-09-20,Central Zone,Madhya Pradesh,Guna,Aron,text,en,The teacher does not come to the school regularly.,education,background,education,teacher_absent,OFF-EDU01,Resolved,2026-10-05,2026-10-03,13,yes
DEMO01010,2026-09-20,Central Zone,Madhya Pradesh,Hoshangabad,Hoshangabad,text,hi,स्कूल में शिक्षक नियमित रूप से नहीं आते हैं।,education,background,education,teacher_absent,OFF-EDU01,Resolved,2026-10-05,2026-09-25,5,yes
DEMO01011,2026-09-20,Central Zone,Madhya Pradesh,Mandsaur,Garoth,text,hinglish,Sadak pe bahut gaddhe hai.,roads,background,roads,potholes,OFF-ROA01,Resolved,2026-10-11,2026-10-03,13,yes
DEMO01012,2026-09-20,Central Zone,Madhya Pradesh,Shahdol,Bangawan,voice,hi,हमारे गाँव का हैंडपंप खराब है और पीने का पानी नहीं है।,water,background,water,handpump,OFF-WAT01,Pending,2026-09-27,,,yes
DEMO01013,2026-09-20,Central Zone,Madhya Pradesh,West Nimar,Mandleshwar,text,hinglish,Ration dukan wala chawal nahi de raha.,ration,background,ration,ration_not_given,OFF-RAT01,Pending,2026-09-27,,,yes
DEMO01014,2026-09-20,West Zone,Maharashtra,Chandrapur,Chandrapur,text,mr,शाळा सुरू असूनही शिक्षक नियमित येत नाहीत.,education,background,education,teacher_absent,OFF-EDU01,Pending,2026-10-05,,,yes
DEMO01015,2026-09-20,West Zone,Maharashtra,Gadchiroli,Desaiganj,text,mr,शाळा सुरू असूनही शिक्षक नियमित येत नाहीत.,education,background,education,teacher_absent,OFF-EDU01,Pending,2026-10-05,,,yes
DEMO01016,2026-09-20,West Zone,Maharashtra,Nagpur,Katol,text,mr,The ration dealer asked for a bribe to give my quota.,sensitive,background,police,police_inaction,OFF-SC01,Pending,2026-09-21,,,yes
DEMO01017,2026-09-20,West Zone,Maharashtra,Nandurbar,Nandurbar,text,hi,राशन दुकान वाले ने रिश्वत मांगी।,sensitive,background,police,police_inaction,OFF-SC01,Pending,2026-09-21,,,yes
DEMO01018,2026-09-20,Northeast Zone,Manipur,Imphal West,Lamshang,voice,hi,हमारे गाँव का हैंडपंप खराब है और पीने का पानी नहीं है।,water,background,water,handpump,OFF-WAT01,Pending,2026-09-27,,,yes
DEMO01019,2026-09-20,Northeast Zone,Mizoram,Champhai,Khawhai,text,en,The ration shop dealer is not giving rice on my ration card.,ration,background,ration,ration_not_given,OFF-RAT01,Pending,2026-09-27,,,yes
DEMO01020,2026-09-20,North Zone,Punjab,Firozpur,Fiozpur,voice,pa,"ਸੜਕ ਵਿੱਚ ਵੱਡੇ ਟੋਏ ਹਨ, ਚੱਲਣਾ ਖ਼ਤਰਨਾਕ ਹੈ।",roads,background,roads,potholes,OFF-ROA01,Resolved,2026-10-11,2026-10-03,13,yes
DEMO01021,2026-09-20,North Zone,Punjab,Muktsar,Gidderbaha,text,hi,मेरी वृद्धावस्था पेंशन कई महीनों से नहीं मिली है।,pension,background,pension,pension_not_received,OFF-PEN01,Pending,2026-10-05,,,yes
DEMO01022,2026-09-20,North Zone,Punjab,Patiala,Shekhpura,text,pa,"ਸੜਕ ਵਿੱਚ ਵੱਡੇ ਟੋਏ ਹਨ, ਚੱਲਣਾ ਖ਼ਤਰਨਾਕ ਹੈ।",roads,background,roads,potholes,OFF-ROA01,Pending,2026-10-11,,,yes
DEMO01023,2026-09-20,North Zone,Rajasthan,Bharatpur,Kaman,text,hinglish,Meri vridha pension kai mahine se band hai.,pension,background,pension,pension_not_received,OFF-PEN01,Pending,2026-10-05,,,yes
DEMO01024,2026-09-20,North Zone,Rajasthan,Kota,Kaithoon,voice,hi,स्कूल में शिक्षक नियमित रूप से नहीं आते हैं।,education,background,education,teacher_absent,OFF-EDU01,Pending,2026-10-05,,,yes
DEMO01025,2026-09-20,Northeast Zone,Sikkim,East,Singtam,text,en,The ration shop dealer is not giving rice on my ration card.,ration,background,ration,ration_not_given,OFF-RAT01,Pending,2026-09-27,,,yes
DEMO01026,2026-09-20,South Zone,Tamil Nadu,Erode,Kilampadi,text,en,There is no doctor at the health centre and no medicine.,health,background,health,no_doctor_medicine,OFF-HEA01,Resolved,2026-09-23,2026-09-22,2,yes
DEMO01027,2026-09-20,South Zone,Tamil Nadu,Kanniyakumari,Thiruvattaru,text,ta,"சாலையில் பெரிய குழிகள் உள்ளன, பயணம் ஆபத்தானது.",roads,background,roads,potholes,OFF-ROA01,Resolved,2026-10-11,2026-10-02,12,yes
DEMO01028,2026-09-20,South Zone,Tamil Nadu,Kapur,Thanthoni,text,ta,ரேஷன் கடையில் என் குடும்ப அட்டைக்கு அரிசி கொடுக்கவில்லை.,ration,background,ration,ration_not_given,OFF-RAT01,Pending,2026-09-27,,,yes
DEMO01029,2026-09-20,South Zone,Tamil Nadu,Nagapattinam,Vaitheeswarankoil,text,hi,मेरी वृद्धावस्था पेंशन कई महीनों से नहीं मिली है।,pension,background,pension,pension_not_received,OFF-PEN01,Pending,2026-10-05,,,yes
DEMO01030,2026-09-20,South Zone,Tamil Nadu,Salem,Narasingapuram,voice,ta,"மருத்துவமனையில் மருத்துவர் இல்லை, மருந்தும் கிடைக்கவில்லை.",health,background,health,no_doctor_medicine,OFF-HEA01,Resolved,2026-09-23,2026-09-22,2,yes
DEMO01031,2026-09-20,South Zone,Tamil Nadu,Toothukudi,Kanam,text,ta,"எங்கள் கிராமத்தில் அடிகுழாய் பழுதாகிவிட்டது, குடிநீர் இல்லை.",water,background,water,handpump,OFF-WAT01,Pending,2026-09-27,,,yes
DEMO01032,2026-09-20,South Zone,Tamil Nadu,Virudhunagar,Vathirairuppu,text,ta,பல நாட்களாக குழாயில் தண்ணீர் வரவில்லை.,water,background,water,no_supply,OFF-WAT01,Pending,2026-09-27,,,yes
DEMO01033,2026-09-20,Central Zone,Uttar Pradesh,Aligarh,Vijaigarh,text,hi,सड़क पर बड़े गड्ढे हैं और चलना खतरनाक है।,roads,background,roads,potholes,OFF-ROA01,Pending,2026-10-11,,,yes
DEMO01034,2026-09-20,Central Zone,Uttar Pradesh,Bareilly,Mirganj,text,hinglish,School mein teacher nahi aate.,education,background,education,teacher_absent,OFF-EDU01,Pending,2026-10-05,,,yes
DEMO01035,2026-09-20,Central Zone,Uttar Pradesh,Bareilly,Thiriya Nizamat Khan,text,hi,"कई दिनों से बिजली नहीं है, ट्रांसफार्मर जल गया है।",electricity,background,electricity,power_cut,OFF-ELE01,Resolved,2026-09-23,2026-09-22,2,yes
DEMO01036,2026-09-20,Central Zone,Uttar Pradesh,Bulandshahr,Chhatari,text,hi,हमारे गाँव का हैंडपंप खराब है और पीने का पानी नहीं है।,water,background,water,handpump,OFF-WAT01,Pending,2026-09-27,,,yes
DEMO01037,2026-09-20,Central Zone,Uttar Pradesh,Farrukhabad,Kamalganj,text,hi,राशन दुकान वाले ने रिश्वत मांगी।,sensitive,background,police,police_inaction,OFF-SC01,Pending,2026-09-21,,,yes
DEMO01038,2026-09-20,Central Zone,Uttar Pradesh,Hardoi,Sandi,text,hi,"कई दिनों से बिजली नहीं है, ट्रांसफार्मर जल गया है।",electricity,background,electricity,power_cut,OFF-ELE01,Resolved,2026-09-23,2026-09-22,2,yes
DEMO01039,2026-09-20,Central Zone,Uttar Pradesh,Lucknow,Gosainganj,text,hi,स्वास्थ्य केंद्र में डॉक्टर नहीं है और दवाई नहीं मिलती।,health,background,health,no_doctor_medicine,OFF-HEA01,Resolved,2026-09-23,2026-09-22,2,yes
DEMO01040,2026-09-20,Central Zone,Uttar Pradesh,Mahoba,Mahoba,text,hi,हमारे गाँव का हैंडपंप खराब है और पीने का पानी नहीं है।,water,background,water,handpump,OFF-WAT01,Pending,2026-09-27,,,yes
DEMO01041,2026-09-20,Central Zone,Uttar Pradesh,Rampur,Milak,text,hi,"मेरा काम नहीं हो रहा, कोई सुनता नहीं है।",unclear,background,roads,bridge,OFF-ROA01,Pending,2026-10-11,,,yes
DEMO01042,2026-09-20,Central Zone,Uttar Pradesh,Sonbhadra,Bijpur,text,hi,स्कूल में शिक्षक नियमित रूप से नहीं आते हैं।,education,background,education,teacher_absent,OFF-EDU01,Resolved,2026-10-05,2026-09-25,5,yes
DEMO01043,2026-09-20,Central Zone,Uttar Pradesh,Sonbhadra,Jamshila,text,en,"There is no electricity for many days, the transformer is burnt.",electricity,background,electricity,power_cut,OFF-ELE01,Resolved,2026-09-23,2026-09-28,8,yes
DEMO01044,2026-09-20,Central Zone,Uttarakhand,Tehri Garhwal & Garhwal,Dev Prayag,text,hinglish,School mein teacher nahi aate.,education,background,education,teacher_absent,OFF-EDU01,Pending,2026-10-05,,,yes
DEMO01045,2026-09-20,East Zone,West Bengal,Barddhaman,Jemari,text,bn,"রাস্তায় বড় বড় গর্ত, চলাচল বিপজ্জনক।",roads,background,roads,potholes,OFF-ROA01,Resolved,2026-10-11,2026-10-03,13,yes
DEMO01046,2026-09-20,East Zone,West Bengal,Puruliya,Arra,text,en,My old age pension has not been received for months.,pension,background,pension,pension_not_received,OFF-PEN01,Pending,2026-10-05,,,yes
DEMO01047,2026-09-20,East Zone,West Bengal,South Twentyfour Parganas,Uttar Raypur,text,en,The road has big potholes and is unsafe.,roads,background,roads,potholes,OFF-ROA01,Resolved,2026-10-11,2026-10-01,11,yes
DEMO01048,2026-09-21,Northeast Zone,Assam,Barpeta,Sarbhog,text,hi,सड़क पर बड़े गड्ढे हैं और चलना खतरनाक है।,roads,background,roads,potholes,OFF-ROA01,Resolved,2026-10-12,2026-10-02,11,yes
DEMO01049,2026-09-21,Northeast Zone,Assam,Jorhat,Naubaisa Gaon,text,hi,"कई दिनों से बिजली नहीं है, ट्रांसफार्मर जल गया है।",electricity,background,electricity,power_cut,OFF-ELE01,Pending,2026-09-24,,,yes
DEMO01050,2026-09-21,Northeast Zone,Assam,Kokrajhar,Salakati,voice,en,The road has big potholes and is unsafe.,roads,background,roads,potholes,OFF-ROA01,Pending,2026-10-12,,,yes
DEMO01051,2026-09-21,Northeast Zone,Assam,Nalbari,Nalbari,text,as,বহুদিন ধৰি টেপত খোৱাপানী অহা নাই।,water,background,water,no_supply,OFF-WAT01,Resolved,2026-09-28,2026-09-27,6,yes
DEMO01052,2026-09-21,North Zone,Chandigarh,Chandigarh,Chandigarh,text,hi,"कई दिनों से बिजली नहीं है, ट्रांसफार्मर जल गया है।",electricity,background,electricity,power_cut,OFF-ELE01,Pending,2026-09-24,,,yes
DEMO01053,2026-09-21,Central Zone,Chhattisgarh,Raipur,Bhatgaon,voice,hinglish,"Kai din se paani nahi aa raha, nal sukha hai.",water,spike_water,water,no_supply,OFF-WAT01,Pending,2026-09-28,,,yes
DEMO01054,2026-09-21,Central Zone,Chhattisgarh,Raipur,Bhatgaon,text,cg,हमर पारा के हैंडपंप बंद हवय।,water,spike_water,water,handpump,OFF-WAT01,Pending,2026-09-28,,,yes
DEMO01055,2026-09-21,Central Zone,Chhattisgarh,Raipur,Birgaon,text,hinglish,"Kai din se paani nahi aa raha, nal sukha hai.",water,spike_water,water,no_supply,OFF-WAT01,Pending,2026-09-28,,,yes
DEMO01056,2026-09-21,Central Zone,Chhattisgarh,Raipur,Simga,text,hi,कई दिनों से नल में पानी नहीं आ रहा है।,water,spike_water,water,no_supply,OFF-WAT01,Pending,2026-09-28,,,yes
DEMO01057,2026-09-21,Central Zone,Chhattisgarh,Raipur,Simga,text,hi,हमारे गाँव का हैंडपंप खराब है और पीने का पानी नहीं है।,water,spike_water,water,handpump,OFF-WAT01,Pending,2026-09-28,,,yes
DEMO01058,2026-09-21,Central Zone,Chhattisgarh,Raipur,Urla,text,cg,"हमर गाँव के हैंडपंप खराब हवय, पीए बर पानी नइ हे।",water,spike_water,water,handpump,OFF-WAT01,Pending,2026-09-28,,,yes
DEMO01059,2026-09-21,West Zone,Dadra and Nagar Haveli and Daman and Diu,Diu,Diu,text,gu,દવાખાનામાં ડોક્ટર નથી અને દવા મળતી નથી.,health,background,health,no_doctor_medicine,OFF-HEA01,Resolved,2026-09-24,2026-09-22,1,yes
DEMO01060,2026-09-21,North Zone,Delhi,North West,Khera Khurd,text,en,The teacher does not come to the school regularly.,education,background,education,teacher_absent,OFF-EDU01,Pending,2026-10-06,,,yes
DEMO01061,2026-09-21,West Zone,Gujarat,Bhavnagar,Katpar,voice,gu,રેશનની દુકાનમાં મારા રેશનકાર્ડ પર ચોખા આપતા નથી.,ration,background,ration,ration_not_given,OFF-RAT01,Pending,2026-09-28,,,yes
DEMO01062,2026-09-21,North Zone,Haryana,Gurgaon,Dundahera,text,en,The handpump in our village is broken and there is no drinking water.,water,background,water,handpump,OFF-WAT01,Pending,2026-09-28,,,yes
DEMO01063,2026-09-21,North Zone,Haryana,Karnal,Assandh,text,hi,राशन दुकान वाला मेरे राशन कार्ड पर चावल नहीं दे रहा है।,ration,background,ration,ration_not_given,OFF-RAT01,Pending,2026-09-28,,,yes
DEMO01064,2026-09-21,North Zone,Jammu & Kashmir,Baramula,Pattan,text,ur,راشن ڈیلر میرے کارڈ پر چاول نہیں دے رہا۔,ration,background,ration,ration_not_given,OFF-RAT01,Resolved,2026-09-28,2026-10-02,11,yes
DEMO01065,2026-09-21,North Zone,Jammu & Kashmir,Kathua,Parole,text,en,"There is no electricity for many days, the transformer is burnt.",electricity,background,electricity,power_cut,OFF-ELE01,Pending,2026-09-24,,,yes
DEMO01066,2026-09-21,East Zone,Jharkhand,Pashchimi Singhbhum,Chiria,voice,hi,राशन दुकान वाले ने रिश्वत मांगी।,sensitive,background,police,police_inaction,OFF-SC01,Resolved,2026-09-22,2026-09-22,1,yes
DEMO01067,2026-09-21,South Zone,Karnataka,Bangalore,Byatarayanapura,text,en,The teacher does not come to the school regularly.,education,background,education,teacher_absent,OFF-EDU01,Pending,2026-10-06,,,yes
DEMO01068,2026-09-21,South Zone,Karnataka,Bellary,Tekkalakota,text,kn,ರಸ್ತೆಯಲ್ಲಿ ದೊಡ್ಡ ಗುಂಡಿಗಳಿವೆ.,roads,background,roads,potholes,OFF-ROA01,Pending,2026-10-12,,,yes
DEMO01069,2026-09-21,South Zone,Karnataka,Dharwad,Annigeri,text,kn,ಪಡಿತರ ಅಂಗಡಿಯಲ್ಲಿ ನನ್ನ ಕಾರ್ಡಿಗೆ ಅಕ್ಕಿ ಕೊಡುತ್ತಿಲ್ಲ.,ration,background,ration,ration_not_given,OFF-RAT01,Pending,2026-09-28,,,yes
DEMO01070,2026-09-21,South Zone,Karnataka,Gulbarga,Aland,voice,kn,ರಸ್ತೆಯಲ್ಲಿ ದೊಡ್ಡ ಗುಂಡಿಗಳಿವೆ.,roads,background,roads,potholes,OFF-ROA01,Pending,2026-10-12,,,yes
DEMO01071,2026-09-21,South Zone,Karnataka,Hassan,Arsikere,voice,en,Water is not coming in the tap for many days.,water,background,water,no_supply,OFF-WAT01,Resolved,2026-09-28,2026-09-24,3,yes
DEMO01072,2026-09-21,South Zone,Karnataka,Raichur,Hatti,text,kn,"ಆಸ್ಪತ್ರೆಯಲ್ಲಿ ವೈದ್ಯರಿಲ್ಲ, ಔಷಧ ಸಿಗುತ್ತಿಲ್ಲ.",health,background,health,no_doctor_medicine,OFF-HEA01,Resolved,2026-09-24,2026-09-23,2,yes
DEMO01073,2026-09-21,South Zone,Kerala,Ernakulam,Edathala,text,ml,റോഡ് മുഴുവൻ വലിയ കുഴികൾ ആണ്.,roads,small_roads,roads,potholes,OFF-ROA01,Pending,2026-10-12,,,yes
DEMO01074,2026-09-21,South Zone,Kerala,Ernakulam,Vazhakkala,text,ml,റോഡ് മുഴുവൻ വലിയ കുഴികൾ ആണ്.,roads,small_roads,roads,potholes,OFF-ROA01,Resolved,2026-10-12,2026-09-27,6,yes
DEMO01075,2026-09-21,South Zone,Kerala,Kannur,Cheruthazham,voice,ml,"ആശുപത്രിയിൽ ഡോക്ടർ ഇല്ല, മരുന്ന് കിട്ടുന്നില്ല.",health,background,health,no_doctor_medicine,OFF-HEA01,Resolved,2026-09-24,2026-10-02,11,yes
DEMO01076,2026-09-21,South Zone,Kerala,Kannur,Kannur Cantonment,text,en,Water is not coming in the tap for many days.,water,background,water,no_supply,OFF-WAT01,Resolved,2026-09-28,2026-09-25,4,yes
DEMO01077,2026-09-21,South Zone,Kerala,Palakkad,Puthunagaram,text,en,The road has big potholes and is unsafe.,roads,background,roads,potholes,OFF-ROA01,Pending,2026-10-12,,,yes
DEMO01078,2026-09-21,South Zone,Kerala,Thrissur,Nenmenikkara,text,hi,स्वास्थ्य केंद्र में डॉक्टर नहीं है और दवाई नहीं मिलती।,health,background,health,no_doctor_medicine,OFF-HEA01,Resolved,2026-09-24,2026-09-29,8,yes
DEMO01079,2026-09-21,North Zone,Ladakh,Kargil,Kargil,text,en,My old age pension has not been received for months.,pension,background,pension,pension_not_received,OFF-PEN01,Pending,2026-10-06,,,yes
DEMO01080,2026-09-21,Central Zone,Madhya Pradesh,Mandsaur,Nagri,voice,hi,स्कूल में शिक्षक नियमित रूप से नहीं आते हैं।,education,background,education,teacher_absent,OFF-EDU01,Resolved,2026-10-06,2026-09-28,7,yes
DEMO01081,2026-09-21,Central Zone,Madhya Pradesh,West Nimar,Maheshwar,text,hinglish,Meri vridha pension kai mahine se band hai.,pension,background,pension,pension_not_received,OFF-PEN01,Pending,2026-10-06,,,yes
DEMO01082,2026-09-21,West Zone,Maharashtra,Aurangabad,Sillod,voice,mr,रेशन दुकानदार माझ्या रेशन कार्डवर तांदूळ देत नाही.,ration,background,ration,ration_not_given,OFF-RAT01,Pending,2026-09-28,,,yes
DEMO01083,2026-09-21,West Zone,Maharashtra,Nagpur,Narkhed,text,mr,"रस्त्यावर मोठे खड्डे आहेत, प्रवास धोकादायक आहे.",roads,background,roads,potholes,OFF-ROA01,Resolved,2026-10-12,2026-09-28,7,yes
DEMO01084,2026-09-21,West Zone,Maharashtra,Nagpur,Walani,text,mr,"आमच्या गावातील हातपंप बंद आहे, पिण्याचे पाणी नाही.",water,background,water,handpump,OFF-WAT01,Pending,2026-09-28,,,yes
DEMO01085,2026-09-21,West Zone,Maharashtra,Nashik,Malegaon,text,mr,"अनेक दिवसांपासून वीज नाही, ट्रान्सफॉर्मर जळाला आहे.",electricity,background,electricity,power_cut,OFF-ELE01,Pending,2026-09-24,,,yes
DEMO01086,2026-09-21,West Zone,Maharashtra,Parbhani,Pathri,voice,mr,"आमच्या गावातील हातपंप बंद आहे, पिण्याचे पाणी नाही.",water,background,water,handpump,OFF-WAT01,Pending,2026-09-28,,,yes
DEMO01087,2026-09-21,West Zone,Maharashtra,Pune,Rajgurunagar (Khed),text,mr,अनेक दिवसांपासून नळाला पाणी येत नाही.,water,background,water,no_supply,OFF-WAT01,Pending,2026-09-28,,,yes
DEMO01088,2026-09-21,Northeast Zone,Manipur,Bishnupur,Oinam,text,en,The ration shop dealer is not giving rice on my ration card.,ration,background,ration,ration_not_given,OFF-RAT01,Pending,2026-09-28,,,yes
DEMO01089,2026-09-21,Northeast Zone,Meghalaya,East Garo Hills,Williamnagar,text,en,The ration shop dealer is not giving rice on my ration card.,ration,background,ration,ration_not_given,OFF-RAT01,Pending,2026-09-28,,,yes
DEMO01090,2026-09-21,Northeast Zone,Nagaland,Kohima,Kohima,text,hi,राशन दुकान वाला मेरे राशन कार्ड पर चावल नहीं दे रहा है।,ration,background,ration,ration_not_given,OFF-RAT01,Pending,2026-09-28,,,yes
DEMO01091,2026-09-21,East Zone,Odisha,Dhenkanal,Bhuban,text,or,"ଡାକ୍ତରଖାନାରେ ଡାକ୍ତର ନାହାନ୍ତି, ଔଷଧ ମିଳୁନାହିଁ।",health,background,health,no_doctor_medicine,OFF-HEA01,Resolved,2026-09-24,2026-09-23,2,yes
DEMO01092,2026-09-21,East Zone,Odisha,Malkangiri,Balimela,text,or,"Nobody is listening to us, please check.",unclear,background,roads,bridge,OFF-ROA01,Resolved,2026-10-12,2026-10-03,12,yes
DEMO01093,2026-09-21,East Zone,Odisha,Sundargarh,Biramitrapur,text,hinglish,Meri vridha pension kai mahine se band hai.,pension,background,pension,pension_not_received,OFF-PEN01,Pending,2026-10-06,,,yes
DEMO01094,2026-09-21,East Zone,Odisha,Sundargarh,Lattikata,text,or,ମୋର ବାର୍ଦ୍ଧକ୍ୟ ଭତ୍ତା କିଛି ମାସ ହେଲା ମିଳିନାହିଁ।,pension,background,pension,pension_not_received,OFF-PEN01,Pending,2026-10-06,,,yes
DEMO01095,2026-09-21,North Zone,Punjab,Nawanshahr,Rahon,text,pa,ਮੇਰੀ ਬੁਢਾਪਾ ਪੈਨਸ਼ਨ ਕਈ ਮਹੀਨਿਆਂ ਤੋਂ ਨਹੀਂ ਆਈ।,pension,background,pension,pension_not_received,OFF-PEN01,Pending,2026-10-06,,,yes
DEMO01096,2026-09-21,North Zone,Rajasthan,Hanumangarh,Nohar,text,hi,"कई दिनों से बिजली नहीं है, ट्रांसफार्मर जल गया है।",electricity,background,electricity,power_cut,OFF-ELE01,Pending,2026-09-24,,,yes
DEMO01097,2026-09-21,South Zone,Tamil Nadu,Coimbatore,Periya Negamam,text,ta,"சாலையில் பெரிய குழிகள் உள்ளன, பயணம் ஆபத்தானது.",roads,background,roads,potholes,OFF-ROA01,Pending,2026-10-12,,,yes
DEMO01098,2026-09-21,South Zone,Tamil Nadu,Dindigul,Eriodu,voice,hi,स्कूल में शिक्षक नियमित रूप से नहीं आते हैं।,education,background,education,teacher_absent,OFF-EDU01,Pending,2026-10-06,,,yes
DEMO01099,2026-09-21,South Zone,Tamil Nadu,Nagapattinam,Kuthalam,voice,ta,ரேஷன் கடையில் என் குடும்ப அட்டைக்கு அரிசி கொடுக்கவில்லை.,ration,background,ration,ration_not_given,OFF-RAT01,Pending,2026-09-28,,,yes
DEMO01100,2026-09-21,South Zone,Tamil Nadu,Sivaganga,Singampuneri,text,en,My old age pension has not been received for months.,pension,background,pension,pension_not_received,OFF-PEN01,Pending,2026-10-06,,,yes
DEMO01101,2026-09-21,South Zone,Tamil Nadu,Thanjavur,Thirunageswaram,voice,ta,எனது முதியோர் ஓய்வூதியம் பல மாதங்களாக வரவில்லை.,pension,background,pension,pension_not_received,OFF-PEN01,Resolved,2026-10-06,2026-09-25,4,yes
DEMO01102,2026-09-21,South Zone,Tamil Nadu,Thiruvallur,Poonamallee,text,en,"There is no electricity for many days, the transformer is burnt.",electricity,background,electricity,power_cut,OFF-ELE01,Resolved,2026-09-24,2026-09-22,1,yes
DEMO01103,2026-09-21,Central Zone,Uttar Pradesh,Aligarh,Jatari,text,hi,स्कूल में शिक्षक नियमित रूप से नहीं आते हैं।,education,background,education,teacher_absent,OFF-EDU01,Pending,2026-10-06,,,yes
DEMO01104,2026-09-21,Central Zone,Uttar Pradesh,Fatehpur,Kora Jahanabad,text,hi,मेरी वृद्धावस्था पेंशन कई महीनों से नहीं मिली है।,pension,background,pension,pension_not_received,OFF-PEN01,Resolved,2026-10-06,2026-10-02,11,yes
DEMO01105,2026-09-21,Central Zone,Uttar Pradesh,Ghazipur,Jangipur,voice,hi,मेरी वृद्धावस्था पेंशन कई महीनों से नहीं मिली है।,pension,background,pension,pension_not_received,OFF-PEN01,Pending,2026-10-06,,,yes
DEMO01106,2026-09-21,Central Zone,Uttar Pradesh,Jhansi,Ranipur,text,hi,कई दिनों से नल में पानी नहीं आ रहा है।,water,background,water,no_supply,OFF-WAT01,Pending,2026-09-28,,,yes
DEMO01107,2026-09-21,East Zone,West Bengal,Haora,Khantora,text,bn,রেশন ডিলার আমার রেশন কার্ডে চাল দিচ্ছে না।,ration,background,ration,ration_not_given,OFF-RAT01,Resolved,2026-09-28,2026-09-25,4,yes
DEMO01108,2026-09-21,East Zone,West Bengal,Haora,Podara,text,bn,রেশন ডিলার আমার রেশন কার্ডে চাল দিচ্ছে না।,ration,background,ration,ration_not_given,OFF-RAT01,Pending,2026-09-28,,,yes
DEMO01109,2026-09-21,East Zone,West Bengal,North Twentyfour Parganas,Ashoknagar Kalyangarh,text,hi,"कई दिनों से बिजली नहीं है, ट्रांसफार्मर जल गया है।",electricity,stable_electricity,electricity,power_cut,OFF-ELE01,Resolved,2026-09-24,2026-09-22,1,yes
DEMO01110,2026-09-22,Northeast Zone,Arunachal Pradesh,Changlang,Jairampur,text,en,The teacher does not come to the school regularly.,education,background,education,teacher_absent,OFF-EDU01,Resolved,2026-10-07,2026-10-02,10,yes
DEMO01111,2026-09-22,Northeast Zone,Assam,Golaghat,Barpathar,voice,as,ৰাস্তাত ডাঙৰ ডাঙৰ গাঁত আছে।,roads,background,roads,potholes,OFF-ROA01,Pending,2026-10-13,,,yes
DEMO01112,2026-09-22,Northeast Zone,Assam,Hailakandi,Hindustan Paper Corporation Ltd. Township Area Panchgram,text,as,"Nobody is listening to us, please check.",unclear,background,electricity,transformer,OFF-ELE01,Resolved,2026-09-25,2026-09-23,1,yes
DEMO01113,2026-09-22,East Zone,Bihar,Siwan,Siwan,voice,hi,हमारे गाँव का हैंडपंप खराब है और पीने का पानी नहीं है।,water,background,water,handpump,OFF-WAT01,Resolved,2026-09-29,2026-09-25,3,yes
DEMO01114,2026-09-22,North Zone,Chandigarh,Chandigarh,Chandigarh,voice,hi,राशन दुकान वाला मेरे राशन कार्ड पर चावल नहीं दे रहा है।,ration,background,ration,ration_not_given,OFF-RAT01,Resolved,2026-09-29,2026-09-25,3,yes
DEMO01115,2026-09-22,Central Zone,Chhattisgarh,Bilaspur,Bilaspur,text,hinglish,"Aspatal mein doctor nahi hai, dawai bhi nahi mil rahi.",health,cluster_health,health,no_doctor_medicine,OFF-HEA01,Resolved,2026-09-25,2026-10-03,11,yes
DEMO01116,2026-09-22,Central Zone,Chhattisgarh,Bilaspur,Bilaspur,text,cg,"अस्पताल म डाक्टर नइ हे, दवई घलो नइ मिलत।",health,cluster_health,health,no_doctor_medicine,OFF-HEA01,Pending,2026-09-25,,,yes
DEMO01117,2026-09-22,Central Zone,Chhattisgarh,Bilaspur,Deori,text,hi,स्वास्थ्य केंद्र में डॉक्टर नहीं है और दवाई नहीं मिलती।,health,cluster_health,health,no_doctor_medicine,OFF-HEA01,Resolved,2026-09-25,2026-09-23,1,yes
DEMO01118,2026-09-22,Central Zone,Chhattisgarh,Bilaspur,Deori,text,hinglish,"Aspatal mein doctor nahi hai, dawai bhi nahi mil rahi.",health,cluster_health,health,no_doctor_medicine,OFF-HEA01,Resolved,2026-09-25,2026-09-23,1,yes
DEMO01119,2026-09-22,Central Zone,Chhattisgarh,Raipur,Banarsi,text,hinglish,"Kai din se paani nahi aa raha, nal sukha hai.",water,spike_water,water,no_supply,OFF-WAT01,Pending,2026-09-29,,,yes
DEMO01120,2026-09-22,Central Zone,Chhattisgarh,Raipur,Bhanpuri,text,hi,हमारे गाँव का हैंडपंप खराब है और पीने का पानी नहीं है।,water,spike_water,water,handpump,OFF-WAT01,Pending,2026-09-29,,,yes
DEMO01121,2026-09-22,Central Zone,Chhattisgarh,Raipur,Bhatapara,text,hinglish,"Kai din se paani nahi aa raha, nal sukha hai.",water,spike_water,water,no_supply,OFF-WAT01,Pending,2026-09-29,,,yes
DEMO01122,2026-09-22,Central Zone,Chhattisgarh,Raipur,Bhatgaon,text,cg,कतको दिन ले नल म पानी नइ आवत हे।,water,spike_water,water,no_supply,OFF-WAT01,Pending,2026-09-29,,,yes
DEMO01123,2026-09-22,Central Zone,Chhattisgarh,Raipur,Gobranawapara,text,cg,"Paani nai aawat he, kai din hoge.",water,spike_water,water,handpump,OFF-WAT01,Pending,2026-09-29,,,yes
DEMO01124,2026-09-22,Central Zone,Chhattisgarh,Raipur,Mowa,text,cg,कतको दिन ले नल म पानी नइ आवत हे।,water,spike_water,water,no_supply,OFF-WAT01,Resolved,2026-09-29,2026-10-03,11,yes
DEMO01125,2026-09-22,Central Zone,Chhattisgarh,Raipur,Raipur,text,hinglish,Water supply nahi aa rahi since 10 days.,water,spike_water,water,no_supply,OFF-WAT01,Pending,2026-09-29,,,yes
DEMO01126,2026-09-22,Central Zone,Chhattisgarh,Raipur,Simga,voice,cg,कतको दिन ले नल म पानी नइ आवत हे।,water,spike_water,water,no_supply,OFF-WAT01,Resolved,2026-09-29,2026-09-28,6,yes
DEMO01127,2026-09-22,Central Zone,Chhattisgarh,Raipur,Tilda Newra,text,cg,"Paani nai aawat he, kai din hoge.",water,spike_water,water,handpump,OFF-WAT01,Pending,2026-09-29,,,yes
DEMO01128,2026-09-22,Central Zone,Chhattisgarh,Raipur,Tilda Newra,voice,hi,कई दिनों से नल में पानी नहीं आ रहा है।,water,spike_water,water,no_supply,OFF-WAT01,Pending,2026-09-29,,,yes
DEMO01129,2026-09-22,Central Zone,Chhattisgarh,Raipur,Urla,text,cg,कतको दिन ले नल म पानी नइ आवत हे।,water,spike_water,water,no_supply,OFF-WAT01,Resolved,2026-09-29,2026-09-27,5,yes
DEMO01130,2026-09-22,West Zone,Gujarat,Jamnagar,Dwarka,text,gu,"રસ્તા પર મોટા ખાડા છે, ચાલવું જોખમી છે.",roads,background,roads,potholes,OFF-ROA01,Pending,2026-10-13,,,yes
DEMO01131,2026-09-22,West Zone,Gujarat,Jamnagar,NavagamGhed,voice,gu,ઘણા દિવસથી નળમાં પાણી આવતું નથી.,water,background,water,no_supply,OFF-WAT01,Resolved,2026-09-29,2026-09-27,5,yes
DEMO01132,2026-09-22,West Zone,Gujarat,Kheda,Chaklasi,text,gu,શાળામાં શિક્ષક નિયમિત આવતા નથી.,education,background,education,teacher_absent,OFF-EDU01,Resolved,2026-10-07,2026-10-03,11,yes
DEMO01133,2026-09-22,North Zone,Himachal Pradesh,Solan,Solan,text,hi,सड़क पर बड़े गड्ढे हैं और चलना खतरनाक है।,roads,background,roads,potholes,OFF-ROA01,Pending,2026-10-13,,,yes
DEMO01134,2026-09-22,North Zone,Himachal Pradesh,Una,Mehatpur Basdehra,text,hinglish,Sadak pe bahut gaddhe hai.,roads,background,roads,potholes,OFF-ROA01,Pending,2026-10-13,,,yes
DEMO01135,2026-09-22,North Zone,Jammu & Kashmir,Udhampur,Rehambal,text,ur,میری بڑھاپے کی پنشن کئی مہینوں سے نہیں ملی۔,pension,background,pension,pension_not_received,OFF-PEN01,Resolved,2026-10-07,2026-10-02,10,yes
DEMO01136,2026-09-22,East Zone,Jharkhand,Godda,Godda,text,hinglish,School mein teacher nahi aate.,education,background,education,teacher_absent,OFF-EDU01,Pending,2026-10-07,,,yes
DEMO01137,2026-09-22,East Zone,Jharkhand,Pakaur,Pakaur,text,hinglish,School mein teacher nahi aate.,education,background,education,teacher_absent,OFF-EDU01,Pending,2026-10-07,,,yes
DEMO01138,2026-09-22,East Zone,Jharkhand,Ranchi,Khunti,text,hinglish,Meri vridha pension kai mahine se band hai.,pension,background,pension,pension_not_received,OFF-PEN01,Pending,2026-10-07,,,yes
DEMO01139,2026-09-22,East Zone,Jharkhand,Ranchi,Muri,text,hi,"कई दिनों से बिजली नहीं है, ट्रांसफार्मर जल गया है।",electricity,background,electricity,power_cut,OFF-ELE01,Pending,2026-09-25,,,yes
DEMO01140,2026-09-22,South Zone,Karnataka,Dharwad,Kalghatgi,text,hi,"मेरा काम नहीं हो रहा, कोई सुनता नहीं है।",unclear,background,water,handpump,OFF-WAT01,Pending,2026-09-29,,,yes
DEMO01141,2026-09-22,South Zone,Karnataka,Hassan,Hassan,text,kn,"ಆಸ್ಪತ್ರೆಯಲ್ಲಿ ವೈದ್ಯರಿಲ್ಲ, ಔಷಧ ಸಿಗುತ್ತಿಲ್ಲ.",health,background,health,no_doctor_medicine,OFF-HEA01,Resolved,2026-09-25,2026-10-01,9,yes
DEMO01142,2026-09-22,South Zone,Karnataka,Uttara Kannada,Sirsi,text,kn,"ಹಲವು ದಿನಗಳಿಂದ ವಿದ್ಯುತ್ ಇಲ್ಲ, ಟ್ರಾನ್ಸ್ಫಾರ್ಮರ್ ಸುಟ್ಟುಹೋಗಿದೆ.",electricity,background,electricity,power_cut,OFF-ELE01,Resolved,2026-09-25,2026-10-03,11,yes
DEMO01143,2026-09-22,South Zone,Kerala,Palakkad,Ottappalam,text,ml,റേഷൻ കടയിൽ എന്റെ കാർഡിന് അരി നൽകുന്നില്ല.,ration,background,ration,ration_not_given,OFF-RAT01,Pending,2026-09-29,,,yes
DEMO01144,2026-09-22,South Zone,Kerala,Palakkad,Shoranur,text,ml,സ്കൂൾ അധ്യാപകർ കൃത്യമായി ക്ലാസിൽ വരുന്നില്ല.,education,background,education,teacher_absent,OFF-EDU01,Resolved,2026-10-07,2026-09-27,5,yes
DEMO01145,2026-09-22,North Zone,Ladakh,Kargil,Kargil,text,hi,सड़क पर बड़े गड्ढे हैं और चलना खतरनाक है।,roads,background,roads,potholes,OFF-ROA01,Resolved,2026-10-13,2026-10-03,11,yes
DEMO01146,2026-09-22,Central Zone,Madhya Pradesh,Barwani,Anjad,text,hi,पड़ोसी ने मेरे साथ मारपीट की और धमकी दी।,sensitive,background,police,police_inaction,OFF-SC01,Resolved,2026-09-23,2026-09-23,1,yes
DEMO01147,2026-09-22,Central Zone,Madhya Pradesh,Datia,Seondha,text,en,The teacher does not come to the school regularly.,education,background,education,teacher_absent,OFF-EDU01,Pending,2026-10-07,,,yes
DEMO01148,2026-09-22,Central Zone,Madhya Pradesh,Dhar,Dharampuri,text,hinglish,"Kai din se paani nahi aa raha, nal sukha hai.",water,background,water,no_supply,OFF-WAT01,Pending,2026-09-29,,,yes
DEMO01149,2026-09-22,Central Zone,Madhya Pradesh,Dhar,Kukshi,text,en,My neighbour beat me and threatened me.,sensitive,background,police,police_inaction,OFF-SC01,Resolved,2026-09-23,2026-09-23,1,yes
DEMO01150,2026-09-22,Central Zone,Madhya Pradesh,Rajgarh,Khilchipur,voice,hi,राशन दुकान वाले ने रिश्वत मांगी।,sensitive,background,police,police_inaction,OFF-SC01,Resolved,2026-09-23,2026-09-23,1,yes
DEMO01151,2026-09-22,Central Zone,Madhya Pradesh,Sagar,Deori,text,hinglish,"Kai din se paani nahi aa raha, nal sukha hai.",water,background,water,no_supply,OFF-WAT01,Pending,2026-09-29,,,yes
DEMO01152,2026-09-22,Central Zone,Madhya Pradesh,Sehore,Sehore,text,hi,सड़क पर बड़े गड्ढे हैं और चलना खतरनाक है।,roads,background,roads,potholes,OFF-ROA01,Resolved,2026-10-13,2026-10-03,11,yes
DEMO01153,2026-09-22,Central Zone,Madhya Pradesh,Tikamgarh,Jatara,text,hi,स्वास्थ्य केंद्र में डॉक्टर नहीं है और दवाई नहीं मिलती।,health,background,health,no_doctor_medicine,OFF-HEA01,Pending,2026-09-25,,,yes
DEMO01154,2026-09-22,Central Zone,Madhya Pradesh,West Nimar,Bhikangaon,text,hi,स्वास्थ्य केंद्र में डॉक्टर नहीं है और दवाई नहीं मिलती।,health,background,health,no_doctor_medicine,OFF-HEA01,Pending,2026-09-25,,,yes
DEMO01155,2026-09-22,West Zone,Maharashtra,Amravati,Daryapur Banosa,text,mr,"रस्त्यावर मोठे खड्डे आहेत, प्रवास धोकादायक आहे.",roads,background,roads,potholes,OFF-ROA01,Resolved,2026-10-13,2026-10-03,11,yes
DEMO01156,2026-09-22,West Zone,Maharashtra,Chandrapur,Kondumal,text,mr,"रस्त्यावर मोठे खड्डे आहेत, प्रवास धोकादायक आहे.",roads,background,roads,potholes,OFF-ROA01,Pending,2026-10-13,,,yes
DEMO01157,2026-09-22,West Zone,Maharashtra,Jalgaon,Parola,text,mr,"अनेक दिवसांपासून वीज नाही, ट्रान्सफॉर्मर जळाला आहे.",electricity,background,electricity,power_cut,OFF-ELE01,Resolved,2026-09-25,2026-09-24,2,yes
DEMO01158,2026-09-22,West Zone,Maharashtra,Nashik,Deolali,text,mr,"अनेक दिवसांपासून वीज नाही, ट्रान्सफॉर्मर जळाला आहे.",electricity,background,electricity,power_cut,OFF-ELE01,Pending,2026-09-25,,,yes
DEMO01159,2026-09-22,West Zone,Maharashtra,Parbhani,Parbhani,text,mr,रुग्णालयात डॉक्टर नाहीत आणि औषध मिळत नाही.,health,background,health,no_doctor_medicine,OFF-HEA01,Pending,2026-09-25,,,yes
DEMO01160,2026-09-22,West Zone,Maharashtra,Wardha,Sindi Turf Hindnagar,text,hi,हमारे गाँव का हैंडपंप खराब है और पीने का पानी नहीं है।,water,background,water,handpump,OFF-WAT01,Resolved,2026-09-29,2026-09-28,6,yes
DEMO01161,2026-09-22,East Zone,Odisha,Cuttack,Charibatia,text,hinglish,Sadak pe bahut gaddhe hai.,roads,background,roads,potholes,OFF-ROA01,Pending,2026-10-13,,,yes
DEMO01162,2026-09-22,East Zone,Odisha,Jharsuguda,Jharsuguda,text,or,"ଡାକ୍ତରଖାନାରେ ଡାକ୍ତର ନାହାନ୍ତି, ଔଷଧ ମିଳୁନାହିଁ।",health,background,health,no_doctor_medicine,OFF-HEA01,Resolved,2026-09-25,2026-09-23,1,yes
DEMO01163,2026-09-22,East Zone,Odisha,Mayurbhanj,Udala,text,or,My neighbour beat me and threatened me.,sensitive,background,police,police_inaction,OFF-SC01,Pending,2026-09-23,,,yes
DEMO01164,2026-09-22,North Zone,Punjab,Fatehgarh Sahib,Khamanon,text,pa,"ਸੜਕ ਵਿੱਚ ਵੱਡੇ ਟੋਏ ਹਨ, ਚੱਲਣਾ ਖ਼ਤਰਨਾਕ ਹੈ।",roads,background,roads,potholes,OFF-ROA01,Pending,2026-10-13,,,yes
DEMO01165,2026-09-22,North Zone,Punjab,Ludhiana,Machhiwara,text,pa,ਰਾਸ਼ਨ ਡਿਪੂ ਵਾਲਾ ਮੈਨੂੰ ਕਣਕ ਨਹੀਂ ਦੇ ਰਿਹਾ।,ration,background,ration,ration_not_given,OFF-RAT01,Pending,2026-09-29,,,yes
DEMO01166,2026-09-22,North Zone,Rajasthan,Jaisalmer,Jaisalmer,voice,hi,"कई दिनों से बिजली नहीं है, ट्रांसफार्मर जल गया है।",electricity,background,electricity,power_cut,OFF-ELE01,Resolved,2026-09-25,2026-09-23,1,yes
DEMO01167,2026-09-22,North Zone,Rajasthan,Jalor,Jalor,text,hi,स्वास्थ्य केंद्र में डॉक्टर नहीं है और दवाई नहीं मिलती।,health,background,health,no_doctor_medicine,OFF-HEA01,Pending,2026-09-25,,,yes
DEMO01168,2026-09-22,North Zone,Rajasthan,Tonk,Niwai,text,hi,स्कूल में शिक्षक नियमित रूप से नहीं आते हैं।,education,background,education,teacher_absent,OFF-EDU01,Resolved,2026-10-07,2026-09-30,8,yes
DEMO01169,2026-09-22,Northeast Zone,Sikkim,East,Singtam,text,en,The ration shop dealer is not giving rice on my ration card.,ration,background,ration,ration_not_given,OFF-RAT01,Resolved,2026-09-29,2026-10-03,11,yes
DEMO01170,2026-09-22,South Zone,Tamil Nadu,Erode,Kangeyam,text,ta,பல நாட்களாக குழாயில் தண்ணீர் வரவில்லை.,water,background,water,no_supply,OFF-WAT01,Pending,2026-09-29,,,yes
DEMO01171,2026-09-22,South Zone,Tamil Nadu,Madurai,Melur,text,ta,"சாலையில் பெரிய குழிகள் உள்ளன, பயணம் ஆபத்தானது.",roads,background,roads,potholes,OFF-ROA01,Resolved,2026-10-13,2026-10-03,11,yes
DEMO01172,2026-09-22,South Zone,Tamil Nadu,Ramanathapuram,R.S.Mangalam,text,ta,ரேஷன் கடையில் என் குடும்ப அட்டைக்கு அரிசி கொடுக்கவில்லை.,ration,background,ration,ration_not_given,OFF-RAT01,Pending,2026-09-29,,,yes
DEMO01173,2026-09-22,South Zone,Tamil Nadu,Toothukudi,Kanam,text,ta,"மருத்துவமனையில் மருத்துவர் இல்லை, மருந்தும் கிடைக்கவில்லை.",health,background,health,no_doctor_medicine,OFF-HEA01,Pending,2026-09-25,,,yes
DEMO01174,2026-09-22,Central Zone,Uttar Pradesh,Etah,Bilram,text,hi,राशन दुकान वाला मेरे राशन कार्ड पर चावल नहीं दे रहा है।,ration,background,ration,ration_not_given,OFF-RAT01,Pending,2026-09-29,,,yes
DEMO01175,2026-09-22,Central Zone,Uttar Pradesh,Rampur,Suar,text,hi,राशन दुकान वाले ने रिश्वत मांगी।,sensitive,background,police,police_inaction,OFF-SC01,Pending,2026-09-23,,,yes
DEMO01176,2026-09-22,Central Zone,Uttar Pradesh,Sant Ravidas Nagar,Khamaria,text,hi,हमारे गाँव का हैंडपंप खराब है और पीने का पानी नहीं है।,water,background,water,handpump,OFF-WAT01,Pending,2026-09-29,,,yes
DEMO01177,2026-09-22,Central Zone,Uttar Pradesh,Unnao,Nawabganj,text,hinglish,"Kai din se paani nahi aa raha, nal sukha hai.",water,background,water,no_supply,OFF-WAT01,Pending,2026-09-29,,,yes
DEMO01178,2026-09-22,Central Zone,Uttarakhand,Udham Singh Nagar,Khatima,text,hi,"कई दिनों से बिजली नहीं है, ट्रांसफार्मर जल गया है।",electricity,background,electricity,power_cut,OFF-ELE01,Pending,2026-09-25,,,yes
DEMO01179,2026-09-22,East Zone,West Bengal,Haora,Khalor,text,bn,রেশন ডিলার আমার রেশন কার্ডে চাল দিচ্ছে না।,ration,background,ration,ration_not_given,OFF-RAT01,Resolved,2026-09-29,2026-10-01,9,yes
DEMO01180,2026-09-22,East Zone,West Bengal,North Twentyfour Parganas,Kaugachhi,text,en,"There is no electricity for many days, the transformer is burnt.",electricity,stable_electricity,electricity,power_cut,OFF-ELE01,Pending,2026-09-25,,,yes
DEMO01181,2026-09-22,East Zone,West Bengal,North Twentyfour Parganas,Madhyamgram,text,en,"There is no electricity for many days, the transformer is burnt.",electricity,stable_electricity,electricity,power_cut,OFF-ELE01,Pending,2026-09-25,,,yes
DEMO01182,2026-09-22,East Zone,West Bengal,North Twentyfour Parganas,Nebadhai Duttapukur,voice,bn,"অনেক দিন ধরে বিদ্যুৎ নেই, ট্রান্সফরমার পুড়ে গেছে।",electricity,stable_electricity,electricity,power_cut,OFF-ELE01,Pending,2026-09-25,,,yes
DEMO01183,2026-09-22,East Zone,West Bengal,Puruliya,Raghunathpur,text,bn,"অনেক দিন ধরে বিদ্যুৎ নেই, ট্রান্সফরমার পুড়ে গেছে।",electricity,background,electricity,power_cut,OFF-ELE01,Pending,2026-09-25,,,yes
DEMO01184,2026-09-23,South Zone,Andhra Pradesh,Chittoor,Madanapalle,text,te,రేషన్ డీలర్ నా కార్డుపై బియ్యం ఇవ్వడం లేదు.,ration,background,ration,ration_not_given,OFF-RAT01,Resolved,2026-09-30,2026-10-01,8,yes
DEMO01185,2026-09-23,South Zone,Andhra Pradesh,Krishna,Jaggayyapet,text,en,The teacher does not come to the school regularly.,education,background,education,teacher_absent,OFF-EDU01,Pending,2026-10-08,,,yes
DEMO01186,2026-09-23,South Zone,Andhra Pradesh,Srikakulam,Amadalavalasa,text,te,"ఆసుపత్రిలో డాక్టర్ లేరు, మందులు దొరకడం లేదు.",health,background,health,no_doctor_medicine,OFF-HEA01,Pending,2026-09-26,,,yes
DEMO01187,2026-09-23,South Zone,Andhra Pradesh,Visakhapatnam,Upper Sileru Project Site Camp,voice,hi,सड़क पर बड़े गड्ढे हैं और चलना खतरनाक है।,roads,background,roads,potholes,OFF-ROA01,Pending,2026-10-14,,,yes
DEMO01188,2026-09-23,Northeast Zone,Assam,Kamrup,Kochpara,text,as,ৰেচন ডিলাৰে মোৰ কাৰ্ডত চাউল দিয়া নাই।,ration,background,ration,ration_not_given,OFF-RAT01,Resolved,2026-09-30,2026-10-02,9,yes
DEMO01189,2026-09-23,Northeast Zone,Assam,Tinsukia,Lido Tikok,voice,as,"চিকিৎসালয়ত ডাক্তৰ নাই, ঔষধ পোৱা নাযায়।",health,background,health,no_doctor_medicine,OFF-HEA01,Resolved,2026-09-26,2026-09-25,2,yes
DEMO01190,2026-09-23,East Zone,Bihar,Madhubani,Jhanjharpur,text,hi,राशन दुकान वाला मेरे राशन कार्ड पर चावल नहीं दे रहा है।,ration,background,ration,ration_not_given,OFF-RAT01,Pending,2026-09-30,,,yes
DEMO01191,2026-09-23,East Zone,Bihar,Patna,Mokameh,text,hi,"कई दिनों से बिजली नहीं है, ट्रांसफार्मर जल गया है।",electricity,background,electricity,power_cut,OFF-ELE01,Resolved,2026-09-26,2026-09-24,1,yes
DEMO01192,2026-09-23,Central Zone,Chhattisgarh,Bilaspur,Kota,voice,hi,राशन दुकान वाला मेरे राशन कार्ड पर चावल नहीं दे रहा है।,ration,background,ration,ration_not_given,OFF-RAT01,Pending,2026-09-30,,,yes
DEMO01193,2026-09-23,Central Zone,Chhattisgarh,Bilaspur,Lormi,text,cg,"अस्पताल म डाक्टर नइ हे, दवई घलो नइ मिलत।",health,cluster_health,health,no_doctor_medicine,OFF-HEA01,Resolved,2026-09-26,2026-09-25,2,yes
DEMO01194,2026-09-23,Central Zone,Chhattisgarh,Raipur,Arang,voice,cg,"हमर गाँव के हैंडपंप खराब हवय, पीए बर पानी नइ हे।",water,spike_water,water,handpump,OFF-WAT01,Pending,2026-09-30,,,yes
DEMO01195,2026-09-23,Central Zone,Chhattisgarh,Raipur,Arang,text,hi,हमारे गाँव का हैंडपंप खराब है और पीने का पानी नहीं है।,water,spike_water,water,handpump,OFF-WAT01,Pending,2026-09-30,,,yes
DEMO01196,2026-09-23,Central Zone,Chhattisgarh,Raipur,Banarsi,voice,cg,"हमर गाँव के हैंडपंप खराब हवय, पीए बर पानी नइ हे।",water,spike_water,water,handpump,OFF-WAT01,Pending,2026-09-30,,,yes
DEMO01197,2026-09-23,Central Zone,Chhattisgarh,Raipur,Banarsi,text,cg,कतको दिन ले नल म पानी नइ आवत हे।,water,spike_water,water,no_supply,OFF-WAT01,Resolved,2026-09-30,2026-09-28,5,yes
DEMO01198,2026-09-23,Central Zone,Chhattisgarh,Raipur,Bhanpuri,text,hi,हमारे गाँव का हैंडपंप खराब है और पीने का पानी नहीं है।,water,spike_water,water,handpump,OFF-WAT01,Pending,2026-09-30,,,yes
DEMO01199,2026-09-23,Central Zone,Chhattisgarh,Raipur,Bhatgaon,text,hinglish,Water supply nahi aa rahi since 10 days.,water,spike_water,water,no_supply,OFF-WAT01,Resolved,2026-09-30,2026-10-03,10,yes
DEMO01200,2026-09-23,Central Zone,Chhattisgarh,Raipur,Mowa,text,cg,"हमर गाँव के हैंडपंप खराब हवय, पीए बर पानी नइ हे।",water,spike_water,water,handpump,OFF-WAT01,Resolved,2026-09-30,2026-09-26,3,yes
DEMO01201,2026-09-23,Central Zone,Chhattisgarh,Raipur,Simga,voice,cg,कतको दिन ले नल म पानी नइ आवत हे।,water,spike_water,water,no_supply,OFF-WAT01,Pending,2026-09-30,,,yes
DEMO01202,2026-09-23,Central Zone,Chhattisgarh,Raipur,Tilda Newra,text,cg,हमर पारा के हैंडपंप बंद हवय।,water,spike_water,water,handpump,OFF-WAT01,Resolved,2026-09-30,2026-10-03,10,yes
DEMO01203,2026-09-23,West Zone,Dadra and Nagar Haveli and Daman and Diu,Dadra & Nagar Haveli,Amli,text,hi,स्वास्थ्य केंद्र में डॉक्टर नहीं है और दवाई नहीं मिलती।,health,background,health,no_doctor_medicine,OFF-HEA01,Resolved,2026-09-26,2026-09-25,2,yes
DEMO01204,2026-09-23,West Zone,Gujarat,Bharuch,Anklesvar INA,text,en,The teacher does not come to the school regularly.,education,background,education,teacher_absent,OFF-EDU01,Resolved,2026-10-08,2026-10-03,10,yes
DEMO01205,2026-09-23,West Zone,Gujarat,Bharuch,Anklesvar INA,text,gu,દવાખાનામાં ડોક્ટર નથી અને દવા મળતી નથી.,health,background,health,no_doctor_medicine,OFF-HEA01,Resolved,2026-09-26,2026-09-24,1,yes
DEMO01206,2026-09-23,West Zone,Gujarat,Jamnagar,Bedi,text,gu,રેશનની દુકાનમાં મારા રેશનકાર્ડ પર ચોખા આપતા નથી.,ration,background,ration,ration_not_given,OFF-RAT01,Resolved,2026-09-30,2026-09-25,2,yes
DEMO01207,2026-09-23,West Zone,Gujarat,Surat,Ichchhapor,text,gu,દવાખાનામાં ડોક્ટર નથી અને દવા મળતી નથી.,health,background,health,no_doctor_medicine,OFF-HEA01,Pending,2026-09-26,,,yes
DEMO01208,2026-09-23,West Zone,Gujarat,Valsad,Umbergaon INA,text,gu,"ઘણા દિવસથી વીજળી નથી, ટ્રાન્સફોર્મર બળી ગયું છે.",electricity,background,electricity,power_cut,OFF-ELE01,Pending,2026-09-26,,,yes
DEMO01209,2026-09-23,North Zone,Haryana,Sonipat,Kharkhoda,text,hi,स्कूल में शिक्षक नियमित रूप से नहीं आते हैं।,education,background,education,teacher_absent,OFF-EDU01,Resolved,2026-10-08,2026-10-03,10,yes
DEMO01210,2026-09-23,North Zone,Haryana,Sonipat,Kharkhoda,text,hi,राशन दुकान वाला मेरे राशन कार्ड पर चावल नहीं दे रहा है।,ration,background,ration,ration_not_given,OFF-RAT01,Resolved,2026-09-30,2026-09-25,2,yes
DEMO01211,2026-09-23,North Zone,Jammu & Kashmir,Baramula,Gulmarg,voice,ur,میری بڑھاپے کی پنشن کئی مہینوں سے نہیں ملی۔,pension,background,pension,pension_not_received,OFF-PEN01,Resolved,2026-10-08,2026-10-03,10,yes
DEMO01212,2026-09-23,East Zone,Jharkhand,Dumka,Jamtara,text,hi,मेरी वृद्धावस्था पेंशन कई महीनों से नहीं मिली है।,pension,background,pension,pension_not_received,OFF-PEN01,Resolved,2026-10-08,2026-10-03,10,yes
DEMO01213,2026-09-23,East Zone,Jharkhand,Purbi Singhbhum,Gadhra,text,hi,सड़क पर बड़े गड्ढे हैं और चलना खतरनाक है।,roads,background,roads,potholes,OFF-ROA01,Resolved,2026-10-14,2026-10-03,10,yes
DEMO01214,2026-09-23,East Zone,Jharkhand,Ranchi,Tati,text,en,The ration shop dealer is not giving rice on my ration card.,ration,background,ration,ration_not_given,OFF-RAT01,Pending,2026-09-30,,,yes
DEMO01215,2026-09-23,South Zone,Kerala,Ernakulam,Chowwara,text,ml,പല ദിവസങ്ങളായി പൈപ്പ് വഴി വെള്ളം വരുന്നില്ല.,water,background,water,no_supply,OFF-WAT01,Resolved,2026-09-30,2026-09-29,6,yes
DEMO01216,2026-09-23,South Zone,Kerala,Thrissur,Avinissery,text,en,The teacher does not come to the school regularly.,education,background,education,teacher_absent,OFF-EDU01,Pending,2026-10-08,,,yes
DEMO01217,2026-09-23,South Zone,Kerala,Wayanad,Kalpetta,voice,ml,"ഞങ്ങളുടെ ഗ്രാമത്തിലെ പൈപ്പ് കേടായി, കുടിവെള്ളം ഇല്ല.",water,background,water,handpump,OFF-WAT01,Pending,2026-09-30,,,yes
DEMO01218,2026-09-23,Central Zone,Madhya Pradesh,Damoh,Hindoria,text,hinglish,School mein teacher nahi aate.,education,background,education,teacher_absent,OFF-EDU01,Resolved,2026-10-08,2026-10-03,10,yes
DEMO01219,2026-09-23,Central Zone,Madhya Pradesh,Seoni,Seoni,text,hinglish,Sadak pe bahut gaddhe hai.,roads,background,roads,potholes,OFF-ROA01,Resolved,2026-10-14,2026-10-02,9,yes
DEMO01220,2026-09-23,Central Zone,Madhya Pradesh,Vidisha,Vidisha,text,hi,मेरी वृद्धावस्था पेंशन कई महीनों से नहीं मिली है।,pension,background,pension,pension_not_received,OFF-PEN01,Pending,2026-10-08,,,yes
DEMO01221,2026-09-23,West Zone,Maharashtra,Ahmadnagar,Shrigonda,text,mr,शाळा सुरू असूनही शिक्षक नियमित येत नाहीत.,education,background,education,teacher_absent,OFF-EDU01,Resolved,2026-10-08,2026-10-03,10,yes
DEMO01222,2026-09-23,West Zone,Maharashtra,Aurangabad,Aurangabad,voice,mr,My neighbour beat me and threatened me.,sensitive,background,police,police_inaction,OFF-SC01,Pending,2026-09-24,,,yes
DEMO01223,2026-09-23,West Zone,Maharashtra,Raigarh,Kegaon,text,mr,रुग्णालयात डॉक्टर नाहीत आणि औषध मिळत नाही.,health,background,health,no_doctor_medicine,OFF-HEA01,Pending,2026-09-26,,,yes
DEMO01224,2026-09-23,West Zone,Maharashtra,Thane,Mira-Bhayandar,text,mr,My neighbour beat me and threatened me.,sensitive,background,police,police_inaction,OFF-SC01,Resolved,2026-09-24,2026-09-30,7,yes
DEMO01225,2026-09-23,Northeast Zone,Nagaland,Wokha,Wokha,text,en,"There is no electricity for many days, the transformer is burnt.",electricity,background,electricity,power_cut,OFF-ELE01,Resolved,2026-09-26,2026-09-24,1,yes
DEMO01226,2026-09-23,East Zone,Odisha,Koraput,Kotpad,text,or,"ଆମ ଗାଁର ନଳକୂପ ଖରାପ, ପିଇବା ପାଣି ନାହିଁ।",water,background,water,handpump,OFF-WAT01,Resolved,2026-09-30,2026-09-29,6,yes
DEMO01227,2026-09-23,East Zone,Odisha,Koraput,Sunabeda,text,or,ସ୍କୁଲରେ ଶିକ୍ଷକ ନିୟମିତ ଆସୁନାହାନ୍ତି।,education,background,education,teacher_absent,OFF-EDU01,Resolved,2026-10-08,2026-10-03,10,yes
DEMO01228,2026-09-23,East Zone,Odisha,Nayagarh,Khandapada,voice,or,ମୋର ବାର୍ଦ୍ଧକ୍ୟ ଭତ୍ତା କିଛି ମାସ ହେଲା ମିଳିନାହିଁ।,pension,background,pension,pension_not_received,OFF-PEN01,Resolved,2026-10-08,2026-10-03,10,yes
DEMO01229,2026-09-23,North Zone,Punjab,Bathinda,Maur,text,pa,ਮੇਰੀ ਬੁਢਾਪਾ ਪੈਨਸ਼ਨ ਕਈ ਮਹੀਨਿਆਂ ਤੋਂ ਨਹੀਂ ਆਈ।,pension,background,pension,pension_not_received,OFF-PEN01,Resolved,2026-10-08,2026-10-03,10,yes
DEMO01230,2026-09-23,North Zone,Punjab,Gurdaspur,Fatehgarh Churian,voice,pa,"ਕਈ ਦਿਨਾਂ ਤੋਂ ਬਿਜਲੀ ਨਹੀਂ ਹੈ, ਟਰਾਂਸਫਾਰਮਰ ਸੜ ਗਿਆ ਹੈ।",electricity,background,electricity,power_cut,OFF-ELE01,Pending,2026-09-26,,,yes
DEMO01231,2026-09-23,North Zone,Punjab,Patiala,Sanaur,voice,pa,ਰਾਸ਼ਨ ਡਿਪੂ ਵਾਲਾ ਮੈਨੂੰ ਕਣਕ ਨਹੀਂ ਦੇ ਰਿਹਾ।,ration,background,ration,ration_not_given,OFF-RAT01,Resolved,2026-09-30,2026-09-25,2,yes
DEMO01232,2026-09-23,North Zone,Punjab,Rupnagar,Karoran,voice,pa,ਸਕੂਲ ਵਿੱਚ ਅਧਿਆਪਕ ਨਿਯਮਤ ਨਹੀਂ ਆਉਂਦੇ।,education,background,education,teacher_absent,OFF-EDU01,Pending,2026-10-08,,,yes
DEMO01233,2026-09-23,North Zone,Rajasthan,Bharatpur,Deeg,voice,hi,कई दिनों से नल में पानी नहीं आ रहा है।,water,background,water,no_supply,OFF-WAT01,Resolved,2026-09-30,2026-09-28,5,yes
DEMO01234,2026-09-23,North Zone,Rajasthan,Jodhpur,Phalodi,text,hinglish,The ration dealer asked for a bribe to give my quota.,sensitive,background,police,police_inaction,OFF-SC01,Pending,2026-09-24,,,yes
DEMO01235,2026-09-23,North Zone,Rajasthan,Karauli,Todabhim,text,hi,"कई दिनों से बिजली नहीं है, ट्रांसफार्मर जल गया है।",electricity,background,electricity,power_cut,OFF-ELE01,Resolved,2026-09-26,2026-09-25,2,yes
DEMO01236,2026-09-23,North Zone,Rajasthan,Rajsamand,Nathdwara,text,hi,स्वास्थ्य केंद्र में डॉक्टर नहीं है और दवाई नहीं मिलती।,health,background,health,no_doctor_medicine,OFF-HEA01,Resolved,2026-09-26,2026-09-24,1,yes
DEMO01237,2026-09-23,South Zone,Tamil Nadu,Dindigul,Ayakudi,text,ta,ரேஷன் கடையில் என் குடும்ப அட்டைக்கு அரிசி கொடுக்கவில்லை.,ration,background,ration,ration_not_given,OFF-RAT01,Pending,2026-09-30,,,yes
DEMO01238,2026-09-23,South Zone,Tamil Nadu,Erode,Veerappanchatram,text,en,"There is no electricity for many days, the transformer is burnt.",electricity,background,electricity,power_cut,OFF-ELE01,Pending,2026-09-26,,,yes
DEMO01239,2026-09-23,South Zone,Tamil Nadu,Madurai,A.Vellalapatti,text,ta,"பல நாட்களாக மின்சாரம் இல்லை, மின்மாற்றி எரிந்துவிட்டது.",electricity,background,electricity,power_cut,OFF-ELE01,Resolved,2026-09-26,2026-09-25,2,yes
DEMO01240,2026-09-23,South Zone,Tamil Nadu,Namakkal,Pallipalayam,text,ta,பள்ளிக்கு ஆசிரியர் தொடர்ந்து வருவதில்லை.,education,background,education,teacher_absent,OFF-EDU01,Pending,2026-10-08,,,yes
DEMO01241,2026-09-23,South Zone,Tamil Nadu,Namakkal,Vennanthur,voice,ta,பள்ளிக்கு ஆசிரியர் தொடர்ந்து வருவதில்லை.,education,background,education,teacher_absent,OFF-EDU01,Pending,2026-10-08,,,yes
DEMO01242,2026-09-23,Northeast Zone,Tripura,South Tripura,Amarpur,text,bn,"অনেক দিন ধরে বিদ্যুৎ নেই, ট্রান্সফরমার পুড়ে গেছে।",electricity,background,electricity,power_cut,OFF-ELE01,Pending,2026-09-26,,,yes
DEMO01243,2026-09-23,Central Zone,Uttar Pradesh,Baghpat,Tikri,voice,hinglish,Ration dukan wala chawal nahi de raha.,ration,background,ration,ration_not_given,OFF-RAT01,Pending,2026-09-30,,,yes
DEMO01244,2026-09-23,Central Zone,Uttar Pradesh,Chandauli,Chakia,text,hinglish,"Kai din se paani nahi aa raha, nal sukha hai.",water,background,water,no_supply,OFF-WAT01,Resolved,2026-09-30,2026-09-27,4,yes
DEMO01245,2026-09-23,Central Zone,Uttar Pradesh,Deoria,Gauri Bazar,text,hinglish,My neighbour beat me and threatened me.,sensitive,background,police,police_inaction,OFF-SC01,Resolved,2026-09-24,2026-09-24,1,yes
DEMO01246,2026-09-23,Central Zone,Uttar Pradesh,Etah,Aliganj,text,hinglish,"Kai din se paani nahi aa raha, nal sukha hai.",water,background,water,no_supply,OFF-WAT01,Resolved,2026-09-30,2026-10-02,9,yes
DEMO01247,2026-09-23,Central Zone,Uttar Pradesh,Farrukhabad,Mohammadabad,text,hi,स्वास्थ्य केंद्र में डॉक्टर नहीं है और दवाई नहीं मिलती।,health,background,health,no_doctor_medicine,OFF-HEA01,Resolved,2026-09-26,2026-09-24,1,yes
DEMO01248,2026-09-23,Central Zone,Uttar Pradesh,Gonda,Gonda,text,hi,"कई दिनों से बिजली नहीं है, ट्रांसफार्मर जल गया है।",electricity,background,electricity,power_cut,OFF-ELE01,Pending,2026-09-26,,,yes
DEMO01249,2026-09-23,Central Zone,Uttar Pradesh,Lalitpur,Mahroni,text,hi,"कई दिनों से बिजली नहीं है, ट्रांसफार्मर जल गया है।",electricity,background,electricity,power_cut,OFF-ELE01,Resolved,2026-09-26,2026-09-29,6,yes
DEMO01250,2026-09-23,Central Zone,Uttar Pradesh,Mathura,Govardhan,voice,hi,सड़क पर बड़े गड्ढे हैं और चलना खतरनाक है।,roads,background,roads,potholes,OFF-ROA01,Resolved,2026-10-14,2026-10-03,10,yes
DEMO01251,2026-09-23,Central Zone,Uttar Pradesh,Mirzapur,Chunar,text,hi,राशन दुकान वाला मेरे राशन कार्ड पर चावल नहीं दे रहा है।,ration,background,ration,ration_not_given,OFF-RAT01,Resolved,2026-09-30,2026-09-25,2,yes
DEMO01252,2026-09-23,Central Zone,Uttar Pradesh,Rae Bareli,Jais,voice,en,"Nobody is listening to us, please check.",unclear,background,water,handpump,OFF-WAT01,Pending,2026-09-30,,,yes
DEMO01253,2026-09-23,Central Zone,Uttar Pradesh,Rae Bareli,Lalganj,text,hi,स्वास्थ्य केंद्र में डॉक्टर नहीं है और दवाई नहीं मिलती।,health,background,health,no_doctor_medicine,OFF-HEA01,Resolved,2026-09-26,2026-09-24,1,yes
DEMO01254,2026-09-23,Central Zone,Uttar Pradesh,Rae Bareli,Unchahar,text,hinglish,My neighbour beat me and threatened me.,sensitive,background,police,police_inaction,OFF-SC01,Resolved,2026-09-24,2026-09-24,1,yes
DEMO01255,2026-09-23,Central Zone,Uttarakhand,Chamoli,Nand Prayag,voice,hi,कई दिनों से नल में पानी नहीं आ रहा है।,water,background,water,no_supply,OFF-WAT01,Pending,2026-09-30,,,yes
DEMO01256,2026-09-23,Central Zone,Uttarakhand,Champawat,Champawat,text,hi,स्कूल में शिक्षक नियमित रूप से नहीं आते हैं।,education,background,education,teacher_absent,OFF-EDU01,Resolved,2026-10-08,2026-10-01,8,yes
DEMO01257,2026-09-23,Central Zone,Uttarakhand,Tehri Garhwal & Garhwal,Dev Prayag,text,hi,सड़क पर बड़े गड्ढे हैं और चलना खतरनाक है।,roads,background,roads,potholes,OFF-ROA01,Resolved,2026-10-14,2026-10-01,8,yes
DEMO01258,2026-09-23,East Zone,West Bengal,Darjiling,Uttar Bagdogra,text,hinglish,"Kai din se paani nahi aa raha, nal sukha hai.",water,background,water,no_supply,OFF-WAT01,Resolved,2026-09-30,2026-09-25,2,yes
DEMO01259,2026-09-23,East Zone,West Bengal,Hugli,Chak Bansberia,text,bn,"রাস্তায় বড় বড় গর্ত, চলাচল বিপজ্জনক।",roads,background,roads,potholes,OFF-ROA01,Resolved,2026-10-14,2026-09-29,6,yes
DEMO01260,2026-09-23,East Zone,West Bengal,North Twentyfour Parganas,Ashoknagar Kalyangarh,text,bn,"অনেক দিন ধরে বিদ্যুৎ নেই, ট্রান্সফরমার পুড়ে গেছে।",electricity,stable_electricity,electricity,power_cut,OFF-ELE01,Resolved,2026-09-26,2026-09-25,2,yes
DEMO01261,2026-09-23,East Zone,West Bengal,North Twentyfour Parganas,Gobardanga,text,en,"There is no electricity for many days, the transformer is burnt.",electricity,stable_electricity,electricity,power_cut,OFF-ELE01,Pending,2026-09-26,,,yes
DEMO01262,2026-09-23,East Zone,West Bengal,North Twentyfour Parganas,Nebadhai Duttapukur,text,bn,"অনেক দিন ধরে বিদ্যুৎ নেই, ট্রান্সফরমার পুড়ে গেছে।",electricity,stable_electricity,electricity,power_cut,OFF-ELE01,Resolved,2026-09-26,2026-09-28,5,yes
DEMO01263,2026-09-24,South Zone,Andaman & Nicobar,Andamans,Port Blair,text,en,Water is not coming in the tap for many days.,water,background,water,no_supply,OFF-WAT01,Resolved,2026-10-01,2026-09-30,6,yes
DEMO01264,2026-09-24,South Zone,Andhra Pradesh,Visakhapatnam,Narsipatnam,text,hinglish,Meri vridha pension kai mahine se band hai.,pension,background,pension,pension_not_received,OFF-PEN01,Pending,2026-10-09,,,yes
DEMO01265,2026-09-24,Northeast Zone,Assam,Sibsagar,Amguri,text,en,My old age pension has not been received for months.,pension,background,pension,pension_not_received,OFF-PEN01,Pending,2026-10-09,,,yes
DEMO01266,2026-09-24,East Zone,Bihar,Begusarai,Barauni IOC Township,voice,hi,पड़ोसी ने मेरे साथ मारपीट की और धमकी दी।,sensitive,background,police,police_inaction,OFF-SC01,Pending,2026-09-25,,,yes
DEMO01267,2026-09-24,East Zone,Bihar,Begusarai,Barauni IOC Township,text,hi,"कई दिनों से बिजली नहीं है, ट्रांसफार्मर जल गया है।",electricity,background,electricity,power_cut,OFF-ELE01,Resolved,2026-09-27,2026-10-03,9,yes
DEMO01268,2026-09-24,East Zone,Bihar,Gopalganj,Mirganj,text,hinglish,"Bijli nahi hai kai din se, transformer kharab hai.",electricity,background,electricity,transformer,OFF-ELE01,Resolved,2026-09-27,2026-09-25,1,yes
DEMO01269,2026-09-24,East Zone,Bihar,Nawada,Warisaliganj,text,hi,हमारे गाँव का हैंडपंप खराब है और पीने का पानी नहीं है।,water,background,water,handpump,OFF-WAT01,Pending,2026-10-01,,,yes
DEMO01270,2026-09-24,Central Zone,Chhattisgarh,Bilaspur,Bilaspur,text,cg,"अस्पताल म डाक्टर नइ हे, दवई घलो नइ मिलत।",health,cluster_health,health,no_doctor_medicine,OFF-HEA01,Resolved,2026-09-27,2026-09-26,2,yes
DEMO01271,2026-09-24,Central Zone,Chhattisgarh,Bilaspur,Deori,text,cg,"अस्पताल म डाक्टर नइ हे, दवई घलो नइ मिलत।",health,cluster_health,health,no_doctor_medicine,OFF-HEA01,Resolved,2026-09-27,2026-09-25,1,yes
DEMO01272,2026-09-24,Central Zone,Chhattisgarh,Raipur,Arang,text,hinglish,"Kai din se paani nahi aa raha, nal sukha hai.",water,spike_water,water,no_supply,OFF-WAT01,Pending,2026-10-01,,,yes
DEMO01273,2026-09-24,Central Zone,Chhattisgarh,Raipur,Baloda Bazar,text,cg,कतको दिन ले नल म पानी नइ आवत हे।,water,spike_water,water,no_supply,OFF-WAT01,Pending,2026-10-01,,,yes
DEMO01274,2026-09-24,Central Zone,Chhattisgarh,Raipur,Banarsi,text,hinglish,"Kai din se paani nahi aa raha, nal sukha hai.",water,spike_water,water,no_supply,OFF-WAT01,Resolved,2026-10-01,2026-10-02,8,yes
DEMO01275,2026-09-24,Central Zone,Chhattisgarh,Raipur,Banarsi,text,hi,हमारे गाँव का हैंडपंप खराब है और पीने का पानी नहीं है।,water,spike_water,water,handpump,OFF-WAT01,Pending,2026-10-01,,,yes
DEMO01276,2026-09-24,Central Zone,Chhattisgarh,Raipur,Bhanpuri,voice,hi,कई दिनों से नल में पानी नहीं आ रहा है।,water,spike_water,water,no_supply,OFF-WAT01,Pending,2026-10-01,,,yes
DEMO01277,2026-09-24,Central Zone,Chhattisgarh,Raipur,Bhatapara,text,hinglish,Water supply nahi aa rahi since 10 days.,water,spike_water,water,no_supply,OFF-WAT01,Pending,2026-10-01,,,yes
DEMO01278,2026-09-24,Central Zone,Chhattisgarh,Raipur,Gobranawapara,text,hi,हमारे गाँव का हैंडपंप खराब है और पीने का पानी नहीं है।,water,spike_water,water,handpump,OFF-WAT01,Resolved,2026-10-01,2026-09-29,5,yes
DEMO01279,2026-09-24,Central Zone,Chhattisgarh,Raipur,Gogaon,text,cg,"हमर गाँव के हैंडपंप खराब हवय, पीए बर पानी नइ हे।",water,spike_water,water,handpump,OFF-WAT01,Resolved,2026-10-01,2026-09-27,3,yes
DEMO01280,2026-09-24,Central Zone,Chhattisgarh,Raipur,Gogaon,voice,hi,हमारे गाँव का हैंडपंप खराब है और पीने का पानी नहीं है।,water,spike_water,water,handpump,OFF-WAT01,Pending,2026-10-01,,,yes
DEMO01281,2026-09-24,Central Zone,Chhattisgarh,Raipur,Gogaon,text,hi,कई दिनों से नल में पानी नहीं आ रहा है।,water,spike_water,water,no_supply,OFF-WAT01,Resolved,2026-10-01,2026-09-29,5,yes
DEMO01282,2026-09-24,Central Zone,Chhattisgarh,Raipur,Simga,text,hi,हमारे गाँव का हैंडपंप खराब है और पीने का पानी नहीं है।,water,spike_water,water,handpump,OFF-WAT01,Pending,2026-10-01,,,yes
DEMO01283,2026-09-24,Central Zone,Chhattisgarh,Raipur,Tilda Newra,text,cg,कतको दिन ले नल म पानी नइ आवत हे।,water,spike_water,water,no_supply,OFF-WAT01,Resolved,2026-10-01,2026-09-29,5,yes
DEMO01284,2026-09-24,Central Zone,Chhattisgarh,Raipur,Tilda Newra,voice,cg,"हमर गाँव के हैंडपंप खराब हवय, पीए बर पानी नइ हे।",water,spike_water,water,handpump,OFF-WAT01,Resolved,2026-10-01,2026-09-26,2,yes
DEMO01285,2026-09-24,Central Zone,Chhattisgarh,Raipur,Urla,text,hinglish,Water supply nahi aa rahi since 10 days.,water,spike_water,water,no_supply,OFF-WAT01,Resolved,2026-10-01,2026-10-03,9,yes
DEMO01286,2026-09-24,Central Zone,Chhattisgarh,Rajnandgaon,Khairagarh,text,cg,इस्कूल म गुरुजी रोज नइ आवत हे।,education,background,education,teacher_absent,OFF-EDU01,Pending,2026-10-09,,,yes
DEMO01287,2026-09-24,West Zone,Dadra and Nagar Haveli and Daman and Diu,Daman,Daman,text,hi,स्वास्थ्य केंद्र में डॉक्टर नहीं है और दवाई नहीं मिलती।,health,background,health,no_doctor_medicine,OFF-HEA01,Pending,2026-09-27,,,yes
DEMO01288,2026-09-24,North Zone,Delhi,North East,Mirpur Turk,text,en,My old age pension has not been received for months.,pension,background,pension,pension_not_received,OFF-PEN01,Pending,2026-10-09,,,yes
DEMO01289,2026-09-24,North Zone,Delhi,North West,Kirari Suleman Nagar,voice,hi,स्वास्थ्य केंद्र में डॉक्टर नहीं है और दवाई नहीं मिलती।,health,background,health,no_doctor_medicine,OFF-HEA01,Resolved,2026-09-27,2026-09-25,1,yes
DEMO01290,2026-09-24,West Zone,Goa,North Goa,Queula,text,hi,राशन दुकान वाला मेरे राशन कार्ड पर चावल नहीं दे रहा है।,ration,background,ration,ration_not_given,OFF-RAT01,Pending,2026-10-01,,,yes
DEMO01291,2026-09-24,West Zone,Gujarat,Ahmadabad,Dholka,text,gu,"રસ્તા પર મોટા ખાડા છે, ચાલવું જોખમી છે.",roads,background,roads,potholes,OFF-ROA01,Pending,2026-10-15,,,yes
DEMO01292,2026-09-24,West Zone,Gujarat,Banas Kantha,Dhanera,voice,gu,દવાખાનામાં ડોક્ટર નથી અને દવા મળતી નથી.,health,background,health,no_doctor_medicine,OFF-HEA01,Pending,2026-09-27,,,yes
DEMO01293,2026-09-24,West Zone,Gujarat,Valsad,Parnera,text,en,The road has big potholes and is unsafe.,roads,background,roads,potholes,OFF-ROA01,Pending,2026-10-15,,,yes
DEMO01294,2026-09-24,North Zone,Haryana,Sonipat,Kharkhoda,text,hi,स्वास्थ्य केंद्र में डॉक्टर नहीं है और दवाई नहीं मिलती।,health,background,health,no_doctor_medicine,OFF-HEA01,Resolved,2026-09-27,2026-09-26,2,yes
DEMO01295,2026-09-24,North Zone,Jammu & Kashmir,Anantnag,Kukernag,text,ur,ہمارے گاؤں کا نلکا خراب ہے، پینے کا پانی نہیں ہے۔,water,background,water,handpump,OFF-WAT01,Pending,2026-10-01,,,yes
DEMO01296,2026-09-24,East Zone,Jharkhand,Dhanbad,Gomoh,text,hi,मेरी वृद्धावस्था पेंशन कई महीनों से नहीं मिली है।,pension,background,pension,pension_not_received,OFF-PEN01,Pending,2026-10-09,,,yes
DEMO01297,2026-09-24,East Zone,Jharkhand,Purbi Singhbhum,Ghatshila,text,hi,हमारे गाँव का हैंडपंप खराब है और पीने का पानी नहीं है।,water,background,water,handpump,OFF-WAT01,Pending,2026-10-01,,,yes
DEMO01298,2026-09-24,South Zone,Karnataka,Bangalore Rural,Kanakapura,text,kn,"ಆಸ್ಪತ್ರೆಯಲ್ಲಿ ವೈದ್ಯರಿಲ್ಲ, ಔಷಧ ಸಿಗುತ್ತಿಲ್ಲ.",health,background,health,no_doctor_medicine,OFF-HEA01,Pending,2026-09-27,,,yes
DEMO01299,2026-09-24,South Zone,Kerala,Kozhikode,Olavanna,text,en,Water is not coming in the tap for many days.,water,background,water,no_supply,OFF-WAT01,Pending,2026-10-01,,,yes
DEMO01300,2026-09-24,South Zone,Kerala,Kozhikode,Villiappally,text,hinglish,"Kai din se paani nahi aa raha, nal sukha hai.",water,background,water,no_supply,OFF-WAT01,Pending,2026-10-01,,,yes
DEMO01301,2026-09-24,Central Zone,Madhya Pradesh,Chhindwara,Chhindwara,text,hi,स्कूल में शिक्षक नियमित रूप से नहीं आते हैं।,education,background,education,teacher_absent,OFF-EDU01,Resolved,2026-10-09,2026-10-03,9,yes
DEMO01302,2026-09-24,Central Zone,Madhya Pradesh,Chhindwara,Sausar,text,hi,पड़ोसी ने मेरे साथ मारपीट की और धमकी दी।,sensitive,background,police,police_inaction,OFF-SC01,Resolved,2026-09-25,2026-09-27,3,yes
DEMO01303,2026-09-24,Central Zone,Madhya Pradesh,Morena,Ambah,text,hinglish,Ration dukan wala chawal nahi de raha.,ration,background,ration,ration_not_given,OFF-RAT01,Pending,2026-10-01,,,yes
DEMO01304,2026-09-24,Central Zone,Madhya Pradesh,Shajapur,Susner,text,hi,स्वास्थ्य केंद्र में डॉक्टर नहीं है और दवाई नहीं मिलती।,health,background,health,no_doctor_medicine,OFF-HEA01,Resolved,2026-09-27,2026-10-03,9,yes
DEMO01305,2026-09-24,Central Zone,Madhya Pradesh,West Nimar,Bhikangaon,text,en,"There is no electricity for many days, the transformer is burnt.",electricity,background,electricity,power_cut,OFF-ELE01,Pending,2026-09-27,,,yes
DEMO01306,2026-09-24,West Zone,Maharashtra,Sangli,Manadur,text,mr,शाळा सुरू असूनही शिक्षक नियमित येत नाहीत.,education,background,education,teacher_absent,OFF-EDU01,Pending,2026-10-09,,,yes
DEMO01307,2026-09-24,Northeast Zone,Manipur,Imphal East,Andro,text,en,The road has big potholes and is unsafe.,roads,background,roads,potholes,OFF-ROA01,Pending,2026-10-15,,,yes
DEMO01308,2026-09-24,Northeast Zone,Nagaland,Wokha,Wokha,text,en,The road has big potholes and is unsafe.,roads,background,roads,potholes,OFF-ROA01,Pending,2026-10-15,,,yes
DEMO01309,2026-09-24,East Zone,Odisha,Bargarh,Khaliapali,text,or,ସ୍କୁଲରେ ଶିକ୍ଷକ ନିୟମିତ ଆସୁନାହାନ୍ତି।,education,background,education,teacher_absent,OFF-EDU01,Pending,2026-10-09,,,yes
DEMO01310,2026-09-24,East Zone,Odisha,Cuttack,Athagad,text,en,The teacher does not come to the school regularly.,education,background,education,teacher_absent,OFF-EDU01,Pending,2026-10-09,,,yes
DEMO01311,2026-09-24,East Zone,Odisha,Dhenkanal,Kamakshyanagar,text,hinglish,"Kai din se paani nahi aa raha, nal sukha hai.",water,background,water,no_supply,OFF-WAT01,Pending,2026-10-01,,,yes
DEMO01312,2026-09-24,East Zone,Odisha,Koraput,Jeypur,text,or,ମୋର ବାର୍ଦ୍ଧକ୍ୟ ଭତ୍ତା କିଛି ମାସ ହେଲା ମିଳିନାହିଁ।,pension,background,pension,pension_not_received,OFF-PEN01,Resolved,2026-10-09,2026-10-03,9,yes
DEMO01313,2026-09-24,East Zone,Odisha,Mayurbhanj,Rairangpur,text,or,"ଡାକ୍ତରଖାନାରେ ଡାକ୍ତର ନାହାନ୍ତି, ଔଷଧ ମିଳୁନାହିଁ।",health,background,health,no_doctor_medicine,OFF-HEA01,Pending,2026-09-27,,,yes
DEMO01314,2026-09-24,East Zone,Odisha,Sundargarh,Tensa,text,or,"Nobody is listening to us, please check.",unclear,background,water,handpump,OFF-WAT01,Resolved,2026-10-01,2026-09-26,2,yes
DEMO01315,2026-09-24,North Zone,Punjab,Amritsar,Amritsar,voice,pa,"ਸੜਕ ਵਿੱਚ ਵੱਡੇ ਟੋਏ ਹਨ, ਚੱਲਣਾ ਖ਼ਤਰਨਾਕ ਹੈ।",roads,background,roads,potholes,OFF-ROA01,Pending,2026-10-15,,,yes
DEMO01316,2026-09-24,North Zone,Punjab,Bathinda,Goniana,text,hi,"मेरा काम नहीं हो रहा, कोई सुनता नहीं है।",unclear,background,electricity,transformer,OFF-ELE01,Resolved,2026-09-27,2026-09-25,1,yes
DEMO01317,2026-09-24,North Zone,Punjab,Rupnagar,Karoran,text,hinglish,"Aspatal mein doctor nahi hai, dawai bhi nahi mil rahi.",health,background,health,no_doctor_medicine,OFF-HEA01,Resolved,2026-09-27,2026-09-28,4,yes
DEMO01318,2026-09-24,North Zone,Rajasthan,Ajmer,Beawar,text,hinglish,"Aspatal mein doctor nahi hai, dawai bhi nahi mil rahi.",health,background,health,no_doctor_medicine,OFF-HEA01,Pending,2026-09-27,,,yes
DEMO01319,2026-09-24,North Zone,Rajasthan,Bharatpur,Nadbai,text,hi,स्वास्थ्य केंद्र में डॉक्टर नहीं है और दवाई नहीं मिलती।,health,background,health,no_doctor_medicine,OFF-HEA01,Resolved,2026-09-27,2026-09-25,1,yes
DEMO01320,2026-09-24,North Zone,Rajasthan,Bundi,Nainwa,text,hi,कई दिनों से नल में पानी नहीं आ रहा है।,water,background,water,no_supply,OFF-WAT01,Pending,2026-10-01,,,yes
DEMO01321,2026-09-24,North Zone,Rajasthan,Jhunjhunun,Chirawa,text,hinglish,"Aspatal mein doctor nahi hai, dawai bhi nahi mil rahi.",health,background,health,no_doctor_medicine,OFF-HEA01,Pending,2026-09-27,,,yes
DEMO01322,2026-09-24,North Zone,Rajasthan,Jodhpur,Bilara,text,en,The ration shop dealer is not giving rice on my ration card.,ration,background,ration,ration_not_given,OFF-RAT01,Pending,2026-10-01,,,yes
DEMO01323,2026-09-24,Northeast Zone,Sikkim,South,Namchi,text,en,"There is no electricity for many days, the transformer is burnt.",electricity,background,electricity,power_cut,OFF-ELE01,Resolved,2026-09-27,2026-09-25,1,yes
DEMO01324,2026-09-24,South Zone,Tamil Nadu,Kanniyakumari,Nagercoil,text,en,"There is no electricity for many days, the transformer is burnt.",electricity,background,electricity,power_cut,OFF-ELE01,Pending,2026-09-27,,,yes
DEMO01325,2026-09-24,South Zone,Tamil Nadu,Namakkal,Kumarapalayam,voice,ta,ரேஷன் கடையில் என் குடும்ப அட்டைக்கு அரிசி கொடுக்கவில்லை.,ration,background,ration,ration_not_given,OFF-RAT01,Resolved,2026-10-01,2026-09-26,2,yes
DEMO01326,2026-09-24,South Zone,Tamil Nadu,Salem,Vazhapadi,voice,ta,The ration dealer asked for a bribe to give my quota.,sensitive,background,police,police_inaction,OFF-SC01,Pending,2026-09-25,,,yes
DEMO01327,2026-09-24,South Zone,Tamil Nadu,Theni,Boothipuram,text,en,The ration dealer asked for a bribe to give my quota.,sensitive,background,police,police_inaction,OFF-SC01,Resolved,2026-09-25,2026-09-25,1,yes
DEMO01328,2026-09-24,South Zone,Tamil Nadu,Theni,Hanumanthampatti,text,en,The teacher does not come to the school regularly.,education,background,education,teacher_absent,OFF-EDU01,Pending,2026-10-09,,,yes
DEMO01329,2026-09-24,South Zone,Tamil Nadu,Tiruvanamalai,Tiruvethipuram,text,en,The teacher does not come to the school regularly.,education,background,education,teacher_absent,OFF-EDU01,Pending,2026-10-09,,,yes
DEMO01330,2026-09-24,South Zone,Telangana,Warangal,Warangal,text,hi,स्कूल में शिक्षक नियमित रूप से नहीं आते हैं।,education,background,education,teacher_absent,OFF-EDU01,Pending,2026-10-09,,,yes
DEMO01331,2026-09-24,Central Zone,Uttar Pradesh,Allahabad,Shankargarh,text,hi,स्वास्थ्य केंद्र में डॉक्टर नहीं है और दवाई नहीं मिलती।,health,background,health,no_doctor_medicine,OFF-HEA01,Resolved,2026-09-27,2026-09-26,2,yes
DEMO01332,2026-09-24,Central Zone,Uttar Pradesh,Azamgarh,Ibrahimpur,voice,hi,कई दिनों से नल में पानी नहीं आ रहा है।,water,background,water,no_supply,OFF-WAT01,Resolved,2026-10-01,2026-09-29,5,yes
DEMO01333,2026-09-24,Central Zone,Uttar Pradesh,Banda,Banda,text,hinglish,Meri vridha pension kai mahine se band hai.,pension,background,pension,pension_not_received,OFF-PEN01,Pending,2026-10-09,,,yes
DEMO01334,2026-09-24,Central Zone,Uttar Pradesh,Bareilly,Pipalsana Chaudhari,text,hinglish,Meri vridha pension kai mahine se band hai.,pension,background,pension,pension_not_received,OFF-PEN01,Resolved,2026-10-09,2026-10-03,9,yes
DEMO01335,2026-09-24,Central Zone,Uttar Pradesh,Basti,Harraiya,text,en,My neighbour beat me and threatened me.,sensitive,background,police,police_inaction,OFF-SC01,Resolved,2026-09-25,2026-09-25,1,yes
DEMO01336,2026-09-24,Central Zone,Uttar Pradesh,Kannauj,Saurikh,text,en,The ration shop dealer is not giving rice on my ration card.,ration,background,ration,ration_not_given,OFF-RAT01,Pending,2026-10-01,,,yes
DEMO01337,2026-09-24,Central Zone,Uttar Pradesh,Kushinagar,Kaptanganj,voice,hi,सड़क पर बड़े गड्ढे हैं और चलना खतरनाक है।,roads,background,roads,potholes,OFF-ROA01,Pending,2026-10-15,,,yes
DEMO01338,2026-09-24,Central Zone,Uttar Pradesh,Mau,Adari,text,hinglish,Ration dukan wala chawal nahi de raha.,ration,background,ration,ration_not_given,OFF-RAT01,Pending,2026-10-01,,,yes
DEMO01339,2026-09-24,Central Zone,Uttar Pradesh,Meerut,Kharkhoda,text,hi,"कई दिनों से बिजली नहीं है, ट्रांसफार्मर जल गया है।",electricity,background,electricity,power_cut,OFF-ELE01,Pending,2026-09-27,,,yes
DEMO01340,2026-09-24,Central Zone,Uttar Pradesh,Rae Bareli,Bachhrawan,text,hi,हमारे गाँव का हैंडपंप खराब है और पीने का पानी नहीं है।,water,background,water,handpump,OFF-WAT01,Resolved,2026-10-01,2026-10-02,8,yes
DEMO01341,2026-09-24,Central Zone,Uttar Pradesh,Sant Kabir Nagar,Maghar,text,hi,स्कूल में शिक्षक नियमित रूप से नहीं आते हैं।,education,background,education,teacher_absent,OFF-EDU01,Resolved,2026-10-09,2026-10-03,9,yes
DEMO01342,2026-09-24,Central Zone,Uttar Pradesh,Shahjahanpur,Kanth,text,hi,राशन दुकान वाला मेरे राशन कार्ड पर चावल नहीं दे रहा है।,ration,background,ration,ration_not_given,OFF-RAT01,Pending,2026-10-01,,,yes
DEMO01343,2026-09-24,Central Zone,Uttar Pradesh,Shahjahanpur,Khudaganj,text,hinglish,Sadak pe bahut gaddhe hai.,roads,background,roads,potholes,OFF-ROA01,Resolved,2026-10-15,2026-10-03,9,yes
DEMO01344,2026-09-24,Central Zone,Uttar Pradesh,Sultanpur,Dostpur,voice,en,Water is not coming in the tap for many days.,water,background,water,no_supply,OFF-WAT01,Resolved,2026-10-01,2026-10-03,9,yes
DEMO01345,2026-09-24,East Zone,West Bengal,North Twentyfour Parganas,Gobardanga,text,bn,"অনেক দিন ধরে বিদ্যুৎ নেই, ট্রান্সফরমার পুড়ে গেছে।",electricity,stable_electricity,electricity,power_cut,OFF-ELE01,Pending,2026-09-27,,,yes
DEMO01346,2026-09-24,East Zone,West Bengal,Puruliya,S.T. Power Project Town,voice,bn,আমার বার্ধক্য ভাতা কয়েক মাস ধরে পাইনি।,pension,background,pension,pension_not_received,OFF-PEN01,Pending,2026-10-09,,,yes
DEMO01347,2026-09-25,South Zone,Andhra Pradesh,Chittoor,Puttur,text,te,రోడ్డుపై పెద్ద గుంతలు ఉన్నాయి.,roads,background,roads,potholes,OFF-ROA01,Pending,2026-10-16,,,yes
DEMO01348,2026-09-25,South Zone,Andhra Pradesh,Kurnool,Adoni,text,hi,राशन दुकान वाले ने रिश्वत मांगी।,sensitive,background,police,police_inaction,OFF-SC01,Pending,2026-09-26,,,yes
DEMO01349,2026-09-25,South Zone,Andhra Pradesh,Kurnool,Kallur,text,te,"చాలా రోజులుగా కరెంటు లేదు, ట్రాన్స్ఫార్మర్ కాలిపోయింది.",electricity,background,electricity,power_cut,OFF-ELE01,Resolved,2026-09-28,2026-09-27,2,yes
DEMO01350,2026-09-25,South Zone,Andhra Pradesh,Visakhapatnam,Anakapalle,text,hi,स्कूल में शिक्षक नियमित रूप से नहीं आते हैं।,education,background,education,teacher_absent,OFF-EDU01,Resolved,2026-10-10,2026-10-03,8,yes
DEMO01351,2026-09-25,South Zone,Andhra Pradesh,Vizianagaram,Parvathipuram,voice,te,"చాలా రోజులుగా కరెంటు లేదు, ట్రాన్స్ఫార్మర్ కాలిపోయింది.",electricity,background,electricity,power_cut,OFF-ELE01,Pending,2026-09-28,,,yes
DEMO01352,2026-09-25,Northeast Zone,Assam,Hailakandi,Hindustan Paper Corporation Ltd. Township Area Panchgram,text,as,বহুদিন ধৰি টেপত খোৱাপানী অহা নাই।,water,background,water,no_supply,OFF-WAT01,Resolved,2026-10-02,2026-10-03,8,yes
DEMO01353,2026-09-25,East Zone,Bihar,Kaimur (Bhabua),Bhabua,text,hi,मेरी वृद्धावस्था पेंशन कई महीनों से नहीं मिली है।,pension,background,pension,pension_not_received,OFF-PEN01,Pending,2026-10-10,,,yes
DEMO01354,2026-09-25,East Zone,Bihar,Nalanda,Islampur,text,hinglish,"Aspatal mein doctor nahi hai, dawai bhi nahi mil rahi.",health,background,health,no_doctor_medicine,OFF-HEA01,Pending,2026-09-28,,,yes
DEMO01355,2026-09-25,Central Zone,Chhattisgarh,Bilaspur,Bilaspur,text,hinglish,"Aspatal mein doctor nahi hai, dawai bhi nahi mil rahi.",health,cluster_health,health,no_doctor_medicine,OFF-HEA01,Pending,2026-09-28,,,yes
DEMO01356,2026-09-25,Central Zone,Chhattisgarh,Bilaspur,Bilaspur,text,hi,स्वास्थ्य केंद्र में डॉक्टर नहीं है और दवाई नहीं मिलती।,health,cluster_health,health,no_doctor_medicine,OFF-HEA01,Resolved,2026-09-28,2026-09-26,1,yes
DEMO01357,2026-09-25,Central Zone,Chhattisgarh,Bilaspur,Lingiyadih,text,hi,सड़क पर बड़े गड्ढे हैं और चलना खतरनाक है।,roads,background,roads,potholes,OFF-ROA01,Pending,2026-10-16,,,yes
DEMO01358,2026-09-25,Central Zone,Chhattisgarh,Raipur,Arang,text,hinglish,Water supply nahi aa rahi since 10 days.,water,spike_water,water,no_supply,OFF-WAT01,Resolved,2026-10-02,2026-10-03,8,yes
DEMO01359,2026-09-25,Central Zone,Chhattisgarh,Raipur,Arang,text,hi,कई दिनों से नल में पानी नहीं आ रहा है।,water,spike_water,water,no_supply,OFF-WAT01,Pending,2026-10-02,,,yes
DEMO01360,2026-09-25,Central Zone,Chhattisgarh,Raipur,Banarsi,voice,cg,कतको दिन ले नल म पानी नइ आवत हे।,water,spike_water,water,no_supply,OFF-WAT01,Pending,2026-10-02,,,yes
DEMO01361,2026-09-25,Central Zone,Chhattisgarh,Raipur,Bhanpuri,text,cg,Hamaar gaon ke handpump kai din se kharab hai.,water,spike_water,water,handpump,OFF-WAT01,Resolved,2026-10-02,2026-09-27,2,yes
DEMO01362,2026-09-25,Central Zone,Chhattisgarh,Raipur,Bhanpuri,voice,cg,हमर पारा के हैंडपंप बंद हवय।,water,spike_water,water,handpump,OFF-WAT01,Resolved,2026-10-02,2026-10-03,8,yes
DEMO01363,2026-09-25,Central Zone,Chhattisgarh,Raipur,Bhatgaon,text,hi,कई दिनों से नल में पानी नहीं आ रहा है।,water,spike_water,water,no_supply,OFF-WAT01,Resolved,2026-10-02,2026-09-27,2,yes
DEMO01364,2026-09-25,Central Zone,Chhattisgarh,Raipur,Gobranawapara,text,hi,हमारे गाँव का हैंडपंप खराब है और पीने का पानी नहीं है।,water,spike_water,water,handpump,OFF-WAT01,Pending,2026-10-02,,,yes
DEMO01365,2026-09-25,Central Zone,Chhattisgarh,Raipur,Mowa,text,hi,हमारे गाँव का हैंडपंप खराब है और पीने का पानी नहीं है।,water,spike_water,water,handpump,OFF-WAT01,Pending,2026-10-02,,,yes
DEMO01366,2026-09-25,Central Zone,Chhattisgarh,Raipur,Mowa,text,cg,हमर पारा के हैंडपंप बंद हवय।,water,spike_water,water,handpump,OFF-WAT01,Pending,2026-10-02,,,yes
DEMO01367,2026-09-25,Central Zone,Chhattisgarh,Raipur,Tilda Newra,text,cg,कतको दिन ले नल म पानी नइ आवत हे।,water,spike_water,water,no_supply,OFF-WAT01,Resolved,2026-10-02,2026-09-28,3,yes
DEMO01368,2026-09-25,Central Zone,Chhattisgarh,Raipur,Urla,voice,cg,"हमर गाँव के हैंडपंप खराब हवय, पीए बर पानी नइ हे।",water,spike_water,water,handpump,OFF-WAT01,Pending,2026-10-02,,,yes
DEMO01369,2026-09-25,Central Zone,Chhattisgarh,Rajnandgaon,Rajnandgaon,voice,hi,"कई दिनों से बिजली नहीं है, ट्रांसफार्मर जल गया है।",electricity,background,electricity,power_cut,OFF-ELE01,Pending,2026-09-28,,,yes
DEMO01370,2026-09-25,North Zone,Delhi,North East,Dayal Pur,text,hinglish,My neighbour beat me and threatened me.,sensitive,background,police,police_inaction,OFF-SC01,Pending,2026-09-26,,,yes
DEMO01371,2026-09-25,West Zone,Goa,South Goa,Sancoale,text,mr,माझे वृद्धापकाळ पेन्शन अनेक महिन्यांपासून मिळाले नाही.,pension,background,pension,pension_not_received,OFF-PEN01,Pending,2026-10-10,,,yes
DEMO01372,2026-09-25,West Zone,Gujarat,Bhavnagar,Palitana,text,gu,રેશનની દુકાનમાં મારા રેશનકાર્ડ પર ચોખા આપતા નથી.,ration,background,ration,ration_not_given,OFF-RAT01,Resolved,2026-10-02,2026-10-03,8,yes
DEMO01373,2026-09-25,West Zone,Gujarat,Jamnagar,Surajkaradi,text,gu,My neighbour beat me and threatened me.,sensitive,background,police,police_inaction,OFF-SC01,Pending,2026-09-26,,,yes
DEMO01374,2026-09-25,West Zone,Gujarat,Kheda,Mahudha,text,gu,દવાખાનામાં ડોક્ટર નથી અને દવા મળતી નથી.,health,background,health,no_doctor_medicine,OFF-HEA01,Resolved,2026-09-28,2026-09-26,1,yes
DEMO01375,2026-09-25,North Zone,Haryana,Fatehabad,Tohana,text,hi,स्कूल में शिक्षक नियमित रूप से नहीं आते हैं।,education,background,education,teacher_absent,OFF-EDU01,Pending,2026-10-10,,,yes
DEMO01376,2026-09-25,North Zone,Haryana,Rewari,Dharuhera,text,hi,हमारे गाँव का हैंडपंप खराब है और पीने का पानी नहीं है।,water,background,water,handpump,OFF-WAT01,Resolved,2026-10-02,2026-09-28,3,yes
DEMO01377,2026-09-25,North Zone,Himachal Pradesh,Kangra,Kangra,voice,hi,सड़क पर बड़े गड्ढे हैं और चलना खतरनाक है।,roads,background,roads,potholes,OFF-ROA01,Pending,2026-10-16,,,yes
DEMO01378,2026-09-25,North Zone,Himachal Pradesh,Sirmaur,Rajgarh,text,hinglish,"Nobody is listening to us, please check.",unclear,background,pension,pension_not_received,OFF-PEN01,Resolved,2026-10-10,2026-10-03,8,yes
DEMO01379,2026-09-25,East Zone,Jharkhand,Deoghar,Jasidih,text,hi,राशन दुकान वाला मेरे राशन कार्ड पर चावल नहीं दे रहा है।,ration,background,ration,ration_not_given,OFF-RAT01,Resolved,2026-10-02,2026-09-27,2,yes
DEMO01380,2026-09-25,South Zone,Karnataka,Gulbarga,Gulbarga,text,kn,ಹಲವು ದಿನಗಳಿಂದ ನಲ್ಲಿಯಲ್ಲಿ ನೀರು ಬರುತ್ತಿಲ್ಲ.,water,background,water,no_supply,OFF-WAT01,Pending,2026-10-02,,,yes
DEMO01381,2026-09-25,South Zone,Kerala,Ernakulam,Maradu,voice,ml,സ്കൂൾ അധ്യാപകർ കൃത്യമായി ക്ലാസിൽ വരുന്നില്ല.,education,background,education,teacher_absent,OFF-EDU01,Pending,2026-10-10,,,yes
DEMO01382,2026-09-25,South Zone,Kerala,Ernakulam,Thiruvankulam,text,ml,റോഡ് മുഴുവൻ വലിയ കുഴികൾ ആണ്.,roads,small_roads,roads,potholes,OFF-ROA01,Resolved,2026-10-16,2026-10-03,8,yes
DEMO01383,2026-09-25,Central Zone,Madhya Pradesh,Chhatarpur,Laundi,text,hi,सड़क पर बड़े गड्ढे हैं और चलना खतरनाक है।,roads,background,roads,potholes,OFF-ROA01,Pending,2026-10-16,,,yes
DEMO01384,2026-09-25,Central Zone,Madhya Pradesh,Damoh,Hatta,text,hi,राशन दुकान वाला मेरे राशन कार्ड पर चावल नहीं दे रहा है।,ration,background,ration,ration_not_given,OFF-RAT01,Pending,2026-10-02,,,yes
DEMO01385,2026-09-25,Central Zone,Madhya Pradesh,Jhabua,Jobat,text,hi,कई दिनों से नल में पानी नहीं आ रहा है।,water,background,water,no_supply,OFF-WAT01,Pending,2026-10-02,,,yes
DEMO01386,2026-09-25,Central Zone,Madhya Pradesh,Mandla,Nainpur,text,hi,कई दिनों से नल में पानी नहीं आ रहा है।,water,background,water,no_supply,OFF-WAT01,Pending,2026-10-02,,,yes
DEMO01387,2026-09-25,Central Zone,Madhya Pradesh,Shivpuri,Kolaras,voice,hi,कई दिनों से नल में पानी नहीं आ रहा है।,water,background,water,no_supply,OFF-WAT01,Resolved,2026-10-02,2026-09-29,4,yes
DEMO01388,2026-09-25,West Zone,Maharashtra,Osmanabad,Murum,text,mr,"अनेक दिवसांपासून वीज नाही, ट्रान्सफॉर्मर जळाला आहे.",electricity,background,electricity,power_cut,OFF-ELE01,Resolved,2026-09-28,2026-09-26,1,yes
DEMO01389,2026-09-25,West Zone,Maharashtra,Satara,Kodoli,text,mr,"अनेक दिवसांपासून वीज नाही, ट्रान्सफॉर्मर जळाला आहे.",electricity,background,electricity,power_cut,OFF-ELE01,Resolved,2026-09-28,2026-09-26,1,yes
DEMO01390,2026-09-25,West Zone,Maharashtra,Thane,Waliv,text,en,My old age pension has not been received for months.,pension,background,pension,pension_not_received,OFF-PEN01,Pending,2026-10-10,,,yes
DEMO01391,2026-09-25,West Zone,Maharashtra,Yavatmal,Wani,text,mr,रुग्णालयात डॉक्टर नाहीत आणि औषध मिळत नाही.,health,background,health,no_doctor_medicine,OFF-HEA01,Resolved,2026-09-28,2026-09-26,1,yes
DEMO01392,2026-09-25,Northeast Zone,Manipur,Bishnupur,Kwakta,text,en,The teacher does not come to the school regularly.,education,background,education,teacher_absent,OFF-EDU01,Pending,2026-10-10,,,yes
DEMO01393,2026-09-25,Northeast Zone,Meghalaya,East Khasi Hills,Mawlai,text,en,The handpump in our village is broken and there is no drinking water.,water,background,water,handpump,OFF-WAT01,Pending,2026-10-02,,,yes
DEMO01394,2026-09-25,Northeast Zone,Meghalaya,South Garo Hills,Baghmara,text,en,My neighbour beat me and threatened me.,sensitive,background,police,police_inaction,OFF-SC01,Pending,2026-09-26,,,yes
DEMO01395,2026-09-25,East Zone,Odisha,Nayagarh,Kantilo,text,or,ସ୍କୁଲରେ ଶିକ୍ଷକ ନିୟମିତ ଆସୁନାହାନ୍ତି।,education,background,education,teacher_absent,OFF-EDU01,Pending,2026-10-10,,,yes
DEMO01396,2026-09-25,North Zone,Punjab,Patiala,Dera Bassi,text,pa,ਸਕੂਲ ਵਿੱਚ ਅਧਿਆਪਕ ਨਿਯਮਤ ਨਹੀਂ ਆਉਂਦੇ।,education,background,education,teacher_absent,OFF-EDU01,Pending,2026-10-10,,,yes
DEMO01397,2026-09-25,North Zone,Rajasthan,Bundi,Budhpura,voice,hi,सड़क पर बड़े गड्ढे हैं और चलना खतरनाक है।,roads,background,roads,potholes,OFF-ROA01,Pending,2026-10-16,,,yes
DEMO01398,2026-09-25,North Zone,Rajasthan,Ganganagar,Kesrisinghpur,text,hi,"कई दिनों से बिजली नहीं है, ट्रांसफार्मर जल गया है।",electricity,background,electricity,power_cut,OFF-ELE01,Pending,2026-09-28,,,yes
DEMO01399,2026-09-25,North Zone,Rajasthan,Tonk,Uniara,text,en,My neighbour beat me and threatened me.,sensitive,background,police,police_inaction,OFF-SC01,Pending,2026-09-26,,,yes
DEMO01400,2026-09-25,South Zone,Tamil Nadu,Coimbatore,Semmipalayam,text,ta,"எங்கள் கிராமத்தில் அடிகுழாய் பழுதாகிவிட்டது, குடிநீர் இல்லை.",water,background,water,handpump,OFF-WAT01,Resolved,2026-10-02,2026-09-28,3,yes
DEMO01401,2026-09-25,South Zone,Tamil Nadu,Kanniyakumari,Ganapathipuram,text,ta,"மருத்துவமனையில் மருத்துவர் இல்லை, மருந்தும் கிடைக்கவில்லை.",health,background,health,no_doctor_medicine,OFF-HEA01,Resolved,2026-09-28,2026-09-27,2,yes
DEMO01402,2026-09-25,South Zone,Tamil Nadu,Nagapattinam,Kilvelur,text,ta,"மருத்துவமனையில் மருத்துவர் இல்லை, மருந்தும் கிடைக்கவில்லை.",health,background,health,no_doctor_medicine,OFF-HEA01,Resolved,2026-09-28,2026-09-27,2,yes
DEMO01403,2026-09-25,South Zone,Tamil Nadu,Namakkal,Senthamangalam,voice,ta,பல நாட்களாக குழாயில் தண்ணீர் வரவில்லை.,water,background,water,no_supply,OFF-WAT01,Resolved,2026-10-02,2026-10-03,8,yes
DEMO01404,2026-09-25,South Zone,Tamil Nadu,Salem,Edappadi,text,ta,எனது முதியோர் ஓய்வூதியம் பல மாதங்களாக வரவில்லை.,pension,background,pension,pension_not_received,OFF-PEN01,Pending,2026-10-10,,,yes
DEMO01405,2026-09-25,South Zone,Tamil Nadu,Theni,Bodinayakkanur,voice,ta,"மருத்துவமனையில் மருத்துவர் இல்லை, மருந்தும் கிடைக்கவில்லை.",health,background,health,no_doctor_medicine,OFF-HEA01,Resolved,2026-09-28,2026-09-27,2,yes
DEMO01406,2026-09-25,South Zone,Tamil Nadu,Tirunelveli,Thisayanvilai,text,ta,பள்ளிக்கு ஆசிரியர் தொடர்ந்து வருவதில்லை.,education,background,education,teacher_absent,OFF-EDU01,Pending,2026-10-10,,,yes
DEMO01407,2026-09-25,South Zone,Tamil Nadu,Vellore,Pernampattu,text,ta,"மருத்துவமனையில் மருத்துவர் இல்லை, மருந்தும் கிடைக்கவில்லை.",health,background,health,no_doctor_medicine,OFF-HEA01,Pending,2026-09-28,,,yes
DEMO01408,2026-09-25,South Zone,Tamil Nadu,Vellore,Sholingur,text,ta,பள்ளிக்கு ஆசிரியர் தொடர்ந்து வருவதில்லை.,education,background,education,teacher_absent,OFF-EDU01,Pending,2026-10-10,,,yes
DEMO01409,2026-09-25,South Zone,Telangana,Adilabad,Kaghaznagar,text,te,"చాలా రోజులుగా కరెంటు లేదు, ట్రాన్స్ఫార్మర్ కాలిపోయింది.",electricity,background,electricity,power_cut,OFF-ELE01,Resolved,2026-09-28,2026-09-27,2,yes
DEMO01410,2026-09-25,South Zone,Telangana,Karimnagar,Jallaram Kamanpur,text,en,The ration dealer asked for a bribe to give my quota.,sensitive,background,police,police_inaction,OFF-SC01,Resolved,2026-09-26,2026-09-26,1,yes
DEMO01411,2026-09-25,South Zone,Telangana,Rangareddi,Tandur,text,te,చాలా రోజులుగా కుళాయిలో నీళ్లు రావడం లేదు.,water,background,water,no_supply,OFF-WAT01,Resolved,2026-10-02,2026-10-03,8,yes
DEMO01412,2026-09-25,Central Zone,Uttar Pradesh,Aligarh,Khair,voice,hinglish,Sadak pe bahut gaddhe hai.,roads,background,roads,potholes,OFF-ROA01,Resolved,2026-10-16,2026-10-03,8,yes
DEMO01413,2026-09-25,Central Zone,Uttar Pradesh,Aligarh,Qasimpur Power House Colony,text,hinglish,Meri vridha pension kai mahine se band hai.,pension,background,pension,pension_not_received,OFF-PEN01,Pending,2026-10-10,,,yes
DEMO01414,2026-09-25,Central Zone,Uttar Pradesh,Baghpat,Baghpat,text,hi,स्कूल में शिक्षक नियमित रूप से नहीं आते हैं।,education,background,education,teacher_absent,OFF-EDU01,Pending,2026-10-10,,,yes
DEMO01415,2026-09-25,Central Zone,Uttar Pradesh,Bareilly,Bareilly,voice,en,Water is not coming in the tap for many days.,water,background,water,no_supply,OFF-WAT01,Resolved,2026-10-02,2026-09-27,2,yes
DEMO01416,2026-09-25,Central Zone,Uttar Pradesh,Basti,Harraiya,voice,hi,हमारे गाँव का हैंडपंप खराब है और पीने का पानी नहीं है।,water,background,water,handpump,OFF-WAT01,Pending,2026-10-02,,,yes
DEMO01417,2026-09-25,Central Zone,Uttar Pradesh,Bijnor,Bijnor,text,en,My old age pension has not been received for months.,pension,background,pension,pension_not_received,OFF-PEN01,Pending,2026-10-10,,,yes
DEMO01418,2026-09-25,Central Zone,Uttar Pradesh,Chandauli,Chandauli,text,hi,मेरी वृद्धावस्था पेंशन कई महीनों से नहीं मिली है।,pension,background,pension,pension_not_received,OFF-PEN01,Pending,2026-10-10,,,yes
DEMO01419,2026-09-25,Central Zone,Uttar Pradesh,Etawah,Ekdil,text,hi,कई दिनों से नल में पानी नहीं आ रहा है।,water,background,water,no_supply,OFF-WAT01,Resolved,2026-10-02,2026-10-01,6,yes
DEMO01420,2026-09-25,Central Zone,Uttar Pradesh,Firozabad,Tundla Kham,text,hi,"कई दिनों से बिजली नहीं है, ट्रांसफार्मर जल गया है।",electricity,background,electricity,power_cut,OFF-ELE01,Pending,2026-09-28,,,yes
DEMO01421,2026-09-25,Central Zone,Uttar Pradesh,Ghaziabad,Dasna,text,hi,"कई दिनों से बिजली नहीं है, ट्रांसफार्मर जल गया है।",electricity,background,electricity,power_cut,OFF-ELE01,Pending,2026-09-28,,,yes
DEMO01422,2026-09-25,Central Zone,Uttar Pradesh,Hathras,Hasayan,text,hinglish,"Kai din se paani nahi aa raha, nal sukha hai.",water,background,water,no_supply,OFF-WAT01,Pending,2026-10-02,,,yes
DEMO01423,2026-09-25,Central Zone,Uttar Pradesh,Jhansi,Kathera,text,hinglish,School mein teacher nahi aate.,education,background,education,teacher_absent,OFF-EDU01,Pending,2026-10-10,,,yes
DEMO01424,2026-09-25,Central Zone,Uttar Pradesh,Kannauj,Tirwaganj,voice,hi,स्वास्थ्य केंद्र में डॉक्टर नहीं है और दवाई नहीं मिलती।,health,background,health,no_doctor_medicine,OFF-HEA01,Resolved,2026-09-28,2026-09-27,2,yes
DEMO01425,2026-09-25,Central Zone,Uttar Pradesh,Kanpur Dehat,Shivli,text,hi,"मेरा काम नहीं हो रहा, कोई सुनता नहीं है।",unclear,background,electricity,transformer,OFF-ELE01,Pending,2026-09-28,,,yes
DEMO01426,2026-09-25,Central Zone,Uttar Pradesh,Mahoba,Kabrai,text,hi,"कई दिनों से बिजली नहीं है, ट्रांसफार्मर जल गया है।",electricity,background,electricity,power_cut,OFF-ELE01,Pending,2026-09-28,,,yes
DEMO01427,2026-09-25,Central Zone,Uttar Pradesh,Mau,Dohrighat,text,en,My neighbour beat me and threatened me.,sensitive,background,police,police_inaction,OFF-SC01,Pending,2026-09-26,,,yes
DEMO01428,2026-09-25,Central Zone,Uttarakhand,Garhwal,Kotdwara,text,hinglish,Sadak pe bahut gaddhe hai.,roads,background,roads,potholes,OFF-ROA01,Resolved,2026-10-16,2026-10-03,8,yes
DEMO01429,2026-09-25,Central Zone,Uttarakhand,Pithoragarh,Dharchula Dehat,voice,hi,स्वास्थ्य केंद्र में डॉक्टर नहीं है और दवाई नहीं मिलती।,health,background,health,no_doctor_medicine,OFF-HEA01,Pending,2026-09-28,,,yes
DEMO01430,2026-09-25,East Zone,West Bengal,North Twentyfour Parganas,Bangaon,voice,bn,"অনেক দিন ধরে বিদ্যুৎ নেই, ট্রান্সফরমার পুড়ে গেছে।",electricity,stable_electricity,electricity,power_cut,OFF-ELE01,Resolved,2026-09-28,2026-10-03,8,yes
DEMO01431,2026-09-25,East Zone,West Bengal,North Twentyfour Parganas,Nebadhai Duttapukur,text,bn,"অনেক দিন ধরে বিদ্যুৎ নেই, ট্রান্সফরমার পুড়ে গেছে।",electricity,stable_electricity,electricity,power_cut,OFF-ELE01,Resolved,2026-09-28,2026-09-26,1,yes
DEMO01432,2026-09-25,East Zone,West Bengal,North Twentyfour Parganas,Sadpur,text,bn,"অনেক দিন ধরে বিদ্যুৎ নেই, ট্রান্সফরমার পুড়ে গেছে।",electricity,stable_electricity,electricity,power_cut,OFF-ELE01,Pending,2026-09-28,,,yes
DEMO01433,2026-09-25,East Zone,West Bengal,North Twentyfour Parganas,Sonatikiri,text,bn,"অনেক দিন ধরে বিদ্যুৎ নেই, ট্রান্সফরমার পুড়ে গেছে।",electricity,stable_electricity,electricity,power_cut,OFF-ELE01,Pending,2026-09-28,,,yes
DEMO01434,2026-09-25,East Zone,West Bengal,Uttar Dinajpur,Islampur,text,bn,"অনেক দিন ধরে বিদ্যুৎ নেই, ট্রান্সফরমার পুড়ে গেছে।",electricity,background,electricity,power_cut,OFF-ELE01,Pending,2026-09-28,,,yes
DEMO01435,2026-09-26,South Zone,Andhra Pradesh,East Godavari,Peddapuram,text,te,రోడ్డుపై పెద్ద గుంతలు ఉన్నాయి.,roads,background,roads,potholes,OFF-ROA01,Pending,2026-10-17,,,yes
DEMO01436,2026-09-26,Central Zone,Chhattisgarh,Bilaspur,Deori,text,hi,स्वास्थ्य केंद्र में डॉक्टर नहीं है और दवाई नहीं मिलती।,health,cluster_health,health,no_doctor_medicine,OFF-HEA01,Pending,2026-09-29,,,yes
DEMO01437,2026-09-26,Central Zone,Chhattisgarh,Dhamtari,Kurud,text,hi,राशन दुकान वाला मेरे राशन कार्ड पर चावल नहीं दे रहा है।,ration,background,ration,ration_not_given,OFF-RAT01,Resolved,2026-10-03,2026-10-01,5,yes
DEMO01438,2026-09-26,Central Zone,Chhattisgarh,Janjgir-Champa,Naila Janjgir,voice,cg,"कतको दिन ले बिजली नइ हे, ट्रांसफार्मर जर गे हे।",electricity,background,electricity,power_cut,OFF-ELE01,Resolved,2026-09-29,2026-09-28,2,yes
DEMO01439,2026-09-26,Central Zone,Chhattisgarh,Raipur,Arang,text,hi,हमारे गाँव का हैंडपंप खराब है और पीने का पानी नहीं है।,water,spike_water,water,handpump,OFF-WAT01,Resolved,2026-10-03,2026-09-28,2,yes
DEMO01440,2026-09-26,Central Zone,Chhattisgarh,Raipur,Arang,text,hinglish,"Kai din se paani nahi aa raha, nal sukha hai.",water,spike_water,water,no_supply,OFF-WAT01,Resolved,2026-10-03,2026-09-28,2,yes
DEMO01441,2026-09-26,Central Zone,Chhattisgarh,Raipur,Bhatapara,voice,cg,"हमर गाँव के हैंडपंप खराब हवय, पीए बर पानी नइ हे।",water,spike_water,water,handpump,OFF-WAT01,Pending,2026-10-03,,,yes
DEMO01442,2026-09-26,West Zone,Goa,North Goa,Parcem,voice,mr,"रस्त्यावर मोठे खड्डे आहेत, प्रवास धोकादायक आहे.",roads,background,roads,potholes,OFF-ROA01,Pending,2026-10-17,,,yes
DEMO01443,2026-09-26,West Zone,Gujarat,Ahmadabad,Chandlodiya,voice,gu,"રસ્તા પર મોટા ખાડા છે, ચાલવું જોખમી છે.",roads,background,roads,potholes,OFF-ROA01,Pending,2026-10-17,,,yes
DEMO01444,2026-09-26,West Zone,Gujarat,Rajkot,Rajkot,text,gu,શાળામાં શિક્ષક નિયમિત આવતા નથી.,education,background,education,teacher_absent,OFF-EDU01,Pending,2026-10-11,,,yes
DEMO01445,2026-09-26,North Zone,Haryana,Hisar,Uklanamandi,text,hinglish,Sadak pe bahut gaddhe hai.,roads,background,roads,potholes,OFF-ROA01,Pending,2026-10-17,,,yes
DEMO01446,2026-09-26,North Zone,Himachal Pradesh,Una,Una,text,hi,"कई दिनों से बिजली नहीं है, ट्रांसफार्मर जल गया है।",electricity,background,electricity,power_cut,OFF-ELE01,Resolved,2026-09-29,2026-09-28,2,yes
DEMO01447,2026-09-26,East Zone,Jharkhand,Deoghar,Jasidih,voice,hi,कई दिनों से नल में पानी नहीं आ रहा है।,water,background,water,no_supply,OFF-WAT01,Resolved,2026-10-03,2026-10-02,6,yes
DEMO01448,2026-09-26,East Zone,Jharkhand,Dhanbad,Bhuli,voice,hi,सड़क पर बड़े गड्ढे हैं और चलना खतरनाक है।,roads,background,roads,potholes,OFF-ROA01,Resolved,2026-10-17,2026-10-03,7,yes
DEMO01449,2026-09-26,East Zone,Jharkhand,Hazaribag,Barhi,text,hinglish,The ration dealer asked for a bribe to give my quota.,sensitive,background,police,police_inaction,OFF-SC01,Resolved,2026-09-27,2026-09-27,1,yes
DEMO01450,2026-09-26,South Zone,Karnataka,Bidar,Basavakalyan,text,kn,My neighbour beat me and threatened me.,sensitive,background,police,police_inaction,OFF-SC01,Pending,2026-09-27,,,yes
DEMO01451,2026-09-26,South Zone,Karnataka,Dakshina Kannada,Bajala,text,kn,My neighbour beat me and threatened me.,sensitive,background,police,police_inaction,OFF-SC01,Pending,2026-09-27,,,yes
DEMO01452,2026-09-26,South Zone,Kerala,Ernakulam,Vazhakkala,text,ml,റോഡ് മുഴുവൻ വലിയ കുഴികൾ ആണ്.,roads,small_roads,roads,potholes,OFF-ROA01,Resolved,2026-10-17,2026-10-03,7,yes
DEMO01453,2026-09-26,South Zone,Kerala,Kollam,Punalur,text,en,The teacher does not come to the school regularly.,education,background,education,teacher_absent,OFF-EDU01,Pending,2026-10-11,,,yes
DEMO01454,2026-09-26,South Zone,Kerala,Kottayam,Erattupetta,text,hinglish,"Kai din se paani nahi aa raha, nal sukha hai.",water,background,water,no_supply,OFF-WAT01,Pending,2026-10-03,,,yes
DEMO01455,2026-09-26,South Zone,Kerala,Palakkad,Puthunagaram,text,en,My neighbour beat me and threatened me.,sensitive,background,police,police_inaction,OFF-SC01,Resolved,2026-09-27,2026-09-27,1,yes
DEMO01456,2026-09-26,Central Zone,Madhya Pradesh,Balaghat,Hirapur,text,hinglish,"Aspatal mein doctor nahi hai, dawai bhi nahi mil rahi.",health,background,health,no_doctor_medicine,OFF-HEA01,Pending,2026-09-29,,,yes
DEMO01457,2026-09-26,Central Zone,Madhya Pradesh,Chhindwara,Damua,text,hi,राशन दुकान वाला मेरे राशन कार्ड पर चावल नहीं दे रहा है।,ration,background,ration,ration_not_given,OFF-RAT01,Pending,2026-10-03,,,yes
DEMO01458,2026-09-26,Central Zone,Madhya Pradesh,Datia,Bhander,text,hi,स्वास्थ्य केंद्र में डॉक्टर नहीं है और दवाई नहीं मिलती।,health,background,health,no_doctor_medicine,OFF-HEA01,Pending,2026-09-29,,,yes
DEMO01459,2026-09-26,Central Zone,Madhya Pradesh,Morena,Morena,text,hi,स्कूल में शिक्षक नियमित रूप से नहीं आते हैं।,education,background,education,teacher_absent,OFF-EDU01,Resolved,2026-10-11,2026-10-03,7,yes
DEMO01460,2026-09-26,Central Zone,Madhya Pradesh,Shivpuri,Pichhore,text,hi,स्वास्थ्य केंद्र में डॉक्टर नहीं है और दवाई नहीं मिलती।,health,background,health,no_doctor_medicine,OFF-HEA01,Resolved,2026-09-29,2026-09-27,1,yes
DEMO01461,2026-09-26,West Zone,Maharashtra,Parbhani,Purna,text,mr,माझे वृद्धापकाळ पेन्शन अनेक महिन्यांपासून मिळाले नाही.,pension,background,pension,pension_not_received,OFF-PEN01,Resolved,2026-10-11,2026-10-03,7,yes
DEMO01462,2026-09-26,West Zone,Maharashtra,Raigarh,Kegaon,text,mr,"रस्त्यावर मोठे खड्डे आहेत, प्रवास धोकादायक आहे.",roads,background,roads,potholes,OFF-ROA01,Pending,2026-10-17,,,yes
DEMO01463,2026-09-26,Northeast Zone,Mizoram,Lunglei,Hnahthial,text,hi,स्कूल में शिक्षक नियमित रूप से नहीं आते हैं।,education,background,education,teacher_absent,OFF-EDU01,Resolved,2026-10-11,2026-10-01,5,yes
DEMO01464,2026-09-26,Northeast Zone,Mizoram,Mamit,Lengpui,text,hi,स्वास्थ्य केंद्र में डॉक्टर नहीं है और दवाई नहीं मिलती।,health,background,health,no_doctor_medicine,OFF-HEA01,Resolved,2026-09-29,2026-09-27,1,yes
DEMO01465,2026-09-26,East Zone,Odisha,Bhadrak,Basudebpur,text,or,"ରାସ୍ତାରେ ବଡ଼ ବଡ଼ ଗାତ, ଚାଲିବା ବିପଦଜନକ।",roads,background,roads,potholes,OFF-ROA01,Pending,2026-10-17,,,yes
DEMO01466,2026-09-26,East Zone,Odisha,Ganjam,Chikiti,text,en,"There is no electricity for many days, the transformer is burnt.",electricity,background,electricity,power_cut,OFF-ELE01,Pending,2026-09-29,,,yes
DEMO01467,2026-09-26,East Zone,Odisha,Kalahandi,Junagarh,text,or,"ଅନେକ ଦିନ ହେଲା ବିଦ୍ୟୁତ ନାହିଁ, ଟ୍ରାନ୍ସଫର୍ମର ପୋଡ଼ିଯାଇଛି।",electricity,background,electricity,power_cut,OFF-ELE01,Pending,2026-09-29,,,yes
DEMO01468,2026-09-26,East Zone,Odisha,Kalahandi,Mukhiguda,voice,en,Water is not coming in the tap for many days.,water,background,water,no_supply,OFF-WAT01,Pending,2026-10-03,,,yes
DEMO01469,2026-09-26,East Zone,Odisha,Mayurbhanj,Udala,text,or,"ଅନେକ ଦିନ ହେଲା ବିଦ୍ୟୁତ ନାହିଁ, ଟ୍ରାନ୍ସଫର୍ମର ପୋଡ଼ିଯାଇଛି।",electricity,background,electricity,power_cut,OFF-ELE01,Pending,2026-09-29,,,yes
DEMO01470,2026-09-26,East Zone,Odisha,Nabarangapur,Khatiguda,text,en,The ration shop dealer is not giving rice on my ration card.,ration,background,ration,ration_not_given,OFF-RAT01,Pending,2026-10-03,,,yes
DEMO01471,2026-09-26,North Zone,Punjab,Rupnagar,Mullanpur- Garibdas,text,en,"There is no electricity for many days, the transformer is burnt.",electricity,background,electricity,power_cut,OFF-ELE01,Pending,2026-09-29,,,yes
DEMO01472,2026-09-26,North Zone,Rajasthan,Bhilwara,Gulabpura,text,hi,स्वास्थ्य केंद्र में डॉक्टर नहीं है और दवाई नहीं मिलती।,health,background,health,no_doctor_medicine,OFF-HEA01,Resolved,2026-09-29,2026-09-27,1,yes
DEMO01473,2026-09-26,North Zone,Rajasthan,Jhunjhunun,Pilani,text,hi,राशन दुकान वाला मेरे राशन कार्ड पर चावल नहीं दे रहा है।,ration,background,ration,ration_not_given,OFF-RAT01,Pending,2026-10-03,,,yes
DEMO01474,2026-09-26,South Zone,Tamil Nadu,Cuddalore,Chidambaram,voice,ta,எனது முதியோர் ஓய்வூதியம் பல மாதங்களாக வரவில்லை.,pension,background,pension,pension_not_received,OFF-PEN01,Resolved,2026-10-11,2026-10-03,7,yes
DEMO01475,2026-09-26,South Zone,Tamil Nadu,Tiruchirappalli,Manapparai,voice,ta,"பல நாட்களாக மின்சாரம் இல்லை, மின்மாற்றி எரிந்துவிட்டது.",electricity,background,electricity,power_cut,OFF-ELE01,Pending,2026-09-29,,,yes
DEMO01476,2026-09-26,Central Zone,Uttar Pradesh,Etah,Sahawar,voice,hi,मेरी वृद्धावस्था पेंशन कई महीनों से नहीं मिली है।,pension,background,pension,pension_not_received,OFF-PEN01,Resolved,2026-10-11,2026-10-03,7,yes
DEMO01477,2026-09-26,Central Zone,Uttar Pradesh,Hathras,Sadabad,text,hi,"कई दिनों से बिजली नहीं है, ट्रांसफार्मर जल गया है।",electricity,background,electricity,power_cut,OFF-ELE01,Pending,2026-09-29,,,yes
DEMO01478,2026-09-26,Central Zone,Uttar Pradesh,Jaunpur,Kheta Sarai,text,hi,सड़क पर बड़े गड्ढे हैं और चलना खतरनाक है।,roads,background,roads,potholes,OFF-ROA01,Pending,2026-10-17,,,yes
DEMO01479,2026-09-26,Central Zone,Uttar Pradesh,Kanpur Nagar,Chakeri,text,hi,मेरी वृद्धावस्था पेंशन कई महीनों से नहीं मिली है।,pension,background,pension,pension_not_received,OFF-PEN01,Resolved,2026-10-11,2026-10-03,7,yes
DEMO01480,2026-09-26,Central Zone,Uttar Pradesh,Rampur,Tanda,text,hi,पड़ोसी ने मेरे साथ मारपीट की और धमकी दी।,sensitive,background,police,police_inaction,OFF-SC01,Pending,2026-09-27,,,yes
DEMO01481,2026-09-26,Central Zone,Uttarakhand,Bageshwar,Bageshwar,text,hi,स्कूल में शिक्षक नियमित रूप से नहीं आते हैं।,education,background,education,teacher_absent,OFF-EDU01,Pending,2026-10-11,,,yes
DEMO01482,2026-09-26,Central Zone,Uttarakhand,Tehri Garhwal,Tehri,voice,hi,कई दिनों से नल में पानी नहीं आ रहा है।,water,background,water,no_supply,OFF-WAT01,Resolved,2026-10-03,2026-09-30,4,yes
DEMO01483,2026-09-26,East Zone,West Bengal,Birbhum,Rampurhat,text,hinglish,Meri vridha pension kai mahine se band hai.,pension,background,pension,pension_not_received,OFF-PEN01,Pending,2026-10-11,,,yes
DEMO01484,2026-09-26,East Zone,West Bengal,Haora,Tentulkuli,text,bn,রেশন ডিলার আমার রেশন কার্ডে চাল দিচ্ছে না।,ration,background,ration,ration_not_given,OFF-RAT01,Pending,2026-10-03,,,yes
DEMO01485,2026-09-26,East Zone,West Bengal,North Twentyfour Parganas,Dhanyakuria,text,bn,"অনেক দিন ধরে বিদ্যুৎ নেই, ট্রান্সফরমার পুড়ে গেছে।",electricity,stable_electricity,electricity,power_cut,OFF-ELE01,Resolved,2026-09-29,2026-10-03,7,yes
DEMO01486,2026-09-26,East Zone,West Bengal,North Twentyfour Parganas,Madhyamgram,text,en,"There is no electricity for many days, the transformer is burnt.",electricity,stable_electricity,electricity,power_cut,OFF-ELE01,Pending,2026-09-29,,,yes
DEMO01487,2026-09-26,East Zone,West Bengal,Puruliya,Barabazar,text,bn,রেশন ডিলার আমার রেশন কার্ডে চাল দিচ্ছে না।,ration,background,ration,ration_not_given,OFF-RAT01,Pending,2026-10-03,,,yes
DEMO01488,2026-09-27,South Zone,Andhra Pradesh,Chittoor,Akkarampalle,text,te,My neighbour beat me and threatened me.,sensitive,background,police,police_inaction,OFF-SC01,Resolved,2026-09-28,2026-09-28,1,yes
DEMO01489,2026-09-27,South Zone,Andhra Pradesh,Chittoor,Tiruchanur,voice,hi,स्कूल में शिक्षक नियमित रूप से नहीं आते हैं।,education,background,education,teacher_absent,OFF-EDU01,Pending,2026-10-12,,,yes
DEMO01490,2026-09-27,South Zone,Andhra Pradesh,Krishna,Machilipatnam,text,te,నా వృద్ధాప్య పింఛన్ చాలా నెలలుగా రాలేదు.,pension,background,pension,pension_not_received,OFF-PEN01,Pending,2026-10-12,,,yes
DEMO01491,2026-09-27,South Zone,Andhra Pradesh,Nellore,Gudur,text,en,The road has big potholes and is unsafe.,roads,background,roads,potholes,OFF-ROA01,Pending,2026-10-18,,,yes
DEMO01492,2026-09-27,Northeast Zone,Arunachal Pradesh,East Siang,Pasighat,text,hi,स्वास्थ्य केंद्र में डॉक्टर नहीं है और दवाई नहीं मिलती।,health,background,health,no_doctor_medicine,OFF-HEA01,Resolved,2026-09-30,2026-09-28,1,yes
DEMO01493,2026-09-27,Northeast Zone,Arunachal Pradesh,Lohit,Namsai,text,en,There is no doctor at the health centre and no medicine.,health,background,health,no_doctor_medicine,OFF-HEA01,Pending,2026-09-30,,,yes
DEMO01494,2026-09-27,Northeast Zone,Assam,Sonitpur,Rangapara,text,en,The teacher does not come to the school regularly.,education,background,education,teacher_absent,OFF-EDU01,Pending,2026-10-12,,,yes
DEMO01495,2026-09-27,East Zone,Bihar,Kaimur (Bhabua),Bhabua,text,hi,सड़क पर बड़े गड्ढे हैं और चलना खतरनाक है।,roads,background,roads,potholes,OFF-ROA01,Pending,2026-10-18,,,yes
DEMO01496,2026-09-27,East Zone,Bihar,Kaimur (Bhabua),Bhabua,voice,en,The handpump in our village is broken and there is no drinking water.,water,background,water,handpump,OFF-WAT01,Pending,2026-10-04,,,yes
DEMO01497,2026-09-27,Central Zone,Chhattisgarh,Bilaspur,Lormi,text,hi,स्वास्थ्य केंद्र में डॉक्टर नहीं है और दवाई नहीं मिलती।,health,cluster_health,health,no_doctor_medicine,OFF-HEA01,Pending,2026-09-30,,,yes
DEMO01498,2026-09-27,Central Zone,Chhattisgarh,Bilaspur,Takhatpur,text,hi,"कई दिनों से बिजली नहीं है, ट्रांसफार्मर जल गया है।",electricity,background,electricity,power_cut,OFF-ELE01,Pending,2026-09-30,,,yes
DEMO01499,2026-09-27,Central Zone,Chhattisgarh,Raipur,Baloda Bazar,voice,cg,"हमर गाँव के हैंडपंप खराब हवय, पीए बर पानी नइ हे।",water,spike_water,water,handpump,OFF-WAT01,Pending,2026-10-04,,,yes
DEMO01500,2026-09-27,Central Zone,Chhattisgarh,Raipur,Baloda Bazar,text,cg,"हमर गाँव के हैंडपंप खराब हवय, पीए बर पानी नइ हे।",water,spike_water,water,handpump,OFF-WAT01,Resolved,2026-10-04,2026-09-29,2,yes
DEMO01501,2026-09-27,Central Zone,Chhattisgarh,Raipur,Bhatapara,text,hi,कई दिनों से नल में पानी नहीं आ रहा है।,water,spike_water,water,no_supply,OFF-WAT01,Pending,2026-10-04,,,yes
DEMO01502,2026-09-27,Central Zone,Chhattisgarh,Raipur,Gobranawapara,text,hi,कई दिनों से नल में पानी नहीं आ रहा है।,water,spike_water,water,no_supply,OFF-WAT01,Pending,2026-10-04,,,yes
DEMO01503,2026-09-27,Central Zone,Chhattisgarh,Raipur,Gogaon,text,hi,कई दिनों से नल में पानी नहीं आ रहा है।,water,spike_water,water,no_supply,OFF-WAT01,Pending,2026-10-04,,,yes
DEMO01504,2026-09-27,Central Zone,Chhattisgarh,Raipur,Gogaon,text,cg,"Paani nai aawat he, kai din hoge.",water,spike_water,water,handpump,OFF-WAT01,Pending,2026-10-04,,,yes
DEMO01505,2026-09-27,Central Zone,Chhattisgarh,Raipur,Mowa,text,hinglish,Water supply nahi aa rahi since 10 days.,water,spike_water,water,no_supply,OFF-WAT01,Pending,2026-10-04,,,yes
DEMO01506,2026-09-27,Central Zone,Chhattisgarh,Raipur,Simga,text,cg,कतको दिन ले नल म पानी नइ आवत हे।,water,spike_water,water,no_supply,OFF-WAT01,Resolved,2026-10-04,2026-10-01,4,yes
DEMO01507,2026-09-27,Central Zone,Chhattisgarh,Raipur,Simga,text,cg,कतको दिन ले नल म पानी नइ आवत हे।,water,spike_water,water,no_supply,OFF-WAT01,Pending,2026-10-04,,,yes
DEMO01508,2026-09-27,Central Zone,Chhattisgarh,Raipur,Tilda Newra,text,hinglish,Water supply nahi aa rahi since 10 days.,water,spike_water,water,no_supply,OFF-WAT01,Pending,2026-10-04,,,yes
DEMO01509,2026-09-27,Central Zone,Chhattisgarh,Raipur,Urla,text,cg,हमर पारा के हैंडपंप बंद हवय।,water,spike_water,water,handpump,OFF-WAT01,Resolved,2026-10-04,2026-10-01,4,yes
DEMO01510,2026-09-27,West Zone,Gujarat,Anand,Karamsad,text,hinglish,Meri vridha pension kai mahine se band hai.,pension,background,pension,pension_not_received,OFF-PEN01,Pending,2026-10-12,,,yes
DEMO01511,2026-09-27,West Zone,Gujarat,Patan,Patan,text,en,"There is no electricity for many days, the transformer is burnt.",electricity,background,electricity,power_cut,OFF-ELE01,Pending,2026-09-30,,,yes
DEMO01512,2026-09-27,West Zone,Gujarat,Sabar Kantha,Idar,text,gu,મારું વૃદ્ધ પેન્શન ઘણા મહિનાથી મળ્યું નથી.,pension,background,pension,pension_not_received,OFF-PEN01,Pending,2026-10-12,,,yes
DEMO01513,2026-09-27,West Zone,Gujarat,Vadodara,Karjan,text,gu,રેશનની દુકાનમાં મારા રેશનકાર્ડ પર ચોખા આપતા નથી.,ration,background,ration,ration_not_given,OFF-RAT01,Resolved,2026-10-04,2026-10-01,4,yes
DEMO01514,2026-09-27,West Zone,Gujarat,Vadodara,Nandesari INA,text,hinglish,Meri vridha pension kai mahine se band hai.,pension,background,pension,pension_not_received,OFF-PEN01,Resolved,2026-10-12,2026-10-03,6,yes
DEMO01515,2026-09-27,North Zone,Haryana,Karnal,Indri,text,hi,राशन दुकान वाला मेरे राशन कार्ड पर चावल नहीं दे रहा है।,ration,background,ration,ration_not_given,OFF-RAT01,Pending,2026-10-04,,,yes
DEMO01516,2026-09-27,North Zone,Himachal Pradesh,Solan,Arki,text,hi,मेरी वृद्धावस्था पेंशन कई महीनों से नहीं मिली है।,pension,background,pension,pension_not_received,OFF-PEN01,Resolved,2026-10-12,2026-10-03,6,yes
DEMO01517,2026-09-27,North Zone,Jammu & Kashmir,Kupwara,Handwara,text,hi,पड़ोसी ने मेरे साथ मारपीट की और धमकी दी।,sensitive,background,police,police_inaction,OFF-SC01,Pending,2026-09-28,,,yes
DEMO01518,2026-09-27,South Zone,Karnataka,Bangalore,Konanakunte,text,kn,ಪಡಿತರ ಅಂಗಡಿಯಲ್ಲಿ ನನ್ನ ಕಾರ್ಡಿಗೆ ಅಕ್ಕಿ ಕೊಡುತ್ತಿಲ್ಲ.,ration,background,ration,ration_not_given,OFF-RAT01,Resolved,2026-10-04,2026-10-03,6,yes
DEMO01519,2026-09-27,South Zone,Karnataka,Bellary,Hoovina Hadagalli,text,kn,ಶಾಲೆಗೆ ಶಿಕ್ಷಕರು ನಿಯಮಿತವಾಗಿ ಬರುತ್ತಿಲ್ಲ.,education,background,education,teacher_absent,OFF-EDU01,Pending,2026-10-12,,,yes
DEMO01520,2026-09-27,South Zone,Karnataka,Chitradurga,Holalkere,voice,kn,ಶಾಲೆಗೆ ಶಿಕ್ಷಕರು ನಿಯಮಿತವಾಗಿ ಬರುತ್ತಿಲ್ಲ.,education,background,education,teacher_absent,OFF-EDU01,Resolved,2026-10-12,2026-10-03,6,yes
DEMO01521,2026-09-27,South Zone,Karnataka,Mandya,Krishnarajpet,text,kn,"ನಮ್ಮ ಊರಿನ ಕೈಪಂಪು ಕೆಟ್ಟಿದೆ, ಕುಡಿಯುವ ನೀರು ಇಲ್ಲ.",water,background,water,handpump,OFF-WAT01,Resolved,2026-10-04,2026-09-30,3,yes
DEMO01522,2026-09-27,South Zone,Kerala,Ernakulam,Chengamanad,text,ml,The ration dealer asked for a bribe to give my quota.,sensitive,background,police,police_inaction,OFF-SC01,Resolved,2026-09-28,2026-09-28,1,yes
DEMO01523,2026-09-27,South Zone,Kerala,Malappuram,Perinthalmanna,text,hi,स्कूल में शिक्षक नियमित रूप से नहीं आते हैं।,education,background,education,teacher_absent,OFF-EDU01,Resolved,2026-10-12,2026-10-02,5,yes
DEMO01524,2026-09-27,Central Zone,Madhya Pradesh,Bhind,Phuphkalan,text,hi,स्कूल में शिक्षक नियमित रूप से नहीं आते हैं।,education,background,education,teacher_absent,OFF-EDU01,Pending,2026-10-12,,,yes
DEMO01525,2026-09-27,Central Zone,Madhya Pradesh,Chhatarpur,Bijawar,text,hi,कई दिनों से नल में पानी नहीं आ रहा है।,water,background,water,no_supply,OFF-WAT01,Pending,2026-10-04,,,yes
DEMO01526,2026-09-27,Central Zone,Madhya Pradesh,Chhatarpur,Nowgaon,voice,hi,"कई दिनों से बिजली नहीं है, ट्रांसफार्मर जल गया है।",electricity,background,electricity,power_cut,OFF-ELE01,Resolved,2026-09-30,2026-10-03,6,yes
DEMO01527,2026-09-27,Central Zone,Madhya Pradesh,Guna,Ashok Nagar,text,hi,हमारे गाँव का हैंडपंप खराब है और पीने का पानी नहीं है।,water,background,water,handpump,OFF-WAT01,Resolved,2026-10-04,2026-09-30,3,yes
DEMO01528,2026-09-27,Central Zone,Madhya Pradesh,Jabalpur,Jabalpur Cantt.,voice,hi,स्वास्थ्य केंद्र में डॉक्टर नहीं है और दवाई नहीं मिलती।,health,background,health,no_doctor_medicine,OFF-HEA01,Pending,2026-09-30,,,yes
DEMO01529,2026-09-27,Central Zone,Madhya Pradesh,Morena,Jhundpura,text,hi,पड़ोसी ने मेरे साथ मारपीट की और धमकी दी।,sensitive,background,police,police_inaction,OFF-SC01,Resolved,2026-09-28,2026-09-28,1,yes
DEMO01530,2026-09-27,Central Zone,Madhya Pradesh,Shahdol,Beohari,text,hi,स्वास्थ्य केंद्र में डॉक्टर नहीं है और दवाई नहीं मिलती।,health,background,health,no_doctor_medicine,OFF-HEA01,Pending,2026-09-30,,,yes
DEMO01531,2026-09-27,Central Zone,Madhya Pradesh,Tikamgarh,Palera,text,hi,राशन दुकान वाला मेरे राशन कार्ड पर चावल नहीं दे रहा है।,ration,background,ration,ration_not_given,OFF-RAT01,Pending,2026-10-04,,,yes
DEMO01532,2026-09-27,West Zone,Maharashtra,Nagpur,Yerkheda,voice,mr,"Nobody is listening to us, please check.",unclear,background,roads,bridge,OFF-ROA01,Pending,2026-10-18,,,yes
DEMO01533,2026-09-27,West Zone,Maharashtra,Nashik,Satana,text,hi,हमारे गाँव का हैंडपंप खराब है और पीने का पानी नहीं है।,water,background,water,handpump,OFF-WAT01,Pending,2026-10-04,,,yes
DEMO01534,2026-09-27,West Zone,Maharashtra,Parbhani,Manwath,text,hi,सड़क पर बड़े गड्ढे हैं और चलना खतरनाक है।,roads,background,roads,potholes,OFF-ROA01,Resolved,2026-10-18,2026-10-03,6,yes
DEMO01535,2026-09-27,Northeast Zone,Mizoram,Serchhip,Thenzawl,text,en,The teacher does not come to the school regularly.,education,background,education,teacher_absent,OFF-EDU01,Resolved,2026-10-12,2026-10-02,5,yes
DEMO01536,2026-09-27,North Zone,Punjab,Firozpur,Abohar,voice,hi,"कई दिनों से बिजली नहीं है, ट्रांसफार्मर जल गया है।",electricity,background,electricity,power_cut,OFF-ELE01,Resolved,2026-09-30,2026-09-29,2,yes
DEMO01537,2026-09-27,North Zone,Rajasthan,Jhalawar,Pirawa,text,hi,"कई दिनों से बिजली नहीं है, ट्रांसफार्मर जल गया है।",electricity,background,electricity,power_cut,OFF-ELE01,Resolved,2026-09-30,2026-09-29,2,yes
DEMO01538,2026-09-27,North Zone,Rajasthan,Nagaur,Goredi Chancha,text,hi,मेरी वृद्धावस्था पेंशन कई महीनों से नहीं मिली है।,pension,background,pension,pension_not_received,OFF-PEN01,Pending,2026-10-12,,,yes
DEMO01539,2026-09-27,North Zone,Rajasthan,Saharanpur,Behat,voice,hi,पड़ोसी ने मेरे साथ मारपीट की और धमकी दी।,sensitive,background,police,police_inaction,OFF-SC01,Pending,2026-09-28,,,yes
DEMO01540,2026-09-27,North Zone,Rajasthan,Tonk,Deoli,text,hi,सड़क पर बड़े गड्ढे हैं और चलना खतरनाक है।,roads,background,roads,potholes,OFF-ROA01,Pending,2026-10-18,,,yes
DEMO01541,2026-09-27,South Zone,Tamil Nadu,Coimbatore,Thudiyalur,text,hinglish,"Aspatal mein doctor nahi hai, dawai bhi nahi mil rahi.",health,background,health,no_doctor_medicine,OFF-HEA01,Pending,2026-09-30,,,yes
DEMO01542,2026-09-27,South Zone,Tamil Nadu,Erode,Appakudal,text,en,There is no doctor at the health centre and no medicine.,health,background,health,no_doctor_medicine,OFF-HEA01,Resolved,2026-09-30,2026-09-28,1,yes
DEMO01543,2026-09-27,South Zone,Tamil Nadu,Kancheepuram,Polichalur,voice,ta,"சாலையில் பெரிய குழிகள் உள்ளன, பயணம் ஆபத்தானது.",roads,background,roads,potholes,OFF-ROA01,Pending,2026-10-18,,,yes
DEMO01544,2026-09-27,South Zone,Tamil Nadu,Tiruvanamalai,Tiruvannamalai,text,ta,எனது முதியோர் ஓய்வூதியம் பல மாதங்களாக வரவில்லை.,pension,background,pension,pension_not_received,OFF-PEN01,Pending,2026-10-12,,,yes
DEMO01545,2026-09-27,South Zone,Tamil Nadu,Virudhunagar,Mallankinaru,text,ta,"சாலையில் பெரிய குழிகள் உள்ளன, பயணம் ஆபத்தானது.",roads,background,roads,potholes,OFF-ROA01,Pending,2026-10-18,,,yes
DEMO01546,2026-09-27,South Zone,Telangana,Warangal,Warangal,text,te,పాఠశాలకు ఉపాధ్యాయులు సక్రమంగా రావడం లేదు.,education,background,education,teacher_absent,OFF-EDU01,Resolved,2026-10-12,2026-10-03,6,yes
DEMO01547,2026-09-27,Northeast Zone,Tripura,Dhalai,Ambassa,text,hi,स्कूल में शिक्षक नियमित रूप से नहीं आते हैं।,education,background,education,teacher_absent,OFF-EDU01,Resolved,2026-10-12,2026-10-03,6,yes
DEMO01548,2026-09-27,Northeast Zone,Tripura,South Tripura,Belonia,text,bn,"রাস্তায় বড় বড় গর্ত, চলাচল বিপজ্জনক।",roads,background,roads,potholes,OFF-ROA01,Pending,2026-10-18,,,yes
DEMO01549,2026-09-27,Central Zone,Uttar Pradesh,Banda,Baberu,text,hi,स्कूल में शिक्षक नियमित रूप से नहीं आते हैं।,education,background,education,teacher_absent,OFF-EDU01,Pending,2026-10-12,,,yes
DEMO01550,2026-09-27,Central Zone,Uttar Pradesh,Banda,Bisanda Buzurg,text,hi,स्कूल में शिक्षक नियमित रूप से नहीं आते हैं।,education,background,education,teacher_absent,OFF-EDU01,Resolved,2026-10-12,2026-10-03,6,yes
DEMO01551,2026-09-27,Central Zone,Uttar Pradesh,Banda,Tindwari,text,hinglish,"Bijli nahi hai kai din se, transformer kharab hai.",electricity,background,electricity,transformer,OFF-ELE01,Resolved,2026-09-30,2026-09-28,1,yes
DEMO01552,2026-09-27,Central Zone,Uttar Pradesh,Barabanki,Satrikh,text,en,The road has big potholes and is unsafe.,roads,background,roads,potholes,OFF-ROA01,Resolved,2026-10-18,2026-10-03,6,yes
DEMO01553,2026-09-27,Central Zone,Uttar Pradesh,Etah,Ganj Dundawara,text,hi,राशन दुकान वाला मेरे राशन कार्ड पर चावल नहीं दे रहा है।,ration,background,ration,ration_not_given,OFF-RAT01,Pending,2026-10-04,,,yes
DEMO01554,2026-09-27,Central Zone,Uttar Pradesh,Jalaun,Jalaun,text,hi,हमारे गाँव का हैंडपंप खराब है और पीने का पानी नहीं है।,water,background,water,handpump,OFF-WAT01,Resolved,2026-10-04,2026-09-29,2,yes
DEMO01555,2026-09-27,Central Zone,Uttar Pradesh,Jhansi,Khailar,text,hi,स्वास्थ्य केंद्र में डॉक्टर नहीं है और दवाई नहीं मिलती।,health,background,health,no_doctor_medicine,OFF-HEA01,Resolved,2026-09-30,2026-09-28,1,yes
DEMO01556,2026-09-27,Central Zone,Uttar Pradesh,Kheri,Mohammadi,text,hi,स्कूल में शिक्षक नियमित रूप से नहीं आते हैं।,education,background,education,teacher_absent,OFF-EDU01,Pending,2026-10-12,,,yes
DEMO01557,2026-09-27,Central Zone,Uttar Pradesh,Rampur,Maswasi,voice,hi,राशन दुकान वाला मेरे राशन कार्ड पर चावल नहीं दे रहा है।,ration,background,ration,ration_not_given,OFF-RAT01,Resolved,2026-10-04,2026-10-03,6,yes
DEMO01558,2026-09-27,Central Zone,Uttarakhand,Udham Singh Nagar,Mahua Kheraganj,voice,hi,"कई दिनों से बिजली नहीं है, ट्रांसफार्मर जल गया है।",electricity,background,electricity,power_cut,OFF-ELE01,Resolved,2026-09-30,2026-09-29,2,yes
DEMO01559,2026-09-27,East Zone,West Bengal,Koch Bihar,Mathabhanga,text,bn,আমার বার্ধক্য ভাতা কয়েক মাস ধরে পাইনি।,pension,background,pension,pension_not_received,OFF-PEN01,Pending,2026-10-12,,,yes
DEMO01560,2026-09-27,East Zone,West Bengal,Medinipur,Medinipur,voice,bn,My neighbour beat me and threatened me.,sensitive,background,police,police_inaction,OFF-SC01,Pending,2026-09-28,,,yes
DEMO01561,2026-09-27,East Zone,West Bengal,North Twentyfour Parganas,Bidhan Nagar,text,bn,আমার বার্ধক্য ভাতা কয়েক মাস ধরে পাইনি।,pension,background,pension,pension_not_received,OFF-PEN01,Pending,2026-10-12,,,yes
DEMO01562,2026-09-28,South Zone,Andhra Pradesh,Chittoor,Kuppam,text,te,చాలా రోజులుగా కుళాయిలో నీళ్లు రావడం లేదు.,water,background,water,no_supply,OFF-WAT01,Pending,2026-10-05,,,yes
DEMO01563,2026-09-28,Northeast Zone,Assam,Kokrajhar,Gossaigaon,text,as,"বহুদিন ধৰি বিদ্যুৎ নাই, ট্ৰান্সফৰ্মাৰ জ্বলি গৈছে।",electricity,background,electricity,power_cut,OFF-ELE01,Resolved,2026-10-01,2026-09-30,2,yes
DEMO01564,2026-09-28,Northeast Zone,Assam,Lakhimpur,Bihpuria,text,en,My old age pension has not been received for months.,pension,background,pension,pension_not_received,OFF-PEN01,Pending,2026-10-13,,,yes
DEMO01565,2026-09-28,East Zone,Bihar,Jamui,Jhajha,voice,hi,पड़ोसी ने मेरे साथ मारपीट की और धमकी दी।,sensitive,background,police,police_inaction,OFF-SC01,Pending,2026-09-29,,,yes
DEMO01566,2026-09-28,East Zone,Bihar,Nawada,Hisua,voice,hi,स्वास्थ्य केंद्र में डॉक्टर नहीं है और दवाई नहीं मिलती।,health,background,health,no_doctor_medicine,OFF-HEA01,Pending,2026-10-01,,,yes
DEMO01567,2026-09-28,East Zone,Bihar,Purba Champaran,Lauthaha,voice,hi,स्वास्थ्य केंद्र में डॉक्टर नहीं है और दवाई नहीं मिलती।,health,background,health,no_doctor_medicine,OFF-HEA01,Resolved,2026-10-01,2026-10-03,5,yes
DEMO01568,2026-09-28,Central Zone,Chhattisgarh,Bilaspur,Lormi,voice,hi,स्वास्थ्य केंद्र में डॉक्टर नहीं है और दवाई नहीं मिलती।,health,cluster_health,health,no_doctor_medicine,OFF-HEA01,Pending,2026-10-01,,,yes
DEMO01569,2026-09-28,Central Zone,Chhattisgarh,Raipur,Arang,text,hinglish,"Kai din se paani nahi aa raha, nal sukha hai.",water,spike_water,water,no_supply,OFF-WAT01,Resolved,2026-10-05,2026-10-01,3,yes
DEMO01570,2026-09-28,Central Zone,Chhattisgarh,Raipur,Bhanpuri,text,cg,"हमर गाँव के हैंडपंप खराब हवय, पीए बर पानी नइ हे।",water,spike_water,water,handpump,OFF-WAT01,Resolved,2026-10-05,2026-09-30,2,yes
DEMO01571,2026-09-28,Central Zone,Chhattisgarh,Raipur,Bhatapara,text,cg,हमर पारा के हैंडपंप बंद हवय।,water,spike_water,water,handpump,OFF-WAT01,Resolved,2026-10-05,2026-10-01,3,yes
DEMO01572,2026-09-28,Central Zone,Chhattisgarh,Raipur,Birgaon,text,hinglish,"Kai din se paani nahi aa raha, nal sukha hai.",water,spike_water,water,no_supply,OFF-WAT01,Resolved,2026-10-05,2026-10-03,5,yes
DEMO01573,2026-09-28,Central Zone,Chhattisgarh,Raipur,Raipur,text,cg,हमर पारा के हैंडपंप बंद हवय।,water,spike_water,water,handpump,OFF-WAT01,Resolved,2026-10-05,2026-10-03,5,yes
DEMO01574,2026-09-28,Central Zone,Chhattisgarh,Raipur,Simga,voice,cg,Hamaar gaon ke handpump kai din se kharab hai.,water,spike_water,water,handpump,OFF-WAT01,Resolved,2026-10-05,2026-10-03,5,yes
DEMO01575,2026-09-28,Central Zone,Chhattisgarh,Raipur,Simga,text,cg,"हमर गाँव के हैंडपंप खराब हवय, पीए बर पानी नइ हे।",water,spike_water,water,handpump,OFF-WAT01,Pending,2026-10-05,,,yes
DEMO01576,2026-09-28,Central Zone,Chhattisgarh,Raipur,Tilda Newra,text,cg,कतको दिन ले नल म पानी नइ आवत हे।,water,spike_water,water,no_supply,OFF-WAT01,Pending,2026-10-05,,,yes
DEMO01577,2026-09-28,Central Zone,Chhattisgarh,Raipur,Urla,voice,cg,हमर पारा के हैंडपंप बंद हवय।,water,spike_water,water,handpump,OFF-WAT01,Pending,2026-10-05,,,yes
DEMO01578,2026-09-28,Central Zone,Chhattisgarh,Raipur,Urla,text,cg,"Paani nai aawat he, kai din hoge.",water,spike_water,water,handpump,OFF-WAT01,Resolved,2026-10-05,2026-10-01,3,yes
DEMO01579,2026-09-28,Central Zone,Chhattisgarh,Surguja,Ramanujganj,text,cg,राशन दुकान वाला मोर राशन कार्ड म चाउर नइ देवत हे।,ration,background,ration,ration_not_given,OFF-RAT01,Resolved,2026-10-05,2026-10-03,5,yes
DEMO01580,2026-09-28,West Zone,Gujarat,Amreli,Bagasara,text,en,My old age pension has not been received for months.,pension,background,pension,pension_not_received,OFF-PEN01,Pending,2026-10-13,,,yes
DEMO01581,2026-09-28,North Zone,Himachal Pradesh,Chamba,Dalhousie,text,hi,हमारे गाँव का हैंडपंप खराब है और पीने का पानी नहीं है।,water,background,water,handpump,OFF-WAT01,Resolved,2026-10-05,2026-10-03,5,yes
DEMO01582,2026-09-28,North Zone,Himachal Pradesh,Kullu,Bhuntar,text,hinglish,Ration dukan wala chawal nahi de raha.,ration,background,ration,ration_not_given,OFF-RAT01,Pending,2026-10-05,,,yes
DEMO01583,2026-09-28,North Zone,Himachal Pradesh,Solan,Nalagarh,text,hinglish,Sadak pe bahut gaddhe hai.,roads,background,roads,potholes,OFF-ROA01,Pending,2026-10-19,,,yes
DEMO01584,2026-09-28,North Zone,Jammu & Kashmir,Anantnag,Kukernag,text,en,"There is no electricity for many days, the transformer is burnt.",electricity,background,electricity,power_cut,OFF-ELE01,Resolved,2026-10-01,2026-09-29,1,yes
DEMO01585,2026-09-28,East Zone,Jharkhand,Ranchi,Muri,text,en,My neighbour beat me and threatened me.,sensitive,background,police,police_inaction,OFF-SC01,Resolved,2026-09-29,2026-10-01,3,yes
DEMO01586,2026-09-28,South Zone,Karnataka,Bagalkot,Bilgi,text,kn,"ನಮ್ಮ ಊರಿನ ಕೈಪಂಪು ಕೆಟ್ಟಿದೆ, ಕುಡಿಯುವ ನೀರು ಇಲ್ಲ.",water,background,water,handpump,OFF-WAT01,Resolved,2026-10-05,2026-10-03,5,yes
DEMO01587,2026-09-28,South Zone,Karnataka,Dharwad,Hubli-Dharwad,voice,kn,"ಹಲವು ದಿನಗಳಿಂದ ವಿದ್ಯುತ್ ಇಲ್ಲ, ಟ್ರಾನ್ಸ್ಫಾರ್ಮರ್ ಸುಟ್ಟುಹೋಗಿದೆ.",electricity,background,electricity,power_cut,OFF-ELE01,Pending,2026-10-01,,,yes
DEMO01588,2026-09-28,South Zone,Karnataka,Haveri,Bankapura,text,kn,My neighbour beat me and threatened me.,sensitive,background,police,police_inaction,OFF-SC01,Pending,2026-09-29,,,yes
DEMO01589,2026-09-28,Central Zone,Madhya Pradesh,Datia,Seondha,text,hi,"कई दिनों से बिजली नहीं है, ट्रांसफार्मर जल गया है।",electricity,background,electricity,power_cut,OFF-ELE01,Resolved,2026-10-01,2026-09-29,1,yes
DEMO01590,2026-09-28,Central Zone,Madhya Pradesh,Panna,Pawai,text,hi,राशन दुकान वाला मेरे राशन कार्ड पर चावल नहीं दे रहा है।,ration,background,ration,ration_not_given,OFF-RAT01,Pending,2026-10-05,,,yes
DEMO01591,2026-09-28,Central Zone,Madhya Pradesh,Ratlam,Badawada,text,hinglish,"Bijli nahi hai kai din se, transformer kharab hai.",electricity,background,electricity,transformer,OFF-ELE01,Resolved,2026-10-01,2026-09-29,1,yes
DEMO01592,2026-09-28,Central Zone,Madhya Pradesh,Shajapur,Agar,voice,hi,कई दिनों से नल में पानी नहीं आ रहा है।,water,background,water,no_supply,OFF-WAT01,Pending,2026-10-05,,,yes
DEMO01593,2026-09-28,West Zone,Maharashtra,Amravati,Chandurbazar,text,mr,रुग्णालयात डॉक्टर नाहीत आणि औषध मिळत नाही.,health,background,health,no_doctor_medicine,OFF-HEA01,Resolved,2026-10-01,2026-09-29,1,yes
DEMO01594,2026-09-28,West Zone,Maharashtra,Osmanabad,Paranda,text,hi,"कई दिनों से बिजली नहीं है, ट्रांसफार्मर जल गया है।",electricity,background,electricity,power_cut,OFF-ELE01,Pending,2026-10-01,,,yes
DEMO01595,2026-09-28,West Zone,Maharashtra,Ratnagiri,Ratnagiri,text,mr,रेशन दुकानदार माझ्या रेशन कार्डवर तांदूळ देत नाही.,ration,background,ration,ration_not_given,OFF-RAT01,Pending,2026-10-05,,,yes
DEMO01596,2026-09-28,Northeast Zone,Manipur,Bishnupur,Kwakta,text,hi,कई दिनों से नल में पानी नहीं आ रहा है।,water,background,water,no_supply,OFF-WAT01,Pending,2026-10-05,,,yes
DEMO01597,2026-09-28,East Zone,Odisha,Bhadrak,Basudebpur,voice,or,"Nobody is listening to us, please check.",unclear,background,health,ambulance,OFF-HEA01,Resolved,2026-10-01,2026-09-30,2,yes
DEMO01598,2026-09-28,East Zone,Odisha,Dhenkanal,Bhuban,text,or,"ରାସ୍ତାରେ ବଡ଼ ବଡ଼ ଗାତ, ଚାଲିବା ବିପଦଜନକ।",roads,background,roads,potholes,OFF-ROA01,Pending,2026-10-19,,,yes
DEMO01599,2026-09-28,North Zone,Punjab,Gurdaspur,Gurdaspur,text,en,The ration shop dealer is not giving rice on my ration card.,ration,background,ration,ration_not_given,OFF-RAT01,Pending,2026-10-05,,,yes
DEMO01600,2026-09-28,North Zone,Punjab,Ludhiana,Daroha,voice,pa,ਮੇਰੀ ਬੁਢਾਪਾ ਪੈਨਸ਼ਨ ਕਈ ਮਹੀਨਿਆਂ ਤੋਂ ਨਹੀਂ ਆਈ।,pension,background,pension,pension_not_received,OFF-PEN01,Pending,2026-10-13,,,yes
DEMO01601,2026-09-28,North Zone,Punjab,Patiala,Ghanaur,voice,pa,"ਸਾਡੇ ਪਿੰਡ ਦਾ ਨਲਕਾ ਖਰਾਬ ਹੈ, ਪੀਣ ਵਾਲਾ ਪਾਣੀ ਨਹੀਂ ਹੈ।",water,background,water,handpump,OFF-WAT01,Pending,2026-10-05,,,yes
DEMO01602,2026-09-28,North Zone,Rajasthan,Barmer,Balotra,text,hinglish,Sadak pe bahut gaddhe hai.,roads,background,roads,potholes,OFF-ROA01,Pending,2026-10-19,,,yes
DEMO01603,2026-09-28,North Zone,Rajasthan,Chittaurgarh,Chittaurgarh,text,hi,सड़क पर बड़े गड्ढे हैं और चलना खतरनाक है।,roads,background,roads,potholes,OFF-ROA01,Resolved,2026-10-19,2026-10-03,5,yes
DEMO01604,2026-09-28,North Zone,Rajasthan,Dhaulpur,Dhaulpur,text,hinglish,School mein teacher nahi aate.,education,background,education,teacher_absent,OFF-EDU01,Pending,2026-10-13,,,yes
DEMO01605,2026-09-28,South Zone,Tamil Nadu,Dindigul,Balasamudram,text,ta,"சாலையில் பெரிய குழிகள் உள்ளன, பயணம் ஆபத்தானது.",roads,background,roads,potholes,OFF-ROA01,Pending,2026-10-19,,,yes
DEMO01606,2026-09-28,South Zone,Tamil Nadu,Dindigul,Neikkarapatti,text,en,The handpump in our village is broken and there is no drinking water.,water,background,water,handpump,OFF-WAT01,Pending,2026-10-05,,,yes
DEMO01607,2026-09-28,South Zone,Tamil Nadu,Kapur,Punjai Thottakurichi,text,ta,எனது முதியோர் ஓய்வூதியம் பல மாதங்களாக வரவில்லை.,pension,background,pension,pension_not_received,OFF-PEN01,Pending,2026-10-13,,,yes
DEMO01608,2026-09-28,South Zone,Tamil Nadu,Sivaganga,Puduvayal,text,ta,எனது முதியோர் ஓய்வூதியம் பல மாதங்களாக வரவில்லை.,pension,background,pension,pension_not_received,OFF-PEN01,Pending,2026-10-13,,,yes
DEMO01609,2026-09-28,South Zone,Tamil Nadu,Tirunelveli,Pudur (S),text,ta,பல நாட்களாக குழாயில் தண்ணீர் வரவில்லை.,water,background,water,no_supply,OFF-WAT01,Pending,2026-10-05,,,yes
DEMO01610,2026-09-28,South Zone,Tamil Nadu,Virudhunagar,Pudupatti,text,ta,"மருத்துவமனையில் மருத்துவர் இல்லை, மருந்தும் கிடைக்கவில்லை.",health,background,health,no_doctor_medicine,OFF-HEA01,Resolved,2026-10-01,2026-09-29,1,yes
DEMO01611,2026-09-28,South Zone,Telangana,Medak,Sadasivpet,text,te,"ఆసుపత్రిలో డాక్టర్ లేరు, మందులు దొరకడం లేదు.",health,background,health,no_doctor_medicine,OFF-HEA01,Resolved,2026-10-01,2026-09-29,1,yes
DEMO01612,2026-09-28,Central Zone,Uttar Pradesh,Baghpat,Chhaprauli,text,hi,"मेरा काम नहीं हो रहा, कोई सुनता नहीं है।",unclear,background,ration,ration_card,OFF-RAT01,Resolved,2026-10-05,2026-10-03,5,yes
DEMO01613,2026-09-28,Central Zone,Uttar Pradesh,Barabanki,Banki,text,hi,स्कूल में शिक्षक नियमित रूप से नहीं आते हैं।,education,background,education,teacher_absent,OFF-EDU01,Resolved,2026-10-13,2026-10-03,5,yes
DEMO01614,2026-09-28,Central Zone,Uttar Pradesh,Budaun,Mundia,voice,hi,मेरी वृद्धावस्था पेंशन कई महीनों से नहीं मिली है।,pension,background,pension,pension_not_received,OFF-PEN01,Resolved,2026-10-13,2026-10-03,5,yes
DEMO01615,2026-09-28,Central Zone,Uttar Pradesh,Rae Bareli,Dalmau,text,en,There is no doctor at the health centre and no medicine.,health,background,health,no_doctor_medicine,OFF-HEA01,Resolved,2026-10-01,2026-09-29,1,yes
DEMO01616,2026-09-28,Central Zone,Uttar Pradesh,Sitapur,Hargaon,text,hi,राशन दुकान वाला मेरे राशन कार्ड पर चावल नहीं दे रहा है।,ration,background,ration,ration_not_given,OFF-RAT01,Pending,2026-10-05,,,yes
DEMO01617,2026-09-28,Central Zone,Uttarakhand,Champawat,Champawat,text,en,There is no doctor at the health centre and no medicine.,health,background,health,no_doctor_medicine,OFF-HEA01,Pending,2026-10-01,,,yes
DEMO01618,2026-09-28,Central Zone,Uttarakhand,Dehradun,Doiwala,text,hinglish,"Nobody is listening to us, please check.",unclear,background,electricity,transformer,OFF-ELE01,Pending,2026-10-01,,,yes
DEMO01619,2026-09-28,Central Zone,Uttarakhand,Tehri Garhwal & Garhwal,Dev Prayag,text,hi,सड़क पर बड़े गड्ढे हैं और चलना खतरनाक है।,roads,background,roads,potholes,OFF-ROA01,Resolved,2026-10-19,2026-10-03,5,yes
DEMO01620,2026-09-28,East Zone,West Bengal,Barddhaman,Kulti,text,en,"There is no electricity for many days, the transformer is burnt.",electricity,background,electricity,power_cut,OFF-ELE01,Resolved,2026-10-01,2026-09-29,1,yes
DEMO01621,2026-09-28,East Zone,West Bengal,North Twentyfour Parganas,Ashoknagar Kalyangarh,text,bn,"অনেক দিন ধরে বিদ্যুৎ নেই, ট্রান্সফরমার পুড়ে গেছে।",electricity,stable_electricity,electricity,power_cut,OFF-ELE01,Pending,2026-10-01,,,yes
DEMO01622,2026-09-28,East Zone,West Bengal,North Twentyfour Parganas,Madhyamgram,voice,bn,"অনেক দিন ধরে বিদ্যুৎ নেই, ট্রান্সফরমার পুড়ে গেছে।",electricity,stable_electricity,electricity,power_cut,OFF-ELE01,Pending,2026-10-01,,,yes
DEMO01623,2026-09-29,South Zone,Andhra Pradesh,Chittoor,Punganur,text,te,నా వృద్ధాప్య పింఛన్ చాలా నెలలుగా రాలేదు.,pension,background,pension,pension_not_received,OFF-PEN01,Pending,2026-10-14,,,yes
DEMO01624,2026-09-29,South Zone,Andhra Pradesh,West Godavari,Tanuku,text,te,"ఆసుపత్రిలో డాక్టర్ లేరు, మందులు దొరకడం లేదు.",health,background,health,no_doctor_medicine,OFF-HEA01,Pending,2026-10-02,,,yes
DEMO01625,2026-09-29,Northeast Zone,Arunachal Pradesh,East Siang,Pasighat,text,en,The teacher does not come to the school regularly.,education,background,education,teacher_absent,OFF-EDU01,Pending,2026-10-14,,,yes
DEMO01626,2026-09-29,Northeast Zone,Assam,Kamrup,Bamun Sualkuchi,text,as,The ration dealer asked for a bribe to give my quota.,sensitive,background,police,police_inaction,OFF-SC01,Resolved,2026-09-30,2026-10-02,3,yes
DEMO01627,2026-09-29,East Zone,Bihar,Begusarai,Begusarai,text,hi,"कई दिनों से बिजली नहीं है, ट्रांसफार्मर जल गया है।",electricity,background,electricity,power_cut,OFF-ELE01,Pending,2026-10-02,,,yes
DEMO01628,2026-09-29,East Zone,Bihar,Bhojpur,Koilwar,text,hi,स्कूल में शिक्षक नियमित रूप से नहीं आते हैं।,education,background,education,teacher_absent,OFF-EDU01,Pending,2026-10-14,,,yes
DEMO01629,2026-09-29,East Zone,Bihar,Patna,Maner,text,hi,स्कूल में शिक्षक नियमित रूप से नहीं आते हैं।,education,background,education,teacher_absent,OFF-EDU01,Pending,2026-10-14,,,yes
DEMO01630,2026-09-29,Central Zone,Chhattisgarh,Bilaspur,Deori,text,hi,स्वास्थ्य केंद्र में डॉक्टर नहीं है और दवाई नहीं मिलती।,health,cluster_health,health,no_doctor_medicine,OFF-HEA01,Pending,2026-10-02,,,yes
DEMO01631,2026-09-29,Central Zone,Chhattisgarh,Bilaspur,Lormi,text,cg,"अस्पताल म डाक्टर नइ हे, दवई घलो नइ मिलत।",health,cluster_health,health,no_doctor_medicine,OFF-HEA01,Pending,2026-10-02,,,yes
DEMO01632,2026-09-29,Central Zone,Chhattisgarh,Raipur,Arang,text,cg,Hamaar gaon ke handpump kai din se kharab hai.,water,spike_water,water,handpump,OFF-WAT01,Pending,2026-10-06,,,yes
DEMO01633,2026-09-29,Central Zone,Chhattisgarh,Raipur,Banarsi,text,hinglish,Water supply nahi aa rahi since 10 days.,water,spike_water,water,no_supply,OFF-WAT01,Pending,2026-10-06,,,yes
DEMO01634,2026-09-29,Central Zone,Chhattisgarh,Raipur,Bhatapara,voice,cg,कतको दिन ले नल म पानी नइ आवत हे।,water,spike_water,water,no_supply,OFF-WAT01,Resolved,2026-10-06,2026-10-03,4,yes
DEMO01635,2026-09-29,Central Zone,Chhattisgarh,Raipur,Bhatapara,voice,cg,कतको दिन ले नल म पानी नइ आवत हे।,water,spike_water,water,no_supply,OFF-WAT01,Pending,2026-10-06,,,yes
DEMO01636,2026-09-29,Central Zone,Chhattisgarh,Raipur,Bhatgaon,text,hi,कई दिनों से नल में पानी नहीं आ रहा है।,water,spike_water,water,no_supply,OFF-WAT01,Pending,2026-10-06,,,yes
DEMO01637,2026-09-29,Central Zone,Chhattisgarh,Raipur,Gobranawapara,text,cg,हमर पारा के हैंडपंप बंद हवय।,water,spike_water,water,handpump,OFF-WAT01,Resolved,2026-10-06,2026-10-03,4,yes
DEMO01638,2026-09-29,Central Zone,Chhattisgarh,Raipur,Gobranawapara,text,cg,Hamaar gaon ke handpump kai din se kharab hai.,water,spike_water,water,handpump,OFF-WAT01,Pending,2026-10-06,,,yes
DEMO01639,2026-09-29,Central Zone,Chhattisgarh,Raipur,Gobranawapara,voice,cg,"हमर गाँव के हैंडपंप खराब हवय, पीए बर पानी नइ हे।",water,spike_water,water,handpump,OFF-WAT01,Pending,2026-10-06,,,yes
DEMO01640,2026-09-29,Central Zone,Chhattisgarh,Raipur,Gogaon,text,cg,"हमर गाँव के हैंडपंप खराब हवय, पीए बर पानी नइ हे।",water,spike_water,water,handpump,OFF-WAT01,Resolved,2026-10-06,2026-10-03,4,yes
DEMO01641,2026-09-29,Central Zone,Chhattisgarh,Raipur,Mowa,voice,cg,"हमर गाँव के हैंडपंप खराब हवय, पीए बर पानी नइ हे।",water,spike_water,water,handpump,OFF-WAT01,Pending,2026-10-06,,,yes
DEMO01642,2026-09-29,Central Zone,Chhattisgarh,Raipur,Simga,text,cg,हमर पारा के हैंडपंप बंद हवय।,water,spike_water,water,handpump,OFF-WAT01,Resolved,2026-10-06,2026-10-03,4,yes
DEMO01643,2026-09-29,North Zone,Delhi,In all 9 dsitricts,Delhi Municipal Corporation (U),text,hi,राशन दुकान वाला मेरे राशन कार्ड पर चावल नहीं दे रहा है।,ration,background,ration,ration_not_given,OFF-RAT01,Pending,2026-10-06,,,yes
DEMO01644,2026-09-29,North Zone,Delhi,North East,Gokal Pur,text,hi,राशन दुकान वाले ने रिश्वत मांगी।,sensitive,background,police,police_inaction,OFF-SC01,Pending,2026-09-30,,,yes
DEMO01645,2026-09-29,West Zone,Gujarat,Amreli,Jafrabad,text,gu,મારું વૃદ્ધ પેન્શન ઘણા મહિનાથી મળ્યું નથી.,pension,background,pension,pension_not_received,OFF-PEN01,Pending,2026-10-14,,,yes
DEMO01646,2026-09-29,West Zone,Gujarat,Gandhinagar,Adalaj,text,gu,"રસ્તા પર મોટા ખાડા છે, ચાલવું જોખમી છે.",roads,background,roads,potholes,OFF-ROA01,Resolved,2026-10-20,2026-10-03,4,yes
DEMO01647,2026-09-29,West Zone,Gujarat,Gandhinagar,Kalol,text,gu,"ઘણા દિવસથી વીજળી નથી, ટ્રાન્સફોર્મર બળી ગયું છે.",electricity,background,electricity,power_cut,OFF-ELE01,Pending,2026-10-02,,,yes
DEMO01648,2026-09-29,West Zone,Gujarat,Vadodara,Bajva,voice,gu,રેશનની દુકાનમાં મારા રેશનકાર્ડ પર ચોખા આપતા નથી.,ration,background,ration,ration_not_given,OFF-RAT01,Pending,2026-10-06,,,yes
DEMO01649,2026-09-29,West Zone,Gujarat,Vadodara,Nandesari INA,voice,gu,"Nobody is listening to us, please check.",unclear,background,electricity,transformer,OFF-ELE01,Resolved,2026-10-02,2026-09-30,1,yes
DEMO01650,2026-09-29,North Zone,Haryana,Panchkula,Raipur Rani,voice,hi,स्कूल में शिक्षक नियमित रूप से नहीं आते हैं।,education,background,education,teacher_absent,OFF-EDU01,Resolved,2026-10-14,2026-10-03,4,yes
DEMO01651,2026-09-29,North Zone,Himachal Pradesh,Bilaspur,Naina Devi,text,hinglish,Sadak pe bahut gaddhe hai.,roads,background,roads,potholes,OFF-ROA01,Pending,2026-10-20,,,yes
DEMO01652,2026-09-29,North Zone,Jammu & Kashmir,Jammu,Gorah Salathian,text,ur,میری بڑھاپے کی پنشن کئی مہینوں سے نہیں ملی۔,pension,background,pension,pension_not_received,OFF-PEN01,Pending,2026-10-14,,,yes
DEMO01653,2026-09-29,East Zone,Jharkhand,Dhanbad,Bhowrah,text,hinglish,"Nobody is listening to us, please check.",unclear,background,ration,ration_card,OFF-RAT01,Resolved,2026-10-06,2026-10-03,4,yes
DEMO01654,2026-09-29,East Zone,Jharkhand,Dhanbad,Jorapokhar,text,hi,कई दिनों से नल में पानी नहीं आ रहा है।,water,background,water,no_supply,OFF-WAT01,Pending,2026-10-06,,,yes
DEMO01655,2026-09-29,East Zone,Jharkhand,Dumka,Jamtara,voice,hi,सड़क पर बड़े गड्ढे हैं और चलना खतरनाक है।,roads,background,roads,potholes,OFF-ROA01,Resolved,2026-10-20,2026-10-03,4,yes
DEMO01656,2026-09-29,East Zone,Jharkhand,Pashchimi Singhbhum,Chandil,text,en,My old age pension has not been received for months.,pension,background,pension,pension_not_received,OFF-PEN01,Pending,2026-10-14,,,yes
DEMO01657,2026-09-29,South Zone,Karnataka,Bangalore,Bommasandra,text,hi,राशन दुकान वाले ने रिश्वत मांगी।,sensitive,background,police,police_inaction,OFF-SC01,Resolved,2026-09-30,2026-09-30,1,yes
DEMO01658,2026-09-29,South Zone,Karnataka,Bidar,Bidar,text,kn,ಶಾಲೆಗೆ ಶಿಕ್ಷಕರು ನಿಯಮಿತವಾಗಿ ಬರುತ್ತಿಲ್ಲ.,education,background,education,teacher_absent,OFF-EDU01,Pending,2026-10-14,,,yes
DEMO01659,2026-09-29,South Zone,Karnataka,Raichur,Lingsugur,text,kn,ಶಾಲೆಗೆ ಶಿಕ್ಷಕರು ನಿಯಮಿತವಾಗಿ ಬರುತ್ತಿಲ್ಲ.,education,background,education,teacher_absent,OFF-EDU01,Pending,2026-10-14,,,yes
DEMO01660,2026-09-29,South Zone,Karnataka,Uttara Kannada,Mundgod,text,kn,ಶಾಲೆಗೆ ಶಿಕ್ಷಕರು ನಿಯಮಿತವಾಗಿ ಬರುತ್ತಿಲ್ಲ.,education,background,education,teacher_absent,OFF-EDU01,Resolved,2026-10-14,2026-10-03,4,yes
DEMO01661,2026-09-29,South Zone,Kerala,Ernakulam,Angamaly,text,ml,റോഡ് മുഴുവൻ വലിയ കുഴികൾ ആണ്.,roads,small_roads,roads,potholes,OFF-ROA01,Pending,2026-10-20,,,yes
DEMO01662,2026-09-29,South Zone,Kerala,Kannur,Panoor,voice,ml,എന്റെ വിധവ പെൻഷൻ മാസങ്ങളായി ലഭിച്ചിട്ടില്ല.,pension,background,pension,pension_not_received,OFF-PEN01,Resolved,2026-10-14,2026-10-03,4,yes
DEMO01663,2026-09-29,South Zone,Kerala,Kozhikode,Kozhikode,voice,ml,The ration dealer asked for a bribe to give my quota.,sensitive,background,police,police_inaction,OFF-SC01,Resolved,2026-09-30,2026-09-30,1,yes
DEMO01664,2026-09-29,South Zone,Kerala,Thrissur,Venmanad,text,ml,"Nobody is listening to us, please check.",unclear,background,electricity,transformer,OFF-ELE01,Resolved,2026-10-02,2026-10-01,2,yes
DEMO01665,2026-09-29,Central Zone,Madhya Pradesh,Rajgarh,Biaora,text,hinglish,"Kai din se paani nahi aa raha, nal sukha hai.",water,background,water,no_supply,OFF-WAT01,Resolved,2026-10-06,2026-10-03,4,yes
DEMO01666,2026-09-29,Central Zone,Madhya Pradesh,Ratlam,Sailana,text,en,The ration shop dealer is not giving rice on my ration card.,ration,background,ration,ration_not_given,OFF-RAT01,Resolved,2026-10-06,2026-10-03,4,yes
DEMO01667,2026-09-29,West Zone,Maharashtra,Chandrapur,Ghugus,text,mr,माझे वृद्धापकाळ पेन्शन अनेक महिन्यांपासून मिळाले नाही.,pension,background,pension,pension_not_received,OFF-PEN01,Pending,2026-10-14,,,yes
DEMO01668,2026-09-29,West Zone,Maharashtra,Kolhapur,Korochi,voice,mr,अनेक दिवसांपासून नळाला पाणी येत नाही.,water,background,water,no_supply,OFF-WAT01,Resolved,2026-10-06,2026-10-03,4,yes
DEMO01669,2026-09-29,West Zone,Maharashtra,Latur,Nilanga,text,mr,"रस्त्यावर मोठे खड्डे आहेत, प्रवास धोकादायक आहे.",roads,background,roads,potholes,OFF-ROA01,Pending,2026-10-20,,,yes
DEMO01670,2026-09-29,West Zone,Maharashtra,Washim,Risod,voice,mr,रुग्णालयात डॉक्टर नाहीत आणि औषध मिळत नाही.,health,background,health,no_doctor_medicine,OFF-HEA01,Pending,2026-10-02,,,yes
DEMO01671,2026-09-29,Northeast Zone,Manipur,Bishnupur & Imphal West,Nambol,text,en,"There is no electricity for many days, the transformer is burnt.",electricity,background,electricity,power_cut,OFF-ELE01,Resolved,2026-10-02,2026-09-30,1,yes
DEMO01672,2026-09-29,Northeast Zone,Manipur,Imphal West,Thongkhong Laxmi Bazar,voice,hi,पड़ोसी ने मेरे साथ मारपीट की और धमकी दी।,sensitive,background,police,police_inaction,OFF-SC01,Resolved,2026-09-30,2026-09-30,1,yes
DEMO01673,2026-09-29,East Zone,Odisha,Bargarh,Barapali,voice,hinglish,Meri vridha pension kai mahine se band hai.,pension,background,pension,pension_not_received,OFF-PEN01,Pending,2026-10-14,,,yes
DEMO01674,2026-09-29,North Zone,Rajasthan,Ajmer,Beawar,text,hi,राशन दुकान वाला मेरे राशन कार्ड पर चावल नहीं दे रहा है।,ration,background,ration,ration_not_given,OFF-RAT01,Resolved,2026-10-06,2026-10-03,4,yes
DEMO01675,2026-09-29,North Zone,Rajasthan,Baran,Antah,text,hinglish,School mein teacher nahi aate.,education,background,education,teacher_absent,OFF-EDU01,Pending,2026-10-14,,,yes
DEMO01676,2026-09-29,North Zone,Rajasthan,Jaisalmer,Pokaran,text,hi,राशन दुकान वाला मेरे राशन कार्ड पर चावल नहीं दे रहा है।,ration,background,ration,ration_not_given,OFF-RAT01,Resolved,2026-10-06,2026-10-03,4,yes
DEMO01677,2026-09-29,North Zone,Rajasthan,Jodhpur,Jodhpur,text,hi,राशन दुकान वाला मेरे राशन कार्ड पर चावल नहीं दे रहा है।,ration,background,ration,ration_not_given,OFF-RAT01,Resolved,2026-10-06,2026-10-03,4,yes
DEMO01678,2026-09-29,North Zone,Rajasthan,Sikar,Lachhmangarh,voice,hi,राशन दुकान वाला मेरे राशन कार्ड पर चावल नहीं दे रहा है।,ration,background,ration,ration_not_given,OFF-RAT01,Resolved,2026-10-06,2026-10-03,4,yes
DEMO01679,2026-09-29,North Zone,Rajasthan,Tonk,Vanasthali,voice,hi,हमारे गाँव का हैंडपंप खराब है और पीने का पानी नहीं है।,water,background,water,handpump,OFF-WAT01,Pending,2026-10-06,,,yes
DEMO01680,2026-09-29,South Zone,Tamil Nadu,Erode,Periyasemur,voice,ta,"Nobody is listening to us, please check.",unclear,background,electricity,transformer,OFF-ELE01,Pending,2026-10-02,,,yes
DEMO01681,2026-09-29,South Zone,Tamil Nadu,Kancheepuram,Maraimalainagar,text,ta,"பல நாட்களாக மின்சாரம் இல்லை, மின்மாற்றி எரிந்துவிட்டது.",electricity,background,electricity,power_cut,OFF-ELE01,Pending,2026-10-02,,,yes
DEMO01682,2026-09-29,South Zone,Tamil Nadu,Kanniyakumari,Marungur,text,ta,"பல நாட்களாக மின்சாரம் இல்லை, மின்மாற்றி எரிந்துவிட்டது.",electricity,background,electricity,power_cut,OFF-ELE01,Pending,2026-10-02,,,yes
DEMO01683,2026-09-29,South Zone,Tamil Nadu,Salem,Papparapatti,text,ta,"பல நாட்களாக மின்சாரம் இல்லை, மின்மாற்றி எரிந்துவிட்டது.",electricity,background,electricity,power_cut,OFF-ELE01,Resolved,2026-10-02,2026-10-01,2,yes
DEMO01684,2026-09-29,South Zone,Tamil Nadu,Toothukudi,Kanam,text,hi,"कई दिनों से बिजली नहीं है, ट्रांसफार्मर जल गया है।",electricity,background,electricity,power_cut,OFF-ELE01,Pending,2026-10-02,,,yes
DEMO01685,2026-09-29,South Zone,Tamil Nadu,Vellore,Ammoor,text,ta,ரேஷன் கடையில் என் குடும்ப அட்டைக்கு அரிசி கொடுக்கவில்லை.,ration,background,ration,ration_not_given,OFF-RAT01,Resolved,2026-10-06,2026-10-02,3,yes
DEMO01686,2026-09-29,South Zone,Telangana,Hyderabad and Rangareddi,Hyderabad M.Corp,text,hinglish,My neighbour beat me and threatened me.,sensitive,background,police,police_inaction,OFF-SC01,Pending,2026-09-30,,,yes
DEMO01687,2026-09-29,Central Zone,Uttar Pradesh,Firozabad,Fariha,text,hinglish,Sadak pe bahut gaddhe hai.,roads,background,roads,potholes,OFF-ROA01,Pending,2026-10-20,,,yes
DEMO01688,2026-09-29,Central Zone,Uttar Pradesh,Gautam Buddha Nagar,Rabupura,voice,hi,स्कूल में शिक्षक नियमित रूप से नहीं आते हैं।,education,background,education,teacher_absent,OFF-EDU01,Pending,2026-10-14,,,yes
DEMO01689,2026-09-29,Central Zone,Uttar Pradesh,Kannauj,Sikanderpur,text,en,The teacher does not come to the school regularly.,education,background,education,teacher_absent,OFF-EDU01,Resolved,2026-10-14,2026-10-03,4,yes
DEMO01690,2026-09-29,Central Zone,Uttar Pradesh,Kannauj,Sikanderpur,text,hi,स्वास्थ्य केंद्र में डॉक्टर नहीं है और दवाई नहीं मिलती।,health,background,health,no_doctor_medicine,OFF-HEA01,Resolved,2026-10-02,2026-09-30,1,yes
DEMO01691,2026-09-29,Central Zone,Uttar Pradesh,Kaushambi,Sirathu,text,hi,स्कूल में शिक्षक नियमित रूप से नहीं आते हैं।,education,background,education,teacher_absent,OFF-EDU01,Resolved,2026-10-14,2026-10-03,4,yes
DEMO01692,2026-09-29,Central Zone,Uttar Pradesh,Kheri,Singahi Bhiraura,text,hi,स्कूल में शिक्षक नियमित रूप से नहीं आते हैं।,education,background,education,teacher_absent,OFF-EDU01,Pending,2026-10-14,,,yes
DEMO01693,2026-09-29,Central Zone,Uttar Pradesh,Saharanpur,Ambehta,voice,hi,हमारे गाँव का हैंडपंप खराब है और पीने का पानी नहीं है।,water,background,water,handpump,OFF-WAT01,Resolved,2026-10-06,2026-10-02,3,yes
DEMO01694,2026-09-29,East Zone,West Bengal,Haora,Natibpur,text,en,The ration shop dealer is not giving rice on my ration card.,ration,background,ration,ration_not_given,OFF-RAT01,Resolved,2026-10-06,2026-10-03,4,yes
DEMO01695,2026-09-29,East Zone,West Bengal,Haora,Uttar Pirpur,text,en,There is no doctor at the health centre and no medicine.,health,background,health,no_doctor_medicine,OFF-HEA01,Pending,2026-10-02,,,yes
DEMO01696,2026-09-29,East Zone,West Bengal,Jalpaiguri,Banarhat Tea Garden,voice,bn,রেশন ডিলার আমার রেশন কার্ডে চাল দিচ্ছে না।,ration,background,ration,ration_not_given,OFF-RAT01,Resolved,2026-10-06,2026-10-02,3,yes
DEMO01697,2026-09-29,East Zone,West Bengal,Medinipur,Contai,text,hi,स्वास्थ्य केंद्र में डॉक्टर नहीं है और दवाई नहीं मिलती।,health,background,health,no_doctor_medicine,OFF-HEA01,Resolved,2026-10-02,2026-09-30,1,yes
DEMO01698,2026-09-29,East Zone,West Bengal,North Twentyfour Parganas,Ashoknagar Kalyangarh,voice,bn,"অনেক দিন ধরে বিদ্যুৎ নেই, ট্রান্সফরমার পুড়ে গেছে।",electricity,stable_electricity,electricity,power_cut,OFF-ELE01,Pending,2026-10-02,,,yes
DEMO01699,2026-09-29,East Zone,West Bengal,Uttar Dinajpur,Islampur,voice,hi,स्कूल में शिक्षक नियमित रूप से नहीं आते हैं।,education,background,education,teacher_absent,OFF-EDU01,Pending,2026-10-14,,,yes
DEMO01700,2026-09-30,South Zone,Andhra Pradesh,Vizianagaram,Gajapathinagaram,text,te,రోడ్డుపై పెద్ద గుంతలు ఉన్నాయి.,roads,background,roads,potholes,OFF-ROA01,Resolved,2026-10-21,2026-10-03,3,yes
DEMO01701,2026-09-30,South Zone,Andhra Pradesh,West Godavari,Bheemavaram,text,te,"Nobody is listening to us, please check.",unclear,background,water,handpump,OFF-WAT01,Resolved,2026-10-07,2026-10-03,3,yes
DEMO01702,2026-09-30,Northeast Zone,Arunachal Pradesh,East Kameng,Seppa,text,en,The teacher does not come to the school regularly.,education,background,education,teacher_absent,OFF-EDU01,Pending,2026-10-15,,,yes
DEMO01703,2026-09-30,Northeast Zone,Arunachal Pradesh,Papum Pare,Itanagar,text,en,Water is not coming in the tap for many days.,water,background,water,no_supply,OFF-WAT01,Resolved,2026-10-07,2026-10-02,2,yes
DEMO01704,2026-09-30,Northeast Zone,Assam,Barpeta,Pathsala,text,as,"আমাৰ গাঁৱৰ নলকূপটো বেয়া হৈছে, খোৱাপানী নাই।",water,background,water,handpump,OFF-WAT01,Resolved,2026-10-07,2026-10-02,2,yes
DEMO01705,2026-09-30,Northeast Zone,Assam,Barpeta,Sarthebari,text,as,ৰেচন ডিলাৰে মোৰ কাৰ্ডত চাউল দিয়া নাই।,ration,background,ration,ration_not_given,OFF-RAT01,Resolved,2026-10-07,2026-10-03,3,yes
DEMO01706,2026-09-30,East Zone,Bihar,Samastipur,Mohiuddinagar,text,en,The teacher does not come to the school regularly.,education,background,education,teacher_absent,OFF-EDU01,Pending,2026-10-15,,,yes
DEMO01707,2026-09-30,East Zone,Bihar,Vaishali,Lalganj,text,hi,स्वास्थ्य केंद्र में डॉक्टर नहीं है और दवाई नहीं मिलती।,health,background,health,no_doctor_medicine,OFF-HEA01,Pending,2026-10-03,,,yes
DEMO01708,2026-09-30,Central Zone,Chhattisgarh,Bastar,Jagdalpur,text,hinglish,School mein teacher nahi aate.,education,background,education,teacher_absent,OFF-EDU01,Pending,2026-10-15,,,yes
DEMO01709,2026-09-30,Central Zone,Chhattisgarh,Bilaspur,Bilaspur,text,cg,"अस्पताल म डाक्टर नइ हे, दवई घलो नइ मिलत।",health,cluster_health,health,no_doctor_medicine,OFF-HEA01,Resolved,2026-10-03,2026-10-01,1,yes
DEMO01710,2026-09-30,Central Zone,Chhattisgarh,Raigarh,Dharamjaigarh,text,cg,राशन दुकान वाला मोर राशन कार्ड म चाउर नइ देवत हे।,ration,background,ration,ration_not_given,OFF-RAT01,Resolved,2026-10-07,2026-10-03,3,yes
DEMO01711,2026-09-30,Central Zone,Chhattisgarh,Raipur,Bhatapara,text,cg,"Paani nai aawat he, kai din hoge.",water,spike_water,water,handpump,OFF-WAT01,Resolved,2026-10-07,2026-10-03,3,yes
DEMO01712,2026-09-30,Central Zone,Chhattisgarh,Raipur,Bhatgaon,text,hi,हमारे गाँव का हैंडपंप खराब है और पीने का पानी नहीं है।,water,spike_water,water,handpump,OFF-WAT01,Resolved,2026-10-07,2026-10-03,3,yes
DEMO01713,2026-09-30,Central Zone,Chhattisgarh,Raipur,Bhatgaon,text,hinglish,"Kai din se paani nahi aa raha, nal sukha hai.",water,spike_water,water,no_supply,OFF-WAT01,Pending,2026-10-07,,,yes
DEMO01714,2026-09-30,Central Zone,Chhattisgarh,Raipur,Gobranawapara,text,cg,"Paani nai aawat he, kai din hoge.",water,spike_water,water,handpump,OFF-WAT01,Resolved,2026-10-07,2026-10-03,3,yes
DEMO01715,2026-09-30,Central Zone,Chhattisgarh,Raipur,Mowa,text,cg,"हमर गाँव के हैंडपंप खराब हवय, पीए बर पानी नइ हे।",water,spike_water,water,handpump,OFF-WAT01,Pending,2026-10-07,,,yes
DEMO01716,2026-09-30,Central Zone,Chhattisgarh,Raipur,Simga,text,cg,"हमर गाँव के हैंडपंप खराब हवय, पीए बर पानी नइ हे।",water,spike_water,water,handpump,OFF-WAT01,Pending,2026-10-07,,,yes
DEMO01717,2026-09-30,Central Zone,Chhattisgarh,Surguja,Namna Kalan,text,cg,इस्कूल म गुरुजी रोज नइ आवत हे।,education,background,education,teacher_absent,OFF-EDU01,Pending,2026-10-15,,,yes
DEMO01718,2026-09-30,West Zone,Goa,North Goa,Calapor,text,en,The ration shop dealer is not giving rice on my ration card.,ration,background,ration,ration_not_given,OFF-RAT01,Resolved,2026-10-07,2026-10-03,3,yes
DEMO01719,2026-09-30,West Zone,Gujarat,Ahmadabad,Chandlodiya,text,gu,શાળામાં શિક્ષક નિયમિત આવતા નથી.,education,background,education,teacher_absent,OFF-EDU01,Resolved,2026-10-15,2026-10-03,3,yes
DEMO01720,2026-09-30,West Zone,Gujarat,Kachchh,Mundra,text,gu,"ઘણા દિવસથી વીજળી નથી, ટ્રાન્સફોર્મર બળી ગયું છે.",electricity,background,electricity,power_cut,OFF-ELE01,Pending,2026-10-03,,,yes
DEMO01721,2026-09-30,West Zone,Gujarat,Mahesana,Vijapur,text,gu,દવાખાનામાં ડોક્ટર નથી અને દવા મળતી નથી.,health,background,health,no_doctor_medicine,OFF-HEA01,Resolved,2026-10-03,2026-10-01,1,yes
DEMO01722,2026-09-30,North Zone,Haryana,Kaithal,Cheeka,text,hi,राशन दुकान वाला मेरे राशन कार्ड पर चावल नहीं दे रहा है।,ration,background,ration,ration_not_given,OFF-RAT01,Pending,2026-10-07,,,yes
DEMO01723,2026-09-30,North Zone,Haryana,Sonipat,Kharkhoda,text,en,The road has big potholes and is unsafe.,roads,background,roads,potholes,OFF-ROA01,Resolved,2026-10-21,2026-10-03,3,yes
DEMO01724,2026-09-30,North Zone,Himachal Pradesh,Kullu,Banjar,text,hinglish,Sadak pe bahut gaddhe hai.,roads,background,roads,potholes,OFF-ROA01,Pending,2026-10-21,,,yes
DEMO01725,2026-09-30,North Zone,Himachal Pradesh,Una,Gagret,text,hinglish,"Kai din se paani nahi aa raha, nal sukha hai.",water,background,water,no_supply,OFF-WAT01,Resolved,2026-10-07,2026-10-03,3,yes
DEMO01726,2026-09-30,East Zone,Jharkhand,Dhanbad,Chhatatanr,text,hi,पड़ोसी ने मेरे साथ मारपीट की और धमकी दी।,sensitive,background,police,police_inaction,OFF-SC01,Resolved,2026-10-01,2026-10-01,1,yes
DEMO01727,2026-09-30,East Zone,Jharkhand,Dhanbad,Rohraband,text,hi,राशन दुकान वाला मेरे राशन कार्ड पर चावल नहीं दे रहा है।,ration,background,ration,ration_not_given,OFF-RAT01,Resolved,2026-10-07,2026-10-02,2,yes
DEMO01728,2026-09-30,East Zone,Jharkhand,Gumla,Simdega,text,hi,सड़क पर बड़े गड्ढे हैं और चलना खतरनाक है।,roads,background,roads,potholes,OFF-ROA01,Resolved,2026-10-21,2026-10-03,3,yes
DEMO01729,2026-09-30,East Zone,Jharkhand,Purbi Singhbhum,Haludbani,text,hinglish,"Nobody is listening to us, please check.",unclear,background,education,midday_meal,OFF-EDU01,Pending,2026-10-15,,,yes
DEMO01730,2026-09-30,South Zone,Karnataka,Bellary,Kamalapuram,voice,en,There is no doctor at the health centre and no medicine.,health,background,health,no_doctor_medicine,OFF-HEA01,Resolved,2026-10-03,2026-10-01,1,yes
DEMO01731,2026-09-30,South Zone,Karnataka,Gadag,Lakshmeshwar,text,kn,ನನ್ನ ವೃದ್ಧಾಪ್ಯ ಪಿಂಚಣಿ ಹಲವು ತಿಂಗಳಿಂದ ಬಂದಿಲ್ಲ.,pension,background,pension,pension_not_received,OFF-PEN01,Pending,2026-10-15,,,yes
DEMO01732,2026-09-30,South Zone,Kerala,Kannur,New Mahe,text,ml,റേഷൻ കടയിൽ എന്റെ കാർഡിന് അരി നൽകുന്നില്ല.,ration,background,ration,ration_not_given,OFF-RAT01,Resolved,2026-10-07,2026-10-03,3,yes
DEMO01733,2026-09-30,South Zone,Kerala,Kottayam,Palai,text,ml,"ഞങ്ങളുടെ ഗ്രാമത്തിലെ പൈപ്പ് കേടായി, കുടിവെള്ളം ഇല്ല.",water,background,water,handpump,OFF-WAT01,Resolved,2026-10-07,2026-10-03,3,yes
DEMO01734,2026-09-30,North Zone,Ladakh,Kargil,Kargil,voice,en,"There is no electricity for many days, the transformer is burnt.",electricity,background,electricity,power_cut,OFF-ELE01,Pending,2026-10-03,,,yes
DEMO01735,2026-09-30,Central Zone,Madhya Pradesh,Hoshangabad,Sohagpur,text,hi,सड़क पर बड़े गड्ढे हैं और चलना खतरनाक है।,roads,background,roads,potholes,OFF-ROA01,Resolved,2026-10-21,2026-10-03,3,yes
DEMO01736,2026-09-30,Central Zone,Madhya Pradesh,Jabalpur,O.F.Khamaria,text,hi,पड़ोसी ने मेरे साथ मारपीट की और धमकी दी।,sensitive,background,police,police_inaction,OFF-SC01,Pending,2026-10-01,,,yes
DEMO01737,2026-09-30,Central Zone,Madhya Pradesh,Shahdol,Burhar,text,hi,"मेरा काम नहीं हो रहा, कोई सुनता नहीं है।",unclear,background,pension,pension_not_received,OFF-PEN01,Pending,2026-10-15,,,yes
DEMO01738,2026-09-30,Central Zone,Madhya Pradesh,Sidhi,Naudhia,text,hi,स्वास्थ्य केंद्र में डॉक्टर नहीं है और दवाई नहीं मिलती।,health,background,health,no_doctor_medicine,OFF-HEA01,Pending,2026-10-03,,,yes
DEMO01739,2026-09-30,West Zone,Maharashtra,Buldana,Malkapur,voice,mr,"Nobody is listening to us, please check.",unclear,background,water,handpump,OFF-WAT01,Pending,2026-10-07,,,yes
DEMO01740,2026-09-30,West Zone,Maharashtra,Nagpur,Umred,text,mr,रेशन दुकानदार माझ्या रेशन कार्डवर तांदूळ देत नाही.,ration,background,ration,ration_not_given,OFF-RAT01,Resolved,2026-10-07,2026-10-03,3,yes
DEMO01741,2026-09-30,West Zone,Maharashtra,Nanded,Nanded-Waghala,text,en,"There is no electricity for many days, the transformer is burnt.",electricity,background,electricity,power_cut,OFF-ELE01,Pending,2026-10-03,,,yes
DEMO01742,2026-09-30,West Zone,Maharashtra,Nanded,Wajegaon,text,en,The teacher does not come to the school regularly.,education,background,education,teacher_absent,OFF-EDU01,Resolved,2026-10-15,2026-10-03,3,yes
DEMO01743,2026-09-30,West Zone,Maharashtra,Yavatmal,Yavatmal,text,en,My old age pension has not been received for months.,pension,background,pension,pension_not_received,OFF-PEN01,Resolved,2026-10-15,2026-10-03,3,yes
DEMO01744,2026-09-30,Northeast Zone,Manipur,Imphal West,Wangoi,text,en,The ration shop dealer is not giving rice on my ration card.,ration,background,ration,ration_not_given,OFF-RAT01,Resolved,2026-10-07,2026-10-03,3,yes
DEMO01745,2026-09-30,Northeast Zone,Mizoram,Mamit,Mamit,text,en,My old age pension has not been received for months.,pension,background,pension,pension_not_received,OFF-PEN01,Resolved,2026-10-15,2026-10-03,3,yes
DEMO01746,2026-09-30,Northeast Zone,Nagaland,Dimapur,Dimapur,text,en,"Nobody is listening to us, please check.",unclear,background,electricity,transformer,OFF-ELE01,Pending,2026-10-03,,,yes
DEMO01747,2026-09-30,Northeast Zone,Nagaland,Zunheboto,Zunheboto,text,en,The teacher does not come to the school regularly.,education,background,education,teacher_absent,OFF-EDU01,Pending,2026-10-15,,,yes
DEMO01748,2026-09-30,East Zone,Odisha,Balangir,Titlagarh,text,or,"ଡାକ୍ତରଖାନାରେ ଡାକ୍ତର ନାହାନ୍ତି, ଔଷଧ ମିଳୁନାହିଁ।",health,background,health,no_doctor_medicine,OFF-HEA01,Pending,2026-10-03,,,yes
DEMO01749,2026-09-30,East Zone,Odisha,Kendujhar,Anandapur,text,or,"ଡାକ୍ତରଖାନାରେ ଡାକ୍ତର ନାହାନ୍ତି, ଔଷଧ ମିଳୁନାହିଁ।",health,background,health,no_doctor_medicine,OFF-HEA01,Pending,2026-10-03,,,yes
DEMO01750,2026-09-30,East Zone,Odisha,Khordha,Balugaon,text,or,ସ୍କୁଲରେ ଶିକ୍ଷକ ନିୟମିତ ଆସୁନାହାନ୍ତି।,education,background,education,teacher_absent,OFF-EDU01,Resolved,2026-10-15,2026-10-03,3,yes
DEMO01751,2026-09-30,South Zone,Puducherry,Mahe,Mahe,text,ta,பள்ளிக்கு ஆசிரியர் தொடர்ந்து வருவதில்லை.,education,background,education,teacher_absent,OFF-EDU01,Pending,2026-10-15,,,yes
DEMO01752,2026-09-30,North Zone,Rajasthan,Churu,Sardarshahar,text,hinglish,Ration dukan wala chawal nahi de raha.,ration,background,ration,ration_not_given,OFF-RAT01,Resolved,2026-10-07,2026-10-03,3,yes
DEMO01753,2026-09-30,North Zone,Rajasthan,Kota,Modak,text,hi,स्कूल में शिक्षक नियमित रूप से नहीं आते हैं।,education,background,education,teacher_absent,OFF-EDU01,Resolved,2026-10-15,2026-10-03,3,yes
DEMO01754,2026-09-30,South Zone,Tamil Nadu,Coimbatore,Karumathampatti,voice,ta,"எங்கள் கிராமத்தில் அடிகுழாய் பழுதாகிவிட்டது, குடிநீர் இல்லை.",water,background,water,handpump,OFF-WAT01,Resolved,2026-10-07,2026-10-03,3,yes
DEMO01755,2026-09-30,South Zone,Tamil Nadu,Madurai,Sholavandan,text,ta,பள்ளிக்கு ஆசிரியர் தொடர்ந்து வருவதில்லை.,education,background,education,teacher_absent,OFF-EDU01,Pending,2026-10-15,,,yes
DEMO01756,2026-09-30,South Zone,Tamil Nadu,Salem,Sankari,text,ta,"மருத்துவமனையில் மருத்துவர் இல்லை, மருந்தும் கிடைக்கவில்லை.",health,background,health,no_doctor_medicine,OFF-HEA01,Resolved,2026-10-03,2026-10-02,2,yes
DEMO01757,2026-09-30,South Zone,Tamil Nadu,Thanjavur,Swamimalai,text,ta,"சாலையில் பெரிய குழிகள் உள்ளன, பயணம் ஆபத்தானது.",roads,background,roads,potholes,OFF-ROA01,Resolved,2026-10-21,2026-10-03,3,yes
DEMO01758,2026-09-30,South Zone,Tamil Nadu,Tiruchirappalli,Navalpattu,text,ta,ரேஷன் கடையில் என் குடும்ப அட்டைக்கு அரிசி கொடுக்கவில்லை.,ration,background,ration,ration_not_given,OFF-RAT01,Pending,2026-10-07,,,yes
DEMO01759,2026-09-30,South Zone,Tamil Nadu,Tirunelveli,Achampudur,text,ta,"மருத்துவமனையில் மருத்துவர் இல்லை, மருந்தும் கிடைக்கவில்லை.",health,background,health,no_doctor_medicine,OFF-HEA01,Pending,2026-10-03,,,yes
DEMO01760,2026-09-30,South Zone,Tamil Nadu,Vellore,Kalavai,text,ta,"சாலையில் பெரிய குழிகள் உள்ளன, பயணம் ஆபத்தானது.",roads,background,roads,potholes,OFF-ROA01,Pending,2026-10-21,,,yes
DEMO01761,2026-09-30,South Zone,Telangana,Karimnagar,Koratla,text,te,రోడ్డుపై పెద్ద గుంతలు ఉన్నాయి.,roads,background,roads,potholes,OFF-ROA01,Resolved,2026-10-21,2026-10-03,3,yes
DEMO01762,2026-09-30,Central Zone,Uttar Pradesh,Azamgarh,Ibrahimpur,text,hi,राशन दुकान वाला मेरे राशन कार्ड पर चावल नहीं दे रहा है।,ration,background,ration,ration_not_given,OFF-RAT01,Resolved,2026-10-07,2026-10-03,3,yes
DEMO01763,2026-09-30,Central Zone,Uttar Pradesh,Bareilly,Kakgaina,voice,hi,स्कूल में शिक्षक नियमित रूप से नहीं आते हैं।,education,background,education,teacher_absent,OFF-EDU01,Pending,2026-10-15,,,yes
DEMO01764,2026-09-30,Central Zone,Uttar Pradesh,Basti,Basti,text,hi,राशन दुकान वाला मेरे राशन कार्ड पर चावल नहीं दे रहा है।,ration,background,ration,ration_not_given,OFF-RAT01,Resolved,2026-10-07,2026-10-03,3,yes
DEMO01765,2026-09-30,Central Zone,Uttar Pradesh,Budaun,Gawan,text,hi,स्वास्थ्य केंद्र में डॉक्टर नहीं है और दवाई नहीं मिलती।,health,background,health,no_doctor_medicine,OFF-HEA01,Resolved,2026-10-03,2026-10-02,2,yes
DEMO01766,2026-09-30,Central Zone,Uttar Pradesh,Etawah,Bharthana,text,hi,सड़क पर बड़े गड्ढे हैं और चलना खतरनाक है।,roads,background,roads,potholes,OFF-ROA01,Resolved,2026-10-21,2026-10-03,3,yes
DEMO01767,2026-09-30,Central Zone,Uttar Pradesh,Firozabad,Sukhmalpur Nizamabad,text,en,The teacher does not come to the school regularly.,education,background,education,teacher_absent,OFF-EDU01,Pending,2026-10-15,,,yes
DEMO01768,2026-09-30,Central Zone,Uttar Pradesh,Gorakhpur,Gorakhpur,text,hi,स्कूल में शिक्षक नियमित रूप से नहीं आते हैं।,education,background,education,teacher_absent,OFF-EDU01,Resolved,2026-10-15,2026-10-03,3,yes
DEMO01769,2026-09-30,Central Zone,Uttar Pradesh,Jalaun,Umri,text,hinglish,"Aspatal mein doctor nahi hai, dawai bhi nahi mil rahi.",health,background,health,no_doctor_medicine,OFF-HEA01,Resolved,2026-10-03,2026-10-02,2,yes
DEMO01770,2026-09-30,Central Zone,Uttar Pradesh,Jyotiba Phule Nagar,Ujhari,text,hi,सड़क पर बड़े गड्ढे हैं और चलना खतरनाक है।,roads,background,roads,potholes,OFF-ROA01,Resolved,2026-10-21,2026-10-03,3,yes
DEMO01771,2026-09-30,Central Zone,Uttar Pradesh,Kannauj,Sikanderpur,text,hi,राशन दुकान वाला मेरे राशन कार्ड पर चावल नहीं दे रहा है।,ration,background,ration,ration_not_given,OFF-RAT01,Pending,2026-10-07,,,yes
DEMO01772,2026-09-30,Central Zone,Uttar Pradesh,Mathura,Baldeo,voice,hi,कई दिनों से नल में पानी नहीं आ रहा है।,water,background,water,no_supply,OFF-WAT01,Pending,2026-10-07,,,yes
DEMO01773,2026-09-30,Central Zone,Uttarakhand,Hardwar,Landaura,text,hinglish,"Aspatal mein doctor nahi hai, dawai bhi nahi mil rahi.",health,background,health,no_doctor_medicine,OFF-HEA01,Pending,2026-10-03,,,yes
DEMO01774,2026-09-30,East Zone,West Bengal,Medinipur,Kakdihi,text,hi,कई दिनों से नल में पानी नहीं आ रहा है।,water,background,water,no_supply,OFF-WAT01,Pending,2026-10-07,,,yes
DEMO01775,2026-09-30,East Zone,West Bengal,Nadia,Chakdaha,voice,bn,"রাস্তায় বড় বড় গর্ত, চলাচল বিপজ্জনক।",roads,background,roads,potholes,OFF-ROA01,Resolved,2026-10-21,2026-10-03,3,yes
DEMO01776,2026-09-30,East Zone,West Bengal,North Twentyfour Parganas,Kaugachhi,text,hinglish,"Bijli nahi hai kai din se, transformer kharab hai.",electricity,stable_electricity,electricity,transformer,OFF-ELE01,Pending,2026-10-03,,,yes
DEMO01777,2026-09-30,East Zone,West Bengal,North Twentyfour Parganas,Nebadhai Duttapukur,text,bn,"অনেক দিন ধরে বিদ্যুৎ নেই, ট্রান্সফরমার পুড়ে গেছে।",electricity,stable_electricity,electricity,power_cut,OFF-ELE01,Resolved,2026-10-03,2026-10-02,2,yes
DEMO01778,2026-10-01,South Zone,Andhra Pradesh,Guntur,Chilakaluripet,text,te,"చాలా రోజులుగా కరెంటు లేదు, ట్రాన్స్ఫార్మర్ కాలిపోయింది.",electricity,background,electricity,power_cut,OFF-ELE01,Resolved,2026-10-04,2026-10-03,2,yes
DEMO01779,2026-10-01,Northeast Zone,Assam,Sonitpur,Dhekiajuli,text,as,ৰাস্তাত ডাঙৰ ডাঙৰ গাঁত আছে।,roads,background,roads,potholes,OFF-ROA01,Pending,2026-10-22,,,yes
DEMO01780,2026-10-01,East Zone,Bihar,Pashchim Champaran,Narkatiaganj,text,hi,सड़क पर बड़े गड्ढे हैं और चलना खतरनाक है।,roads,background,roads,potholes,OFF-ROA01,Resolved,2026-10-22,2026-10-03,2,yes
DEMO01781,2026-10-01,East Zone,Bihar,Saharsa,Saharsa,text,hi,स्कूल में शिक्षक नियमित रूप से नहीं आते हैं।,education,background,education,teacher_absent,OFF-EDU01,Pending,2026-10-16,,,yes
DEMO01782,2026-10-01,Central Zone,Chhattisgarh,Bilaspur,Bilaspur,text,cg,"अस्पताल म डाक्टर नइ हे, दवई घलो नइ मिलत।",health,cluster_health,health,no_doctor_medicine,OFF-HEA01,Resolved,2026-10-04,2026-10-02,1,yes
DEMO01783,2026-10-01,Central Zone,Chhattisgarh,Bilaspur,Deori,text,hi,स्वास्थ्य केंद्र में डॉक्टर नहीं है और दवाई नहीं मिलती।,health,cluster_health,health,no_doctor_medicine,OFF-HEA01,Resolved,2026-10-04,2026-10-02,1,yes
DEMO01784,2026-10-01,Central Zone,Chhattisgarh,Korba,Dipka,text,hi,सड़क पर बड़े गड्ढे हैं और चलना खतरनाक है।,roads,background,roads,potholes,OFF-ROA01,Pending,2026-10-22,,,yes
DEMO01785,2026-10-01,Central Zone,Chhattisgarh,Raipur,Baloda Bazar,text,hi,हमारे गाँव का हैंडपंप खराब है और पीने का पानी नहीं है।,water,spike_water,water,handpump,OFF-WAT01,Pending,2026-10-08,,,yes
DEMO01786,2026-10-01,Central Zone,Chhattisgarh,Raipur,Bhanpuri,text,hinglish,"Kai din se paani nahi aa raha, nal sukha hai.",water,spike_water,water,no_supply,OFF-WAT01,Pending,2026-10-08,,,yes
DEMO01787,2026-10-01,Central Zone,Chhattisgarh,Raipur,Bhanpuri,text,cg,"हमर गाँव के हैंडपंप खराब हवय, पीए बर पानी नइ हे।",water,spike_water,water,handpump,OFF-WAT01,Resolved,2026-10-08,2026-10-03,2,yes
DEMO01788,2026-10-01,Central Zone,Chhattisgarh,Raipur,Bhatapara,voice,cg,हमर पारा के हैंडपंप बंद हवय।,water,spike_water,water,handpump,OFF-WAT01,Resolved,2026-10-08,2026-10-03,2,yes
DEMO01789,2026-10-01,Central Zone,Chhattisgarh,Raipur,Gobranawapara,voice,cg,"हमर गाँव के हैंडपंप खराब हवय, पीए बर पानी नइ हे।",water,spike_water,water,handpump,OFF-WAT01,Pending,2026-10-08,,,yes
DEMO01790,2026-10-01,Central Zone,Chhattisgarh,Raipur,Raipur,voice,cg,कतको दिन ले नल म पानी नइ आवत हे।,water,spike_water,water,no_supply,OFF-WAT01,Resolved,2026-10-08,2026-10-03,2,yes
DEMO01791,2026-10-01,Central Zone,Chhattisgarh,Raipur,Raipur,text,cg,"कतको दिन ले बिजली नइ हे, ट्रांसफार्मर जर गे हे।",electricity,background,electricity,power_cut,OFF-ELE01,Resolved,2026-10-04,2026-10-03,2,yes
DEMO01792,2026-10-01,Central Zone,Chhattisgarh,Raipur,Simga,text,cg,Hamaar gaon ke handpump kai din se kharab hai.,water,spike_water,water,handpump,OFF-WAT01,Pending,2026-10-08,,,yes
DEMO01793,2026-10-01,Central Zone,Chhattisgarh,Raipur,Tilda Newra,text,cg,"हमर गाँव के हैंडपंप खराब हवय, पीए बर पानी नइ हे।",water,spike_water,water,handpump,OFF-WAT01,Pending,2026-10-08,,,yes
DEMO01794,2026-10-01,Central Zone,Chhattisgarh,Raipur,Urla,text,cg,कतको दिन ले नल म पानी नइ आवत हे।,water,spike_water,water,no_supply,OFF-WAT01,Resolved,2026-10-08,2026-10-03,2,yes
DEMO01795,2026-10-01,West Zone,Goa,South Goa,Cuncolim,voice,en,There is no doctor at the health centre and no medicine.,health,background,health,no_doctor_medicine,OFF-HEA01,Resolved,2026-10-04,2026-10-03,2,yes
DEMO01796,2026-10-01,West Zone,Gujarat,Anand,Vasna Borsad INA,text,gu,"રસ્તા પર મોટા ખાડા છે, ચાલવું જોખમી છે.",roads,background,roads,potholes,OFF-ROA01,Resolved,2026-10-22,2026-10-03,2,yes
DEMO01797,2026-10-01,West Zone,Gujarat,Banas Kantha,Kanodar,text,gu,મારું વૃદ્ધ પેન્શન ઘણા મહિનાથી મળ્યું નથી.,pension,background,pension,pension_not_received,OFF-PEN01,Pending,2026-10-16,,,yes
DEMO01798,2026-10-01,West Zone,Gujarat,Jamnagar,Kalavad,text,gu,દવાખાનામાં ડોક્ટર નથી અને દવા મળતી નથી.,health,background,health,no_doctor_medicine,OFF-HEA01,Pending,2026-10-04,,,yes
DEMO01799,2026-10-01,West Zone,Gujarat,Junagadh,Una,text,gu,મારું વૃદ્ધ પેન્શન ઘણા મહિનાથી મળ્યું નથી.,pension,background,pension,pension_not_received,OFF-PEN01,Pending,2026-10-16,,,yes
DEMO01800,2026-10-01,North Zone,Haryana,Panipat,Panipat Taraf Rajputan,text,hi,पड़ोसी ने मेरे साथ मारपीट की और धमकी दी।,sensitive,background,police,police_inaction,OFF-SC01,Resolved,2026-10-02,2026-10-02,1,yes
DEMO01801,2026-10-01,North Zone,Haryana,Sonipat,Gohana,voice,hi,"कई दिनों से बिजली नहीं है, ट्रांसफार्मर जल गया है।",electricity,background,electricity,power_cut,OFF-ELE01,Resolved,2026-10-04,2026-10-03,2,yes
DEMO01802,2026-10-01,North Zone,Himachal Pradesh,Shimla,Kotkhai,text,en,"There is no electricity for many days, the transformer is burnt.",electricity,background,electricity,power_cut,OFF-ELE01,Resolved,2026-10-04,2026-10-03,2,yes
DEMO01803,2026-10-01,South Zone,Karnataka,Bangalore,Kothnur,text,kn,ಶಾಲೆಗೆ ಶಿಕ್ಷಕರು ನಿಯಮಿತವಾಗಿ ಬರುತ್ತಿಲ್ಲ.,education,background,education,teacher_absent,OFF-EDU01,Resolved,2026-10-16,2026-10-03,2,yes
DEMO01804,2026-10-01,South Zone,Karnataka,Bangalore Rural,Magadi,text,kn,ಪಡಿತರ ಅಂಗಡಿಯಲ್ಲಿ ನನ್ನ ಕಾರ್ಡಿಗೆ ಅಕ್ಕಿ ಕೊಡುತ್ತಿಲ್ಲ.,ration,background,ration,ration_not_given,OFF-RAT01,Resolved,2026-10-08,2026-10-03,2,yes
DEMO01805,2026-10-01,South Zone,Karnataka,Gadag,Mundargi,text,en,My old age pension has not been received for months.,pension,background,pension,pension_not_received,OFF-PEN01,Resolved,2026-10-16,2026-10-03,2,yes
DEMO01806,2026-10-01,South Zone,Karnataka,Gadag,Mundargi,text,kn,"ನಮ್ಮ ಊರಿನ ಕೈಪಂಪು ಕೆಟ್ಟಿದೆ, ಕುಡಿಯುವ ನೀರು ಇಲ್ಲ.",water,background,water,handpump,OFF-WAT01,Pending,2026-10-08,,,yes
DEMO01807,2026-10-01,South Zone,Karnataka,Hassan,Sathyamangala,text,kn,"ಆಸ್ಪತ್ರೆಯಲ್ಲಿ ವೈದ್ಯರಿಲ್ಲ, ಔಷಧ ಸಿಗುತ್ತಿಲ್ಲ.",health,background,health,no_doctor_medicine,OFF-HEA01,Resolved,2026-10-04,2026-10-02,1,yes
DEMO01808,2026-10-01,South Zone,Kerala,Ernakulam,Varappuzha,text,hi,हमारे गाँव का हैंडपंप खराब है और पीने का पानी नहीं है।,water,background,water,handpump,OFF-WAT01,Pending,2026-10-08,,,yes
DEMO01809,2026-10-01,South Zone,Kerala,Ernakulam,Vazhakkala,text,en,The road has big potholes and is unsafe.,roads,small_roads,roads,potholes,OFF-ROA01,Pending,2026-10-22,,,yes
DEMO01810,2026-10-01,South Zone,Kerala,Kozhikode,Villiappally,text,ml,റേഷൻ കടയിൽ എന്റെ കാർഡിന് അരി നൽകുന്നില്ല.,ration,background,ration,ration_not_given,OFF-RAT01,Resolved,2026-10-08,2026-10-03,2,yes
DEMO01811,2026-10-01,Central Zone,Madhya Pradesh,Neemuch,Jawad,voice,hi,स्वास्थ्य केंद्र में डॉक्टर नहीं है और दवाई नहीं मिलती।,health,background,health,no_doctor_medicine,OFF-HEA01,Pending,2026-10-04,,,yes
DEMO01812,2026-10-01,Central Zone,Madhya Pradesh,Panna,Devendranagar,text,hinglish,School mein teacher nahi aate.,education,background,education,teacher_absent,OFF-EDU01,Resolved,2026-10-16,2026-10-03,2,yes
DEMO01813,2026-10-01,Central Zone,Madhya Pradesh,Shajapur,Soyatkalan,text,hi,पड़ोसी ने मेरे साथ मारपीट की और धमकी दी।,sensitive,background,police,police_inaction,OFF-SC01,Pending,2026-10-02,,,yes
DEMO01814,2026-10-01,Central Zone,Madhya Pradesh,Shivpuri,Badarwas,voice,hi,हमारे गाँव का हैंडपंप खराब है और पीने का पानी नहीं है।,water,background,water,handpump,OFF-WAT01,Pending,2026-10-08,,,yes
DEMO01815,2026-10-01,West Zone,Maharashtra,Bhandara,Pauni,text,mr,"Nobody is listening to us, please check.",unclear,background,water,handpump,OFF-WAT01,Pending,2026-10-08,,,yes
DEMO01816,2026-10-01,West Zone,Maharashtra,Pune,Chakan,text,mr,"रस्त्यावर मोठे खड्डे आहेत, प्रवास धोकादायक आहे.",roads,background,roads,potholes,OFF-ROA01,Pending,2026-10-22,,,yes
DEMO01817,2026-10-01,West Zone,Maharashtra,Sangli,Manadur,text,mr,माझे वृद्धापकाळ पेन्शन अनेक महिन्यांपासून मिळाले नाही.,pension,background,pension,pension_not_received,OFF-PEN01,Resolved,2026-10-16,2026-10-03,2,yes
DEMO01818,2026-10-01,West Zone,Maharashtra,Sangli,Vita,voice,mr,My neighbour beat me and threatened me.,sensitive,background,police,police_inaction,OFF-SC01,Pending,2026-10-02,,,yes
DEMO01819,2026-10-01,Northeast Zone,Meghalaya,Jaintia Hills,Jawai,text,hi,"कई दिनों से बिजली नहीं है, ट्रांसफार्मर जल गया है।",electricity,background,electricity,power_cut,OFF-ELE01,Resolved,2026-10-04,2026-10-03,2,yes
DEMO01820,2026-10-01,Northeast Zone,Mizoram,Serchhip,Thenzawl,text,hi,कई दिनों से नल में पानी नहीं आ रहा है।,water,background,water,no_supply,OFF-WAT01,Pending,2026-10-08,,,yes
DEMO01821,2026-10-01,Northeast Zone,Nagaland,Kohima,Kohima,text,en,"Nobody is listening to us, please check.",unclear,background,ration,ration_card,OFF-RAT01,Resolved,2026-10-08,2026-10-03,2,yes
DEMO01822,2026-10-01,East Zone,Odisha,Bhadrak,Dhamanagar,voice,or,ମୋର ବାର୍ଦ୍ଧକ୍ୟ ଭତ୍ତା କିଛି ମାସ ହେଲା ମିଳିନାହିଁ।,pension,background,pension,pension_not_received,OFF-PEN01,Pending,2026-10-16,,,yes
DEMO01823,2026-10-01,North Zone,Punjab,Sangrur,Cheema,text,en,The ration shop dealer is not giving rice on my ration card.,ration,background,ration,ration_not_given,OFF-RAT01,Resolved,2026-10-08,2026-10-03,2,yes
DEMO01824,2026-10-01,North Zone,Rajasthan,Churu,Sujangarh,text,hi,स्वास्थ्य केंद्र में डॉक्टर नहीं है और दवाई नहीं मिलती।,health,background,health,no_doctor_medicine,OFF-HEA01,Pending,2026-10-04,,,yes
DEMO01825,2026-10-01,Northeast Zone,Sikkim,North,Mangan,text,en,"There is no electricity for many days, the transformer is burnt.",electricity,background,electricity,power_cut,OFF-ELE01,Pending,2026-10-04,,,yes
DEMO01826,2026-10-01,South Zone,Tamil Nadu,Kancheepuram,Singaperumalkoil,text,hi,"कई दिनों से बिजली नहीं है, ट्रांसफार्मर जल गया है।",electricity,background,electricity,power_cut,OFF-ELE01,Resolved,2026-10-04,2026-10-03,2,yes
DEMO01827,2026-10-01,South Zone,Tamil Nadu,Kanniyakumari,Eraniel,text,en,The road has big potholes and is unsafe.,roads,background,roads,potholes,OFF-ROA01,Pending,2026-10-22,,,yes
DEMO01828,2026-10-01,South Zone,Tamil Nadu,The Nilgiris,O' Valley,voice,ta,"மருத்துவமனையில் மருத்துவர் இல்லை, மருந்தும் கிடைக்கவில்லை.",health,background,health,no_doctor_medicine,OFF-HEA01,Pending,2026-10-04,,,yes
DEMO01829,2026-10-01,South Zone,Tamil Nadu,Viluppuram,Marakkanam,text,ta,"மருத்துவமனையில் மருத்துவர் இல்லை, மருந்தும் கிடைக்கவில்லை.",health,background,health,no_doctor_medicine,OFF-HEA01,Resolved,2026-10-04,2026-10-02,1,yes
DEMO01830,2026-10-01,South Zone,Telangana,Mahbubnagar,Mahbubnagar,text,te,"Nobody is listening to us, please check.",unclear,background,ration,ration_card,OFF-RAT01,Resolved,2026-10-08,2026-10-03,2,yes
DEMO01831,2026-10-01,South Zone,Telangana,Nalgonda,Choutuppal,voice,te,My neighbour beat me and threatened me.,sensitive,background,police,police_inaction,OFF-SC01,Resolved,2026-10-02,2026-10-02,1,yes
DEMO01832,2026-10-01,Central Zone,Uttar Pradesh,Agra,Dhanauli,text,hi,"कई दिनों से बिजली नहीं है, ट्रांसफार्मर जल गया है।",electricity,background,electricity,power_cut,OFF-ELE01,Resolved,2026-10-04,2026-10-03,2,yes
DEMO01833,2026-10-01,Central Zone,Uttar Pradesh,Baghpat,Chhaprauli,text,hinglish,"Aspatal mein doctor nahi hai, dawai bhi nahi mil rahi.",health,background,health,no_doctor_medicine,OFF-HEA01,Pending,2026-10-04,,,yes
DEMO01834,2026-10-01,Central Zone,Uttar Pradesh,Deoria,Gauri Bazar,text,hi,"मेरा काम नहीं हो रहा, कोई सुनता नहीं है।",unclear,background,electricity,transformer,OFF-ELE01,Resolved,2026-10-04,2026-10-03,2,yes
DEMO01835,2026-10-01,Central Zone,Uttar Pradesh,Etah,Marehra,text,hinglish,"Kai din se paani nahi aa raha, nal sukha hai.",water,background,water,no_supply,OFF-WAT01,Pending,2026-10-08,,,yes
DEMO01836,2026-10-01,Central Zone,Uttar Pradesh,Faizabad,Ayodhya,voice,hi,स्कूल में शिक्षक नियमित रूप से नहीं आते हैं।,education,background,education,teacher_absent,OFF-EDU01,Resolved,2026-10-16,2026-10-03,2,yes
DEMO01837,2026-10-01,Central Zone,Uttar Pradesh,Ghaziabad,Niwari,voice,hinglish,"Kai din se paani nahi aa raha, nal sukha hai.",water,background,water,no_supply,OFF-WAT01,Pending,2026-10-08,,,yes
DEMO01838,2026-10-01,Central Zone,Uttar Pradesh,Lalitpur,Mahroni,text,hi,सड़क पर बड़े गड्ढे हैं और चलना खतरनाक है।,roads,background,roads,potholes,OFF-ROA01,Resolved,2026-10-22,2026-10-03,2,yes
DEMO01839,2026-10-01,Central Zone,Uttar Pradesh,Muzaffarnagar,Banat,voice,hi,मेरी वृद्धावस्था पेंशन कई महीनों से नहीं मिली है।,pension,background,pension,pension_not_received,OFF-PEN01,Resolved,2026-10-16,2026-10-03,2,yes
DEMO01840,2026-10-01,Central Zone,Uttar Pradesh,Sant Ravidas Nagar,Khamaria,text,hinglish,Sadak pe bahut gaddhe hai.,roads,background,roads,potholes,OFF-ROA01,Pending,2026-10-22,,,yes
DEMO01841,2026-10-01,Central Zone,Uttarakhand,Rudraprayag,Kedarnath,text,hi,मेरी वृद्धावस्था पेंशन कई महीनों से नहीं मिली है।,pension,background,pension,pension_not_received,OFF-PEN01,Pending,2026-10-16,,,yes
DEMO01842,2026-10-01,Central Zone,Uttarakhand,Udham Singh Nagar,Nagla,text,hi,पड़ोसी ने मेरे साथ मारपीट की और धमकी दी।,sensitive,background,police,police_inaction,OFF-SC01,Pending,2026-10-02,,,yes
DEMO01843,2026-10-01,East Zone,West Bengal,Birbhum,Rampurhat,voice,bn,"অনেক দিন ধরে বিদ্যুৎ নেই, ট্রান্সফরমার পুড়ে গেছে।",electricity,background,electricity,power_cut,OFF-ELE01,Resolved,2026-10-04,2026-10-03,2,yes
DEMO01844,2026-10-01,East Zone,West Bengal,Hugli,Purba Tajpur,text,bn,"রাস্তায় বড় বড় গর্ত, চলাচল বিপজ্জনক।",roads,background,roads,potholes,OFF-ROA01,Pending,2026-10-22,,,yes
DEMO01845,2026-10-01,East Zone,West Bengal,Jalpaiguri,Chechakhata,voice,en,"There is no electricity for many days, the transformer is burnt.",electricity,background,electricity,power_cut,OFF-ELE01,Resolved,2026-10-04,2026-10-03,2,yes
DEMO01846,2026-10-01,East Zone,West Bengal,Medinipur,Chandrakona,text,bn,"Nobody is listening to us, please check.",unclear,background,ration,ration_card,OFF-RAT01,Pending,2026-10-08,,,yes
DEMO01847,2026-10-01,East Zone,West Bengal,Nadia,Darappur,voice,bn,"অনেক দিন ধরে বিদ্যুৎ নেই, ট্রান্সফরমার পুড়ে গেছে।",electricity,background,electricity,power_cut,OFF-ELE01,Resolved,2026-10-04,2026-10-03,2,yes
DEMO01848,2026-10-01,East Zone,West Bengal,North Twentyfour Parganas,Baduria,text,bn,"অনেক দিন ধরে বিদ্যুৎ নেই, ট্রান্সফরমার পুড়ে গেছে।",electricity,stable_electricity,electricity,power_cut,OFF-ELE01,Pending,2026-10-04,,,yes
DEMO01849,2026-10-01,East Zone,West Bengal,North Twentyfour Parganas,Dhanyakuria,text,bn,"অনেক দিন ধরে বিদ্যুৎ নেই, ট্রান্সফরমার পুড়ে গেছে।",electricity,stable_electricity,electricity,power_cut,OFF-ELE01,Pending,2026-10-04,,,yes
DEMO01850,2026-10-01,East Zone,West Bengal,South Twentyfour Parganas,Rajpur Sonarpur,text,en,Water is not coming in the tap for many days.,water,background,water,no_supply,OFF-WAT01,Pending,2026-10-08,,,yes
DEMO01851,2026-10-02,South Zone,Andhra Pradesh,East Godavari,Rajahmundry,text,en,"Nobody is listening to us, please check.",unclear,background,health,ambulance,OFF-HEA01,Resolved,2026-10-05,2026-10-03,1,yes
DEMO01852,2026-10-02,Northeast Zone,Arunachal Pradesh,Tirap,Deomali,voice,hi,मेरी वृद्धावस्था पेंशन कई महीनों से नहीं मिली है।,pension,background,pension,pension_not_received,OFF-PEN01,Pending,2026-10-17,,,yes
DEMO01853,2026-10-02,Northeast Zone,Assam,Bongaigaon,New Bongaigaon Rly. Colony,voice,as,"চিকিৎসালয়ত ডাক্তৰ নাই, ঔষধ পোৱা নাযায়।",health,background,health,no_doctor_medicine,OFF-HEA01,Resolved,2026-10-05,2026-10-03,1,yes
DEMO01854,2026-10-02,Northeast Zone,Assam,Darrang,Kharupatia,text,en,There is no doctor at the health centre and no medicine.,health,background,health,no_doctor_medicine,OFF-HEA01,Resolved,2026-10-05,2026-10-03,1,yes
DEMO01855,2026-10-02,East Zone,Bihar,Katihar,Manihari,voice,hinglish,The ration dealer asked for a bribe to give my quota.,sensitive,background,police,police_inaction,OFF-SC01,Resolved,2026-10-03,2026-10-03,1,yes
DEMO01856,2026-10-02,East Zone,Bihar,Khagaria,Khagaria,text,hi,स्वास्थ्य केंद्र में डॉक्टर नहीं है और दवाई नहीं मिलती।,health,background,health,no_doctor_medicine,OFF-HEA01,Pending,2026-10-05,,,yes
DEMO01857,2026-10-02,East Zone,Bihar,Kishanganj,Bahadurganj,text,hi,स्वास्थ्य केंद्र में डॉक्टर नहीं है और दवाई नहीं मिलती।,health,background,health,no_doctor_medicine,OFF-HEA01,Resolved,2026-10-05,2026-10-03,1,yes
DEMO01858,2026-10-02,Central Zone,Chhattisgarh,Bilaspur,Bilaspur,voice,cg,"अस्पताल म डाक्टर नइ हे, दवई घलो नइ मिलत।",health,cluster_health,health,no_doctor_medicine,OFF-HEA01,Pending,2026-10-05,,,yes
DEMO01859,2026-10-02,Central Zone,Chhattisgarh,Raipur,Baloda Bazar,text,hi,कई दिनों से नल में पानी नहीं आ रहा है।,water,spike_water,water,no_supply,OFF-WAT01,Resolved,2026-10-09,2026-10-03,1,yes
DEMO01860,2026-10-02,Central Zone,Chhattisgarh,Raipur,Bhanpuri,text,hi,कई दिनों से नल में पानी नहीं आ रहा है।,water,spike_water,water,no_supply,OFF-WAT01,Resolved,2026-10-09,2026-10-03,1,yes
DEMO01861,2026-10-02,Central Zone,Chhattisgarh,Raipur,Bhatapara,text,cg,"हमर गाँव के हैंडपंप खराब हवय, पीए बर पानी नइ हे।",water,spike_water,water,handpump,OFF-WAT01,Resolved,2026-10-09,2026-10-03,1,yes
DEMO01862,2026-10-02,Central Zone,Chhattisgarh,Raipur,Bhatgaon,text,cg,कतको दिन ले नल म पानी नइ आवत हे।,water,spike_water,water,no_supply,OFF-WAT01,Pending,2026-10-09,,,yes
DEMO01863,2026-10-02,Central Zone,Chhattisgarh,Raipur,Birgaon,text,hi,कई दिनों से नल में पानी नहीं आ रहा है।,water,spike_water,water,no_supply,OFF-WAT01,Pending,2026-10-09,,,yes
DEMO01864,2026-10-02,Central Zone,Chhattisgarh,Raipur,Gobranawapara,text,hi,कई दिनों से नल में पानी नहीं आ रहा है।,water,spike_water,water,no_supply,OFF-WAT01,Pending,2026-10-09,,,yes
DEMO01865,2026-10-02,Central Zone,Chhattisgarh,Raipur,Gogaon,text,hinglish,"Kai din se paani nahi aa raha, nal sukha hai.",water,spike_water,water,no_supply,OFF-WAT01,Resolved,2026-10-09,2026-10-03,1,yes
DEMO01866,2026-10-02,Central Zone,Chhattisgarh,Raipur,Gogaon,text,cg,"हमर गाँव के हैंडपंप खराब हवय, पीए बर पानी नइ हे।",water,spike_water,water,handpump,OFF-WAT01,Pending,2026-10-09,,,yes
DEMO01867,2026-10-02,Central Zone,Chhattisgarh,Raipur,Raipur,text,hi,हमारे गाँव का हैंडपंप खराब है और पीने का पानी नहीं है।,water,spike_water,water,handpump,OFF-WAT01,Resolved,2026-10-09,2026-10-03,1,yes
DEMO01868,2026-10-02,Central Zone,Chhattisgarh,Raipur,Raipur,text,hinglish,"Kai din se paani nahi aa raha, nal sukha hai.",water,spike_water,water,no_supply,OFF-WAT01,Pending,2026-10-09,,,yes
DEMO01869,2026-10-02,Central Zone,Chhattisgarh,Raipur,Simga,text,cg,"हमर गाँव के हैंडपंप खराब हवय, पीए बर पानी नइ हे।",water,spike_water,water,handpump,OFF-WAT01,Pending,2026-10-09,,,yes
DEMO01870,2026-10-02,Central Zone,Chhattisgarh,Raipur,Urla,text,cg,कतको दिन ले नल म पानी नइ आवत हे।,water,spike_water,water,no_supply,OFF-WAT01,Resolved,2026-10-09,2026-10-03,1,yes
DEMO01871,2026-10-02,Central Zone,Chhattisgarh,Raipur,Urla,text,hi,कई दिनों से नल में पानी नहीं आ रहा है।,water,spike_water,water,no_supply,OFF-WAT01,Resolved,2026-10-09,2026-10-03,1,yes
DEMO01872,2026-10-02,Central Zone,Chhattisgarh,Rajnandgaon,Khairagarh,voice,cg,मोर वृद्धावस्था पेंशन कतको महीना ले नइ मिले हे।,pension,background,pension,pension_not_received,OFF-PEN01,Resolved,2026-10-17,2026-10-03,1,yes
DEMO01873,2026-10-02,West Zone,Dadra and Nagar Haveli and Daman and Diu,Diu,Diu,text,gu,મારું વૃદ્ધ પેન્શન ઘણા મહિનાથી મળ્યું નથી.,pension,background,pension,pension_not_received,OFF-PEN01,Pending,2026-10-17,,,yes
DEMO01874,2026-10-02,West Zone,Dadra and Nagar Haveli and Daman and Diu,Diu,Diu,text,gu,મારું વૃદ્ધ પેન્શન ઘણા મહિનાથી મળ્યું નથી.,pension,background,pension,pension_not_received,OFF-PEN01,Pending,2026-10-17,,,yes
DEMO01875,2026-10-02,North Zone,Delhi,South West,Kapas Hera,text,hi,मेरी वृद्धावस्था पेंशन कई महीनों से नहीं मिली है।,pension,background,pension,pension_not_received,OFF-PEN01,Pending,2026-10-17,,,yes
DEMO01876,2026-10-02,North Zone,Delhi,South West,Roshan Pura alias Dichaon Khurd,voice,hi,स्वास्थ्य केंद्र में डॉक्टर नहीं है और दवाई नहीं मिलती।,health,background,health,no_doctor_medicine,OFF-HEA01,Resolved,2026-10-05,2026-10-03,1,yes
DEMO01877,2026-10-02,West Zone,Gujarat,Anand,Karamsad,text,en,The teacher does not come to the school regularly.,education,background,education,teacher_absent,OFF-EDU01,Pending,2026-10-17,,,yes
DEMO01878,2026-10-02,West Zone,Gujarat,Anand,Petlad,text,gu,શાળામાં શિક્ષક નિયમિત આવતા નથી.,education,background,education,teacher_absent,OFF-EDU01,Pending,2026-10-17,,,yes
DEMO01879,2026-10-02,West Zone,Gujarat,Kheda,Mahemdavad,text,gu,દવાખાનામાં ડોક્ટર નથી અને દવા મળતી નથી.,health,background,health,no_doctor_medicine,OFF-HEA01,Pending,2026-10-05,,,yes
DEMO01880,2026-10-02,West Zone,Gujarat,Valsad,Chala,voice,gu,દવાખાનામાં ડોક્ટર નથી અને દવા મળતી નથી.,health,background,health,no_doctor_medicine,OFF-HEA01,Pending,2026-10-05,,,yes
DEMO01881,2026-10-02,North Zone,Himachal Pradesh,Solan,Parwanoo,text,hi,स्कूल में शिक्षक नियमित रूप से नहीं आते हैं।,education,background,education,teacher_absent,OFF-EDU01,Pending,2026-10-17,,,yes
DEMO01882,2026-10-02,North Zone,Jammu & Kashmir,Udhampur,Chenani,voice,ur,کئی دنوں سے بجلی نہیں ہے، ٹرانسفارمر جل گیا ہے۔,electricity,background,electricity,power_cut,OFF-ELE01,Resolved,2026-10-05,2026-10-03,1,yes
DEMO01883,2026-10-02,East Zone,Jharkhand,Dhanbad,Bhagatdih,text,hi,स्वास्थ्य केंद्र में डॉक्टर नहीं है और दवाई नहीं मिलती।,health,background,health,no_doctor_medicine,OFF-HEA01,Pending,2026-10-05,,,yes
DEMO01884,2026-10-02,South Zone,Karnataka,Bangalore,Hunasamaranahalli,text,hinglish,"Bijli nahi hai kai din se, transformer kharab hai.",electricity,background,electricity,transformer,OFF-ELE01,Pending,2026-10-05,,,yes
DEMO01885,2026-10-02,South Zone,Karnataka,Bellary,Donimalai Township,text,en,The teacher does not come to the school regularly.,education,background,education,teacher_absent,OFF-EDU01,Resolved,2026-10-17,2026-10-03,1,yes
DEMO01886,2026-10-02,South Zone,Karnataka,Bellary,Kotturu,text,kn,ಶಾಲೆಗೆ ಶಿಕ್ಷಕರು ನಿಯಮಿತವಾಗಿ ಬರುತ್ತಿಲ್ಲ.,education,background,education,teacher_absent,OFF-EDU01,Pending,2026-10-17,,,yes
DEMO01887,2026-10-02,South Zone,Karnataka,Kodagu,Gonikoppal,text,kn,ಹಲವು ದಿನಗಳಿಂದ ನಲ್ಲಿಯಲ್ಲಿ ನೀರು ಬರುತ್ತಿಲ್ಲ.,water,background,water,no_supply,OFF-WAT01,Resolved,2026-10-09,2026-10-03,1,yes
DEMO01888,2026-10-02,South Zone,Kerala,Ernakulam,Thiruvankulam,text,ml,റോഡ് മുഴുവൻ വലിയ കുഴികൾ ആണ്.,roads,small_roads,roads,potholes,OFF-ROA01,Resolved,2026-10-23,2026-10-03,1,yes
DEMO01889,2026-10-02,South Zone,Lakshadweep,Lakshadweep,Amini,text,ml,"പല ദിവസങ്ങളായി വൈദ്യുതി ഇല്ല, ട്രാൻസ്ഫോർമർ കേടായി.",electricity,background,electricity,power_cut,OFF-ELE01,Pending,2026-10-05,,,yes
DEMO01890,2026-10-02,Central Zone,Madhya Pradesh,Bhind,Phuphkalan,text,hi,स्कूल में शिक्षक नियमित रूप से नहीं आते हैं।,education,background,education,teacher_absent,OFF-EDU01,Pending,2026-10-17,,,yes
DEMO01891,2026-10-02,Central Zone,Madhya Pradesh,Satna,Chitrakoot,text,en,The handpump in our village is broken and there is no drinking water.,water,background,water,handpump,OFF-WAT01,Resolved,2026-10-09,2026-10-03,1,yes
DEMO01892,2026-10-02,Central Zone,Madhya Pradesh,Tikamgarh,Jeron Khalsa,voice,hi,राशन दुकान वाला मेरे राशन कार्ड पर चावल नहीं दे रहा है।,ration,background,ration,ration_not_given,OFF-RAT01,Resolved,2026-10-09,2026-10-03,1,yes
DEMO01893,2026-10-02,Central Zone,Madhya Pradesh,Ujjain,Ujjain,voice,hi,स्वास्थ्य केंद्र में डॉक्टर नहीं है और दवाई नहीं मिलती।,health,background,health,no_doctor_medicine,OFF-HEA01,Pending,2026-10-05,,,yes
DEMO01894,2026-10-02,Central Zone,Madhya Pradesh,West Nimar,Maheshwar,voice,hi,"मेरा काम नहीं हो रहा, कोई सुनता नहीं है।",unclear,background,health,ambulance,OFF-HEA01,Resolved,2026-10-05,2026-10-03,1,yes
DEMO01895,2026-10-02,West Zone,Maharashtra,Nandurbar,Shahade,text,mr,"अनेक दिवसांपासून वीज नाही, ट्रान्सफॉर्मर जळाला आहे.",electricity,background,electricity,power_cut,OFF-ELE01,Resolved,2026-10-05,2026-10-03,1,yes
DEMO01896,2026-10-02,West Zone,Maharashtra,Thane,Shelar,text,en,The handpump in our village is broken and there is no drinking water.,water,background,water,handpump,OFF-WAT01,Resolved,2026-10-09,2026-10-03,1,yes
DEMO01897,2026-10-02,Northeast Zone,Manipur,Bishnupur,Kwakta,text,hi,कई दिनों से नल में पानी नहीं आ रहा है।,water,background,water,no_supply,OFF-WAT01,Pending,2026-10-09,,,yes
DEMO01898,2026-10-02,Northeast Zone,Manipur,Thoubal,Heriok,text,en,My neighbour beat me and threatened me.,sensitive,background,police,police_inaction,OFF-SC01,Resolved,2026-10-03,2026-10-03,1,yes
DEMO01899,2026-10-02,Northeast Zone,Meghalaya,South Garo Hills,Baghmara,text,en,"There is no electricity for many days, the transformer is burnt.",electricity,background,electricity,power_cut,OFF-ELE01,Resolved,2026-10-05,2026-10-03,1,yes
DEMO01900,2026-10-02,Northeast Zone,Meghalaya,West Khasi Hills,Mairang,text,en,Water is not coming in the tap for many days.,water,background,water,no_supply,OFF-WAT01,Pending,2026-10-09,,,yes
DEMO01901,2026-10-02,Northeast Zone,Nagaland,Zunheboto,Zunheboto,text,en,My old age pension has not been received for months.,pension,background,pension,pension_not_received,OFF-PEN01,Resolved,2026-10-17,2026-10-03,1,yes
DEMO01902,2026-10-02,East Zone,Odisha,Sonapur,Binika,text,or,"ଡାକ୍ତରଖାନାରେ ଡାକ୍ତର ନାହାନ୍ତି, ଔଷଧ ମିଳୁନାହିଁ।",health,background,health,no_doctor_medicine,OFF-HEA01,Pending,2026-10-05,,,yes
DEMO01903,2026-10-02,North Zone,Punjab,Faridkot,Jaitu,voice,pa,"ਸੜਕ ਵਿੱਚ ਵੱਡੇ ਟੋਏ ਹਨ, ਚੱਲਣਾ ਖ਼ਤਰਨਾਕ ਹੈ।",roads,background,roads,potholes,OFF-ROA01,Pending,2026-10-23,,,yes
DEMO01904,2026-10-02,North Zone,Punjab,Firozpur,Makhu,text,pa,ਰਾਸ਼ਨ ਡਿਪੂ ਵਾਲਾ ਮੈਨੂੰ ਕਣਕ ਨਹੀਂ ਦੇ ਰਿਹਾ।,ration,background,ration,ration_not_given,OFF-RAT01,Pending,2026-10-09,,,yes
DEMO01905,2026-10-02,North Zone,Punjab,Jalandhar,Jalandhar Cantt.,text,pa,ਰਾਸ਼ਨ ਡਿਪੂ ਵਾਲਾ ਮੈਨੂੰ ਕਣਕ ਨਹੀਂ ਦੇ ਰਿਹਾ।,ration,background,ration,ration_not_given,OFF-RAT01,Pending,2026-10-09,,,yes
DEMO01906,2026-10-02,North Zone,Punjab,Jalandhar,Phillaur,text,pa,ਮੇਰੀ ਬੁਢਾਪਾ ਪੈਨਸ਼ਨ ਕਈ ਮਹੀਨਿਆਂ ਤੋਂ ਨਹੀਂ ਆਈ।,pension,background,pension,pension_not_received,OFF-PEN01,Pending,2026-10-17,,,yes
DEMO01907,2026-10-02,North Zone,Punjab,Patiala,Pattran,text,pa,ਮੇਰੀ ਬੁਢਾਪਾ ਪੈਨਸ਼ਨ ਕਈ ਮਹੀਨਿਆਂ ਤੋਂ ਨਹੀਂ ਆਈ।,pension,background,pension,pension_not_received,OFF-PEN01,Pending,2026-10-17,,,yes
DEMO01908,2026-10-02,South Zone,Tamil Nadu,Dharmapuri,Pappireddipatti,text,ta,"மருத்துவமனையில் மருத்துவர் இல்லை, மருந்தும் கிடைக்கவில்லை.",health,background,health,no_doctor_medicine,OFF-HEA01,Pending,2026-10-05,,,yes
DEMO01909,2026-10-02,South Zone,Tamil Nadu,Dindigul,Nilakkottai,voice,ta,எனது முதியோர் ஓய்வூதியம் பல மாதங்களாக வரவில்லை.,pension,background,pension,pension_not_received,OFF-PEN01,Resolved,2026-10-17,2026-10-03,1,yes
DEMO01910,2026-10-02,South Zone,Tamil Nadu,Salem,Tharamangalam,voice,ta,ரேஷன் கடையில் என் குடும்ப அட்டைக்கு அரிசி கொடுக்கவில்லை.,ration,background,ration,ration_not_given,OFF-RAT01,Resolved,2026-10-09,2026-10-03,1,yes
DEMO01911,2026-10-02,South Zone,Tamil Nadu,Thiruvallur,Thirumazhisai,text,ta,"பல நாட்களாக மின்சாரம் இல்லை, மின்மாற்றி எரிந்துவிட்டது.",electricity,background,electricity,power_cut,OFF-ELE01,Pending,2026-10-05,,,yes
DEMO01912,2026-10-02,South Zone,Tamil Nadu,Tiruchirappalli,Palaganangudy,text,ta,"பல நாட்களாக மின்சாரம் இல்லை, மின்மாற்றி எரிந்துவிட்டது.",electricity,background,electricity,power_cut,OFF-ELE01,Resolved,2026-10-05,2026-10-03,1,yes
DEMO01913,2026-10-02,Central Zone,Uttar Pradesh,Agra,Dayalbagh,voice,hi,सड़क पर बड़े गड्ढे हैं और चलना खतरनाक है।,roads,background,roads,potholes,OFF-ROA01,Pending,2026-10-23,,,yes
DEMO01914,2026-10-02,Central Zone,Uttar Pradesh,Auraiya,Dibiyapur,text,hi,"मेरा काम नहीं हो रहा, कोई सुनता नहीं है।",unclear,background,health,ambulance,OFF-HEA01,Pending,2026-10-05,,,yes
DEMO01915,2026-10-02,Central Zone,Uttar Pradesh,Mirzapur,Bharuhana,text,hi,राशन दुकान वाला मेरे राशन कार्ड पर चावल नहीं दे रहा है।,ration,background,ration,ration_not_given,OFF-RAT01,Pending,2026-10-09,,,yes
DEMO01916,2026-10-02,Central Zone,Uttarakhand,Hardwar,Hardwar,text,hinglish,"Aspatal mein doctor nahi hai, dawai bhi nahi mil rahi.",health,background,health,no_doctor_medicine,OFF-HEA01,Resolved,2026-10-05,2026-10-03,1,yes
DEMO01917,2026-10-02,Central Zone,Uttarakhand,Udham Singh Nagar,Sultanpur,text,hi,सड़क पर बड़े गड्ढे हैं और चलना खतरनाक है।,roads,background,roads,potholes,OFF-ROA01,Resolved,2026-10-23,2026-10-03,1,yes
DEMO01918,2026-10-02,East Zone,West Bengal,Puruliya,Adra,text,en,My old age pension has not been received for months.,pension,background,pension,pension_not_received,OFF-PEN01,Resolved,2026-10-17,2026-10-03,1,yes
DEMO01919,2026-10-02,East Zone,West Bengal,South Twentyfour Parganas,Bilandapur,voice,bn,আমার বার্ধক্য ভাতা কয়েক মাস ধরে পাইনি।,pension,background,pension,pension_not_received,OFF-PEN01,Pending,2026-10-17,,,yes
DEMO01920,2026-10-03,Northeast Zone,Arunachal Pradesh,Tawang,Tawang,text,hi,स्वास्थ्य केंद्र में डॉक्टर नहीं है और दवाई नहीं मिलती।,health,background,health,no_doctor_medicine,OFF-HEA01,Resolved,2026-10-06,2026-10-04,1,yes
DEMO01921,2026-10-03,Northeast Zone,Assam,Bongaigaon,Bongaigaon,voice,as,বিদ্যালয়ত শিক্ষক নিয়মীয়াকৈ নাহে।,education,background,education,teacher_absent,OFF-EDU01,Pending,2026-10-18,,,yes
DEMO01922,2026-10-03,Northeast Zone,Assam,Dhubri,Bilasipara,text,as,বিদ্যালয়ত শিক্ষক নিয়মীয়াকৈ নাহে।,education,background,education,teacher_absent,OFF-EDU01,Resolved,2026-10-18,2026-10-04,1,yes
DEMO01923,2026-10-03,Northeast Zone,Assam,Sonitpur,Tezpur,text,hi,राशन दुकान वाले ने रिश्वत मांगी।,sensitive,background,police,police_inaction,OFF-SC01,Pending,2026-10-04,,,yes
DEMO01924,2026-10-03,East Zone,Bihar,Muzaffarpur,Kanti,voice,hi,राशन दुकान वाला मेरे राशन कार्ड पर चावल नहीं दे रहा है।,ration,background,ration,ration_not_given,OFF-RAT01,Resolved,2026-10-10,2026-10-04,1,yes
DEMO01925,2026-10-03,East Zone,Bihar,Pashchim Champaran,Bagaha,voice,hi,सड़क पर बड़े गड्ढे हैं और चलना खतरनाक है।,roads,background,roads,potholes,OFF-ROA01,Pending,2026-10-24,,,yes
DEMO01926,2026-10-03,East Zone,Bihar,Purba Champaran,Sugauli,text,hi,पड़ोसी ने मेरे साथ मारपीट की और धमकी दी।,sensitive,background,police,police_inaction,OFF-SC01,Resolved,2026-10-04,2026-10-04,1,yes
DEMO01927,2026-10-03,Central Zone,Chhattisgarh,Bilaspur,Deori,text,cg,"अस्पताल म डाक्टर नइ हे, दवई घलो नइ मिलत।",health,cluster_health,health,no_doctor_medicine,OFF-HEA01,Pending,2026-10-06,,,yes
DEMO01928,2026-10-03,Central Zone,Chhattisgarh,Bilaspur,Deori,text,cg,"अस्पताल म डाक्टर नइ हे, दवई घलो नइ मिलत।",health,cluster_health,health,no_doctor_medicine,OFF-HEA01,Pending,2026-10-06,,,yes
DEMO01929,2026-10-03,Central Zone,Chhattisgarh,Bilaspur,Lormi,text,cg,"अस्पताल म डाक्टर नइ हे, दवई घलो नइ मिलत।",health,cluster_health,health,no_doctor_medicine,OFF-HEA01,Pending,2026-10-06,,,yes
DEMO01930,2026-10-03,Central Zone,Chhattisgarh,Raipur,Bhatapara,text,cg,"हमर गाँव के हैंडपंप खराब हवय, पीए बर पानी नइ हे।",water,spike_water,water,handpump,OFF-WAT01,Pending,2026-10-10,,,yes
DEMO01931,2026-10-03,Central Zone,Chhattisgarh,Raipur,Birgaon,text,cg,"हमर गाँव के हैंडपंप खराब हवय, पीए बर पानी नइ हे।",water,spike_water,water,handpump,OFF-WAT01,Resolved,2026-10-10,2026-10-04,1,yes
DEMO01932,2026-10-03,Central Zone,Chhattisgarh,Raipur,Gogaon,text,hinglish,"Kai din se paani nahi aa raha, nal sukha hai.",water,spike_water,water,no_supply,OFF-WAT01,Pending,2026-10-10,,,yes
DEMO01933,2026-10-03,Central Zone,Chhattisgarh,Raipur,Raipur,voice,cg,कतको दिन ले नल म पानी नइ आवत हे।,water,spike_water,water,no_supply,OFF-WAT01,Pending,2026-10-10,,,yes
DEMO01934,2026-10-03,West Zone,Dadra and Nagar Haveli and Daman and Diu,Daman,Daman,voice,gu,"Nobody is listening to us, please check.",unclear,background,education,midday_meal,OFF-EDU01,Pending,2026-10-18,,,yes
DEMO01935,2026-10-03,West Zone,Goa,North Goa,Parcem,voice,mr,रुग्णालयात डॉक्टर नाहीत आणि औषध मिळत नाही.,health,background,health,no_doctor_medicine,OFF-HEA01,Pending,2026-10-06,,,yes
DEMO01936,2026-10-03,West Zone,Goa,North Goa,Socorro (Serula),text,mr,रेशन दुकानदार माझ्या रेशन कार्डवर तांदूळ देत नाही.,ration,background,ration,ration_not_given,OFF-RAT01,Pending,2026-10-10,,,yes
DEMO01937,2026-10-03,West Zone,Gujarat,Sabar Kantha,Malpur,voice,gu,શાળામાં શિક્ષક નિયમિત આવતા નથી.,education,background,education,teacher_absent,OFF-EDU01,Pending,2026-10-18,,,yes
DEMO01938,2026-10-03,North Zone,Haryana,Fatehabad,Jakhal Mandi,text,hi,राशन दुकान वाला मेरे राशन कार्ड पर चावल नहीं दे रहा है।,ration,background,ration,ration_not_given,OFF-RAT01,Resolved,2026-10-10,2026-10-04,1,yes
DEMO01939,2026-10-03,North Zone,Himachal Pradesh,Shimla,Shimla,text,hi,राशन दुकान वाला मेरे राशन कार्ड पर चावल नहीं दे रहा है।,ration,background,ration,ration_not_given,OFF-RAT01,Resolved,2026-10-10,2026-10-04,1,yes
DEMO01940,2026-10-03,North Zone,Jammu & Kashmir,Udhampur,Kud,text,ur,ہسپتال میں ڈاکٹر نہیں ہے اور دوائی نہیں ملتی۔,health,background,health,no_doctor_medicine,OFF-HEA01,Pending,2026-10-06,,,yes
DEMO01941,2026-10-03,East Zone,Jharkhand,Bokaro,Bokaro Steel City,text,hi,मेरी वृद्धावस्था पेंशन कई महीनों से नहीं मिली है।,pension,background,pension,pension_not_received,OFF-PEN01,Resolved,2026-10-18,2026-10-04,1,yes
DEMO01942,2026-10-03,East Zone,Jharkhand,Dhanbad,Bhowrah,text,hi,"कई दिनों से बिजली नहीं है, ट्रांसफार्मर जल गया है।",electricity,background,electricity,power_cut,OFF-ELE01,Pending,2026-10-06,,,yes
DEMO01943,2026-10-03,East Zone,Jharkhand,Pakaur,Pakaur,text,hi,राशन दुकान वाला मेरे राशन कार्ड पर चावल नहीं दे रहा है।,ration,background,ration,ration_not_given,OFF-RAT01,Pending,2026-10-10,,,yes
DEMO01944,2026-10-03,East Zone,Jharkhand,Pashchimi Singhbhum,Chakradharpur,text,hi,मेरी वृद्धावस्था पेंशन कई महीनों से नहीं मिली है।,pension,background,pension,pension_not_received,OFF-PEN01,Resolved,2026-10-18,2026-10-04,1,yes
DEMO01945,2026-10-03,East Zone,Jharkhand,Purbi Singhbhum,Sarjamda,voice,hi,स्कूल में शिक्षक नियमित रूप से नहीं आते हैं।,education,background,education,teacher_absent,OFF-EDU01,Resolved,2026-10-18,2026-10-04,1,yes
DEMO01946,2026-10-03,South Zone,Karnataka,Chamarajanagar,Gundlupet,voice,kn,ಶಾಲೆಗೆ ಶಿಕ್ಷಕರು ನಿಯಮಿತವಾಗಿ ಬರುತ್ತಿಲ್ಲ.,education,background,education,teacher_absent,OFF-EDU01,Pending,2026-10-18,,,yes
DEMO01947,2026-10-03,South Zone,Karnataka,Koppal,Koppal,text,kn,"ಆಸ್ಪತ್ರೆಯಲ್ಲಿ ವೈದ್ಯರಿಲ್ಲ, ಔಷಧ ಸಿಗುತ್ತಿಲ್ಲ.",health,background,health,no_doctor_medicine,OFF-HEA01,Pending,2026-10-06,,,yes
DEMO01948,2026-10-03,South Zone,Kerala,Ernakulam,Angamaly,text,ml,റോഡ് മുഴുവൻ വലിയ കുഴികൾ ആണ്.,roads,small_roads,roads,potholes,OFF-ROA01,Resolved,2026-10-24,2026-10-04,1,yes
DEMO01949,2026-10-03,South Zone,Kerala,Ernakulam,Chendamangalam,voice,ml,"ഞങ്ങളുടെ ഗ്രാമത്തിലെ പൈപ്പ് കേടായി, കുടിവെള്ളം ഇല്ല.",water,background,water,handpump,OFF-WAT01,Pending,2026-10-10,,,yes
DEMO01950,2026-10-03,South Zone,Kerala,Kollam,Punalur,text,ml,സ്കൂൾ അധ്യാപകർ കൃത്യമായി ക്ലാസിൽ വരുന്നില്ല.,education,background,education,teacher_absent,OFF-EDU01,Pending,2026-10-18,,,yes
DEMO01951,2026-10-03,Central Zone,Madhya Pradesh,Chhatarpur,Harpalpur,text,hinglish,Ration dukan wala chawal nahi de raha.,ration,background,ration,ration_not_given,OFF-RAT01,Pending,2026-10-10,,,yes
DEMO01952,2026-10-03,Central Zone,Madhya Pradesh,Damoh,Tendu Kheda,text,hi,मेरी वृद्धावस्था पेंशन कई महीनों से नहीं मिली है।,pension,background,pension,pension_not_received,OFF-PEN01,Pending,2026-10-18,,,yes
DEMO01953,2026-10-03,Central Zone,Madhya Pradesh,Morena,Ambah,text,hinglish,School mein teacher nahi aate.,education,background,education,teacher_absent,OFF-EDU01,Resolved,2026-10-18,2026-10-04,1,yes
DEMO01954,2026-10-03,Central Zone,Madhya Pradesh,Shivpuri,Badarwas,text,hi,पड़ोसी ने मेरे साथ मारपीट की और धमकी दी।,sensitive,background,police,police_inaction,OFF-SC01,Resolved,2026-10-04,2026-10-04,1,yes
DEMO01955,2026-10-03,West Zone,Maharashtra,Akola,Telhara,text,en,Water is not coming in the tap for many days.,water,background,water,no_supply,OFF-WAT01,Pending,2026-10-10,,,yes
DEMO01956,2026-10-03,West Zone,Maharashtra,Kolhapur,Gadhinglaj,text,mr,"Nobody is listening to us, please check.",unclear,background,ration,ration_card,OFF-RAT01,Pending,2026-10-10,,,yes
DEMO01957,2026-10-03,West Zone,Maharashtra,Osmanabad,Paranda,voice,mr,रुग्णालयात डॉक्टर नाहीत आणि औषध मिळत नाही.,health,background,health,no_doctor_medicine,OFF-HEA01,Resolved,2026-10-06,2026-10-04,1,yes
DEMO01958,2026-10-03,West Zone,Maharashtra,Thane,Nala Sopara,voice,mr,"Nobody is listening to us, please check.",unclear,background,electricity,transformer,OFF-ELE01,Resolved,2026-10-06,2026-10-04,1,yes
DEMO01959,2026-10-03,Northeast Zone,Nagaland,Tuensang,Tuensang,text,en,The road has big potholes and is unsafe.,roads,background,roads,potholes,OFF-ROA01,Resolved,2026-10-24,2026-10-04,1,yes
DEMO01960,2026-10-03,East Zone,Odisha,Bhadrak,Dhamanagar,text,or,ଅନେକ ଦିନ ହେଲା ଟ୍ୟୁବୱେଲରୁ ପାଣି ଆସୁନାହିଁ।,water,background,water,no_supply,OFF-WAT01,Pending,2026-10-10,,,yes
DEMO01961,2026-10-03,East Zone,Odisha,Kalahandi,Kesinga,text,or,My neighbour beat me and threatened me.,sensitive,background,police,police_inaction,OFF-SC01,Resolved,2026-10-04,2026-10-04,1,yes
DEMO01962,2026-10-03,East Zone,Odisha,Sambalpur,Burla,voice,hi,स्कूल में शिक्षक नियमित रूप से नहीं आते हैं।,education,background,education,teacher_absent,OFF-EDU01,Pending,2026-10-18,,,yes
DEMO01963,2026-10-03,North Zone,Punjab,Fatehgarh Sahib,Sirhind -Fategarh,text,hinglish,Meri vridha pension kai mahine se band hai.,pension,background,pension,pension_not_received,OFF-PEN01,Pending,2026-10-18,,,yes
DEMO01964,2026-10-03,North Zone,Punjab,Rupnagar,Morinda,text,pa,ਹਸਪਤਾਲ ਵਿੱਚ ਡਾਕਟਰ ਨਹੀਂ ਹੈ ਅਤੇ ਦਵਾਈ ਨਹੀਂ ਮਿਲਦੀ।,health,background,health,no_doctor_medicine,OFF-HEA01,Resolved,2026-10-06,2026-10-04,1,yes
DEMO01965,2026-10-03,North Zone,Rajasthan,Bhilwara,Gulabpura,text,hi,सड़क पर बड़े गड्ढे हैं और चलना खतरनाक है।,roads,background,roads,potholes,OFF-ROA01,Pending,2026-10-24,,,yes
DEMO01966,2026-10-03,North Zone,Rajasthan,Dungarpur,Galiakot,text,hi,राशन दुकान वाले ने रिश्वत मांगी।,sensitive,background,police,police_inaction,OFF-SC01,Resolved,2026-10-04,2026-10-04,1,yes
DEMO01967,2026-10-03,North Zone,Rajasthan,Ganganagar,Padampur,text,hinglish,Ration dukan wala chawal nahi de raha.,ration,background,ration,ration_not_given,OFF-RAT01,Resolved,2026-10-10,2026-10-04,1,yes
DEMO01968,2026-10-03,North Zone,Rajasthan,Jaisalmer,Pokaran,voice,hi,मेरी वृद्धावस्था पेंशन कई महीनों से नहीं मिली है।,pension,background,pension,pension_not_received,OFF-PEN01,Resolved,2026-10-18,2026-10-04,1,yes
DEMO01969,2026-10-03,South Zone,Tamil Nadu,Erode,Perundurai,text,en,The teacher does not come to the school regularly.,education,background,education,teacher_absent,OFF-EDU01,Pending,2026-10-18,,,yes
DEMO01970,2026-10-03,South Zone,Tamil Nadu,Perambalur,Poolambadi,text,ta,"சாலையில் பெரிய குழிகள் உள்ளன, பயணம் ஆபத்தானது.",roads,background,roads,potholes,OFF-ROA01,Resolved,2026-10-24,2026-10-04,1,yes
DEMO01971,2026-10-03,South Zone,Tamil Nadu,Pudukkottai,Annavasal,text,hinglish,Ration dukan wala chawal nahi de raha.,ration,background,ration,ration_not_given,OFF-RAT01,Pending,2026-10-10,,,yes
DEMO01972,2026-10-03,South Zone,Tamil Nadu,Thanjavur,Thiruppanandal,text,ta,"பல நாட்களாக மின்சாரம் இல்லை, மின்மாற்றி எரிந்துவிட்டது.",electricity,background,electricity,power_cut,OFF-ELE01,Resolved,2026-10-06,2026-10-04,1,yes
DEMO01973,2026-10-03,South Zone,Tamil Nadu,The Nilgiris,Sholur,text,ta,"பல நாட்களாக மின்சாரம் இல்லை, மின்மாற்றி எரிந்துவிட்டது.",electricity,background,electricity,power_cut,OFF-ELE01,Pending,2026-10-06,,,yes
DEMO01974,2026-10-03,South Zone,Tamil Nadu,Theni,Vadugapatti,text,ta,ரேஷன் கடையில் என் குடும்ப அட்டைக்கு அரிசி கொடுக்கவில்லை.,ration,background,ration,ration_not_given,OFF-RAT01,Pending,2026-10-10,,,yes
DEMO01975,2026-10-03,South Zone,Tamil Nadu,Thiruvarur,Nannilam,text,ta,"பல நாட்களாக மின்சாரம் இல்லை, மின்மாற்றி எரிந்துவிட்டது.",electricity,background,electricity,power_cut,OFF-ELE01,Pending,2026-10-06,,,yes
DEMO01976,2026-10-03,South Zone,Tamil Nadu,Tiruvanamalai,Arani,voice,ta,"எங்கள் கிராமத்தில் அடிகுழாய் பழுதாகிவிட்டது, குடிநீர் இல்லை.",water,background,water,handpump,OFF-WAT01,Pending,2026-10-10,,,yes
DEMO01977,2026-10-03,South Zone,Tamil Nadu,Toothukudi,Athur,text,ta,ரேஷன் கடையில் என் குடும்ப அட்டைக்கு அரிசி கொடுக்கவில்லை.,ration,background,ration,ration_not_given,OFF-RAT01,Pending,2026-10-10,,,yes
DEMO01978,2026-10-03,South Zone,Tamil Nadu,Toothukudi,Kayalpattinam,text,ta,பல நாட்களாக குழாயில் தண்ணீர் வரவில்லை.,water,background,water,no_supply,OFF-WAT01,Resolved,2026-10-10,2026-10-04,1,yes
DEMO01979,2026-10-03,South Zone,Telangana,Mahbubnagar,Narayanpet,text,te,"మా గ్రామంలో చేతిపంపు పాడైంది, మంచినీరు లేదు.",water,background,water,handpump,OFF-WAT01,Pending,2026-10-10,,,yes
DEMO01980,2026-10-03,South Zone,Telangana,Nalgonda,Choutuppal,text,te,రేషన్ డీలర్ నా కార్డుపై బియ్యం ఇవ్వడం లేదు.,ration,background,ration,ration_not_given,OFF-RAT01,Pending,2026-10-10,,,yes
DEMO01981,2026-10-03,Central Zone,Uttar Pradesh,Auraiya,Atasu,text,hinglish,Ration dukan wala chawal nahi de raha.,ration,background,ration,ration_not_given,OFF-RAT01,Pending,2026-10-10,,,yes
DEMO01982,2026-10-03,Central Zone,Uttar Pradesh,Balrampur,Pachperwa,text,en,Water is not coming in the tap for many days.,water,background,water,no_supply,OFF-WAT01,Pending,2026-10-10,,,yes
DEMO01983,2026-10-03,Central Zone,Uttar Pradesh,Bulandshahr,Siana,text,hi,"मेरा काम नहीं हो रहा, कोई सुनता नहीं है।",unclear,background,roads,bridge,OFF-ROA01,Pending,2026-10-24,,,yes
DEMO01984,2026-10-03,Central Zone,Uttar Pradesh,Fatehpur,Kishunpur,text,hi,"कई दिनों से बिजली नहीं है, ट्रांसफार्मर जल गया है।",electricity,background,electricity,power_cut,OFF-ELE01,Pending,2026-10-06,,,yes
DEMO01985,2026-10-03,Central Zone,Uttar Pradesh,Rampur,Suar,text,hi,स्वास्थ्य केंद्र में डॉक्टर नहीं है और दवाई नहीं मिलती।,health,background,health,no_doctor_medicine,OFF-HEA01,Resolved,2026-10-06,2026-10-04,1,yes
DEMO01986,2026-10-03,Central Zone,Uttarakhand,Dehradun,Dehradun,text,hi,स्कूल में शिक्षक नियमित रूप से नहीं आते हैं।,education,background,education,teacher_absent,OFF-EDU01,Resolved,2026-10-18,2026-10-04,1,yes
DEMO01987,2026-10-03,Central Zone,Uttarakhand,Garhwal,Kashirampur,text,hinglish,"Kai din se paani nahi aa raha, nal sukha hai.",water,background,water,no_supply,OFF-WAT01,Pending,2026-10-10,,,yes
DEMO01988,2026-10-03,Central Zone,Uttarakhand,Pithoragarh,Didihat,text,hi,स्वास्थ्य केंद्र में डॉक्टर नहीं है और दवाई नहीं मिलती।,health,background,health,no_doctor_medicine,OFF-HEA01,Pending,2026-10-06,,,yes
DEMO01989,2026-10-03,Central Zone,Uttarakhand,Tehri Garhwal & Garhwal,Dev Prayag,text,hi,"कई दिनों से बिजली नहीं है, ट्रांसफार्मर जल गया है।",electricity,background,electricity,power_cut,OFF-ELE01,Resolved,2026-10-06,2026-10-04,1,yes
DEMO01990,2026-10-03,East Zone,West Bengal,Darjiling and Jalpaiguri,Siliguri,text,bn,"আমাদের গ্রামের নলকূপ খারাপ, পানীয় জল নেই।",water,background,water,handpump,OFF-WAT01,Resolved,2026-10-10,2026-10-04,1,yes
DEMO01991,2026-10-03,East Zone,West Bengal,Haora,Jagadishpur,text,bn,"অনেক দিন ধরে বিদ্যুৎ নেই, ট্রান্সফরমার পুড়ে গেছে।",electricity,background,electricity,power_cut,OFF-ELE01,Pending,2026-10-06,,,yes
DEMO01992,2026-10-03,East Zone,West Bengal,Hugli,Uttarpara Kotrung,text,bn,"রাস্তায় বড় বড় গর্ত, চলাচল বিপজ্জনক।",roads,background,roads,potholes,OFF-ROA01,Resolved,2026-10-24,2026-10-04,1,yes
DEMO01993,2026-10-03,East Zone,West Bengal,Medinipur,Ramjibanpur,text,bn,রেশন ডিলার আমার রেশন কার্ডে চাল দিচ্ছে না।,ration,background,ration,ration_not_given,OFF-RAT01,Pending,2026-10-10,,,yes
DEMO01994,2026-10-03,East Zone,West Bengal,Nadia,Aistala,voice,bn,"রাস্তায় বড় বড় গর্ত, চলাচল বিপজ্জনক।",roads,background,roads,potholes,OFF-ROA01,Resolved,2026-10-24,2026-10-04,1,yes
DEMO01995,2026-10-03,East Zone,West Bengal,North Twentyfour Parganas,Baduria,text,bn,"অনেক দিন ধরে বিদ্যুৎ নেই, ট্রান্সফরমার পুড়ে গেছে।",electricity,stable_electricity,electricity,power_cut,OFF-ELE01,Pending,2026-10-06,,,yes
DEMO01996,2026-10-03,East Zone,West Bengal,North Twentyfour Parganas,Dhanyakuria,voice,bn,"অনেক দিন ধরে বিদ্যুৎ নেই, ট্রান্সফরমার পুড়ে গেছে।",electricity,stable_electricity,electricity,power_cut,OFF-ELE01,Resolved,2026-10-06,2026-10-04,1,yes
DEMO01997,2026-10-03,East Zone,West Bengal,North Twentyfour Parganas,Kaugachhi,text,hinglish,"Bijli nahi hai kai din se, transformer kharab hai.",electricity,stable_electricity,electricity,transformer,OFF-ELE01,Pending,2026-10-06,,,yes
DEMO01998,2026-10-03,East Zone,West Bengal,North Twentyfour Parganas,Nebadhai Duttapukur,text,en,"There is no electricity for many days, the transformer is burnt.",electricity,stable_electricity,electricity,power_cut,OFF-ELE01,Resolved,2026-10-06,2026-10-04,1,yes
DEMO01999,2026-10-03,East Zone,West Bengal,North Twentyfour Parganas,Nebadhai Duttapukur,text,bn,"অনেক দিন ধরে বিদ্যুৎ নেই, ট্রান্সফরমার পুড়ে গেছে।",electricity,stable_electricity,electricity,power_cut,OFF-ELE01,Resolved,2026-10-06,2026-10-04,1,yes
DEMO02000,2026-10-03,East Zone,West Bengal,Puruliya,Adra,text,bn,স্কুলে শিক্ষক নিয়মিত আসেন না।,education,background,education,teacher_absent,OFF-EDU01,Pending,2026-10-18,,,yes
