zone,state,district,town,urban_status,census_state_code,census_district_code
Central Zone,Chhattisgarh,Bastar,Frezarpur,Census Town,22,15
Central Zone,Chhattisgarh,Bastar,Hatkachora,Census Town,22,15
Central Zone,Chhattisgarh,Bastar,Jagdalpur,Municipality,22,15
Central Zone,Chhattisgarh,Bastar,Kondagaon,Municipality,22,15
Central Zone,Chhattisgarh,Bilaspur,Bilaspur,Municipal Corporation,22,7
Central Zone,Chhattisgarh,Bilaspur,Bilha,Nagar Panchayat,22,7
Central Zone,Chhattisgarh,Bilaspur,Bodri,Nagar Panchayat,22,7
Central Zone,Chhattisgarh,Bilaspur,Deori,Census Town,22,7
Central Zone,Chhattisgarh,Bilaspur,Gaurella,Nagar Panchayat,22,7
Central Zone,Chhattisgarh,Bilaspur,Kota,Nagar Panchayat,22,7
Central Zone,Chhattisgarh,Bilaspur,Lingiyadih,Census Town,22,7
Central Zone,Chhattisgarh,Bilaspur,Lormi,Nagar Panchayat,22,7
Central Zone,Chhattisgarh,Bilaspur,Mehmand,Census Town,22,7
Central Zone,Chhattisgarh,Bilaspur,Mungeli,Municipality,22,7
Central Zone,Chhattisgarh,Bilaspur,Pendra,Nagar Panchayat,22,7
Central Zone,Chhattisgarh,Bilaspur,Ratanpur,Nagar Panchayat,22,7
Central Zone,Chhattisgarh,Bilaspur,Sirgiti,Census Town,22,7
Central Zone,Chhattisgarh,Bilaspur,Takhatpur,Nagar Panchayat,22,7
Central Zone,Chhattisgarh,Dantewada,Bade Bacheli,Nagar Panchayat,22,16
Central Zone,Chhattisgarh,Dantewada,Dantewada,Nagar Panchayat,22,16
Central Zone,Chhattisgarh,Dantewada,Geedam,Census Town,22,16
Central Zone,Chhattisgarh,Dantewada,Kirandul,Municipality,22,16
Central Zone,Chhattisgarh,Dhamtari,Dhamtari,Municipality,22,13
Central Zone,Chhattisgarh,Dhamtari,Kurud,Nagar Panchayat,22,13
Central Zone,Chhattisgarh,Durg,Ahiwara,Nagar Panchayat,22,10
Central Zone,Chhattisgarh,Durg,Balod,Nagar Panchayat,22,10
Central Zone,Chhattisgarh,Durg,Bemetra,Nagar Panchayat,22,10
Central Zone,Chhattisgarh,Durg,Bhilai Charoda,Municipality,22,10
Central Zone,Chhattisgarh,Durg,Bhilai Nagar,Municipal Corporation,22,10
Central Zone,Chhattisgarh,Durg,Dalli-Rajhara,Municipality,22,10
Central Zone,Chhattisgarh,Durg,Dhamdha,Nagar Panchayat,22,10
Central Zone,Chhattisgarh,Durg,Durg,Municipal Corporation,22,10
Central Zone,Chhattisgarh,Durg,Jamul,Nagar Panchayat,22,10
Central Zone,Chhattisgarh,Durg,Khamhria,Nagar Panchayat,22,10
Central Zone,Chhattisgarh,Durg,Kumhari,Nagar Panchayat,22,10
Central Zone,Chhattisgarh,Durg,Patan,Nagar Panchayat,22,10
Central Zone,Chhattisgarh,Janjgir-Champa,Akaltara,Nagar Panchayat,22,6
Central Zone,Chhattisgarh,Janjgir-Champa,Baloda,Nagar Panchayat,22,6
Central Zone,Chhattisgarh,Janjgir-Champa,Champa,Municipality,22,6
Central Zone,Chhattisgarh,Janjgir-Champa,Kharod,Nagar Panchayat,22,6
Central Zone,Chhattisgarh,Janjgir-Champa,Naila Janjgir,Municipality,22,6
Central Zone,Chhattisgarh,Janjgir-Champa,Naya Baradwar,Nagar Panchayat,22,6
Central Zone,Chhattisgarh,Janjgir-Champa,Sakti,Nagar Panchayat,22,6
Central Zone,Chhattisgarh,Janjgir-Champa,Shivrinarayan,Nagar Panchayat,22,6
Central Zone,Chhattisgarh,Jashpur,Jashpur nagar,Nagar Panchayat,22,3
Central Zone,Chhattisgarh,Jashpur,Pathalgaon,Nagar Panchayat,22,3
Central Zone,Chhattisgarh,Kanker,Kanker,Municipality,22,14
Central Zone,Chhattisgarh,Kawardha,Kawardha,Municipality,22,8
Central Zone,Chhattisgarh,Kawardha,Pandariya,Nagar Panchayat,22,8
Central Zone,Chhattisgarh,Korba,Dipka,Census Town,22,5
Central Zone,Chhattisgarh,Korba,Katghora,Nagar Panchayat,22,5
Central Zone,Chhattisgarh,Korba,Korba,Municipal Corporation,22,5
Central Zone,Chhattisgarh,Korba,Rajgamar,Census Town,22,5
Central Zone,Chhattisgarh,Koriya,Baikunthpur,Notified Area Committee,22,1
Central Zone,Chhattisgarh,Koriya,Chharchha,Census Town,22,1
Central Zone,Chhattisgarh,Koriya,Chirmiri,Municipality,22,1
Central Zone,Chhattisgarh,Koriya,Jhagrakhand,Nagar Panchayat,22,1
Central Zone,Chhattisgarh,Koriya,Khongapani,Census Town,22,1
Central Zone,Chhattisgarh,Koriya,Manendragarh,Municipality,22,1
Central Zone,Chhattisgarh,Mahasamund,Bagbahara,Nagar Panchayat,22,12
Central Zone,Chhattisgarh,Mahasamund,Basna,Census Town,22,12
Central Zone,Chhattisgarh,Mahasamund,Mahasamund,Municipality,22,12
Central Zone,Chhattisgarh,Mahasamund,Pithora,Nagar Panchayat,22,12
Central Zone,Chhattisgarh,Mahasamund,Saraipali,Nagar Panchayat,22,12
Central Zone,Chhattisgarh,Raigarh,Dharamjaigarh,Nagar Panchayat,22,4
Central Zone,Chhattisgarh,Raigarh,Gharghoda,Nagar Panchayat,22,4
Central Zone,Chhattisgarh,Raigarh,Kharsia,Nagar Panchayat,22,4
Central Zone,Chhattisgarh,Raigarh,Raigarh,Municipality,22,4
Central Zone,Chhattisgarh,Raigarh,Sarangarh,Nagar Panchayat,22,4
Central Zone,Chhattisgarh,Raipur,Arang,Nagar Panchayat,22,11
Central Zone,Chhattisgarh,Raipur,Baloda Bazar,Nagar Panchayat,22,11
Central Zone,Chhattisgarh,Raipur,Banarsi,Census Town,22,11
Central Zone,Chhattisgarh,Raipur,Bhanpuri,Census Town,22,11
Central Zone,Chhattisgarh,Raipur,Bhatapara,Municipality,22,11
Central Zone,Chhattisgarh,Raipur,Bhatgaon,Nagar Panchayat,22,11
Central Zone,Chhattisgarh,Raipur,Birgaon,Census Town,22,11
Central Zone,Chhattisgarh,Raipur,Gobranawapara,Municipality,22,11
Central Zone,Chhattisgarh,Raipur,Gogaon,Census Town,22,11
Central Zone,Chhattisgarh,Raipur,Mowa,Census Town,22,11
Central Zone,Chhattisgarh,Raipur,Raipur,Municipal Corporation,22,11
Central Zone,Chhattisgarh,Raipur,Simga,Nagar Panchayat,22,11
Central Zone,Chhattisgarh,Raipur,Tilda Newra,Municipality,22,11
Central Zone,Chhattisgarh,Raipur,Urla,Census Town,22,11
Central Zone,Chhattisgarh,Rajnandgaon,Ambagarh Chowki,Nagar Panchayat,22,9
Central Zone,Chhattisgarh,Rajnandgaon,Chhuikhadan,Nagar Panchayat,22,9
Central Zone,Chhattisgarh,Rajnandgaon,Dongargaon,Nagar Panchayat,22,9
Central Zone,Chhattisgarh,Rajnandgaon,Dongragarh,Municipality,22,9
Central Zone,Chhattisgarh,Rajnandgaon,Gandai,Nagar Panchayat,22,9
Central Zone,Chhattisgarh,Rajnandgaon,Khairagarh,Nagar Panchayat,22,9
Central Zone,Chhattisgarh,Rajnandgaon,Rajnandgaon,Municipal Corporation,22,9
Central Zone,Chhattisgarh,Surguja,Ambikapur,Census Town,22,2
Central Zone,Chhattisgarh,Surguja,Namna Kalan,Nagar Panchayat,22,2
Central Zone,Chhattisgarh,Surguja,Phunderdihari,Census Town,22,2
Central Zone,Chhattisgarh,Surguja,Ramanujganj,Nagar Panchayat,22,2
Central Zone,Chhattisgarh,Surguja,Surajpur,Nagar Panchayat,22,2
Central Zone,Chhattisgarh,Surguja,Telgaon,Census Town,22,2
Central Zone,Chhattisgarh,Surguja,Vishrampur,Census Town,22,2
Central Zone,Madhya Pradesh,Balaghat,Baihar,Nagar Panchayat,23,45
Central Zone,Madhya Pradesh,Balaghat,Balaghat,Municipality,23,45
Central Zone,Madhya Pradesh,Balaghat,Bharveli,Census Town,23,45
Central Zone,Madhya Pradesh,Balaghat,Hirapur,Census Town,23,45
Central Zone,Madhya Pradesh,Balaghat,Katangi,Nagar Panchayat,23,45
Central Zone,Madhya Pradesh,Balaghat,Malaj Khand,Municipality,23,45
Central Zone,Madhya Pradesh,Balaghat,Tirodi,Census Town,23,45
Central Zone,Madhya Pradesh,Balaghat,Ukwa,Census Town,23,45
Central Zone,Madhya Pradesh,Balaghat,Wara Seoni,Municipality,23,45
Central Zone,Madhya Pradesh,Barwani,Anjad,Nagar Panchayat,23,28
Central Zone,Madhya Pradesh,Barwani,Barwani,Municipality,23,28
Central Zone,Madhya Pradesh,Barwani,Khetia,Nagar Panchayat,23,28
Central Zone,Madhya Pradesh,Barwani,Pansemal,Nagar Panchayat,23,28
Central Zone,Madhya Pradesh,Barwani,Rajpur,Nagar Panchayat,23,28
Central Zone,Madhya Pradesh,Barwani,Sendhwa,Municipality,23,28
Central Zone,Madhya Pradesh,Betul,Amla,Municipality,23,35
Central Zone,Madhya Pradesh,Betul,Betul,Municipality,23,35
Central Zone,Madhya Pradesh,Betul,Betul-Bazar,Nagar Panchayat,23,35
Central Zone,Madhya Pradesh,Betul,Bhainsdehi,Nagar Panchayat,23,35
Central Zone,Madhya Pradesh,Betul,Multai,Nagar Panchayat,23,35
Central Zone,Madhya Pradesh,Betul,Sarni,Municipality,23,35
Central Zone,Madhya Pradesh,Betul,Shahpur,Census Town,23,35
Central Zone,Madhya Pradesh,Bhind,Akoda,Nagar Panchayat,23,3
Central Zone,Madhya Pradesh,Bhind,Alampur,Nagar Panchayat,23,3
Central Zone,Madhya Pradesh,Bhind,Bhind,Municipality,23,3
Central Zone,Madhya Pradesh,Bhind,Daboh,Nagar Panchayat,23,3
Central Zone,Madhya Pradesh,Bhind,Gohad,Municipality,23,3
Central Zone,Madhya Pradesh,Bhind,Gormi,Nagar Panchayat,23,3
Central Zone,Madhya Pradesh,Bhind,Lahar,Nagar Panchayat,23,3
Central Zone,Madhya Pradesh,Bhind,Mau,Nagar Panchayat,23,3
Central Zone,Madhya Pradesh,Bhind,Mehgaon,Nagar Panchayat,23,3
Central Zone,Madhya Pradesh,Bhind,Mihona,Nagar Panchayat,23,3
Central Zone,Madhya Pradesh,Bhind,Phuphkalan,Nagar Panchayat,23,3
Central Zone,Madhya Pradesh,Bhopal,Berasia,Nagar Panchayat,23,32
Central Zone,Madhya Pradesh,Bhopal,Bhopal,Municipal Corporation,23,32
Central Zone,Madhya Pradesh,Chhatarpur,Bada Malhera,Nagar Panchayat,23,9
Central Zone,Madhya Pradesh,Chhatarpur,Barigarh,Nagar Panchayat,23,9
Central Zone,Madhya Pradesh,Chhatarpur,Bijawar,Nagar Panchayat,23,9
Central Zone,Madhya Pradesh,Chhatarpur,Buxwaha,Nagar Panchayat,23,9
Central Zone,Madhya Pradesh,Chhatarpur,Chandla,Nagar Panchayat,23,9
Central Zone,Madhya Pradesh,Chhatarpur,Chhatarpur,Municipality,23,9
Central Zone,Madhya Pradesh,Chhatarpur,Garhi-Malhara,Nagar Panchayat,23,9
Central Zone,Madhya Pradesh,Chhatarpur,Ghuwara,Nagar Panchayat,23,9
Central Zone,Madhya Pradesh,Chhatarpur,Harpalpur,Nagar Panchayat,23,9
Central Zone,Madhya Pradesh,Chhatarpur,Khajuraho,Nagar Panchayat,23,9
Central Zone,Madhya Pradesh,Chhatarpur,Laundi,Nagar Panchayat,23,9
Central Zone,Madhya Pradesh,Chhatarpur,Maharajpur,Nagar Panchayat,23,9
Central Zone,Madhya Pradesh,Chhatarpur,Nowgaon,Municipality,23,9
Central Zone,Madhya Pradesh,Chhatarpur,Rajnagar,Nagar Panchayat,23,9
Central Zone,Madhya Pradesh,Chhatarpur,Satai,Nagar Panchayat,23,9
Central Zone,Madhya Pradesh,Chhindwara,Amarwara,Nagar Panchayat,23,43
Central Zone,Madhya Pradesh,Chhindwara,Ambada,Census Town,23,43
Central Zone,Madhya Pradesh,Chhindwara,Badkuhi,Census Town,23,43
Central Zone,Madhya Pradesh,Chhindwara,Bhamodi,Census Town,23,43
Central Zone,Madhya Pradesh,Chhindwara,Chandameta-Butaria,Nagar Panchayat,23,43
Central Zone,Madhya Pradesh,Chhindwara,Chaurai Khas,Nagar Panchayat,23,43
Central Zone,Madhya Pradesh,Chhindwara,Chhindwara,Municipality,23,43
Central Zone,Madhya Pradesh,Chhindwara,Damua,Census Town,23,43
Central Zone,Madhya Pradesh,Chhindwara,Dighawani,Census Town,23,43
Central Zone,Madhya Pradesh,Chhindwara,Dongar Parasia,Municipality,23,43
Central Zone,Madhya Pradesh,Chhindwara,Harrai,Nagar Panchayat,23,43
Central Zone,Madhya Pradesh,Chhindwara,Iklehra,Census Town,23,43
Central Zone,Madhya Pradesh,Chhindwara,Jamai,Municipality,23,43
Central Zone,Madhya Pradesh,Chhindwara,Jata Chhapar,Census Town,23,43
Central Zone,Madhya Pradesh,Chhindwara,Kali Chhapar,Census Town,23,43
Central Zone,Madhya Pradesh,Chhindwara,Lodhikheda,Nagar Panchayat,23,43
Central Zone,Madhya Pradesh,Chhindwara,Mohgaon,Nagar Panchayat,23,43
Central Zone,Madhya Pradesh,Chhindwara,Neuton Chikhli Kalan,Nagar Panchayat,23,43
Central Zone,Madhya Pradesh,Chhindwara,Pal Chourai,Census Town,23,43
Central Zone,Madhya Pradesh,Chhindwara,Panara,Census Town,23,43
Central Zone,Madhya Pradesh,Chhindwara,Pandhurna,Municipality,23,43
Central Zone,Madhya Pradesh,Chhindwara,Sausar,Nagar Panchayat,23,43
Central Zone,Madhya Pradesh,Chhindwara,Sethia,Census Town,23,43
Central Zone,Madhya Pradesh,Chhindwara,Sirgora,Census Town,23,43
Central Zone,Madhya Pradesh,Damoh,Bansatar Kheda,Census Town,23,12
Central Zone,Madhya Pradesh,Damoh,Damoh,Municipality,23,12
Central Zone,Madhya Pradesh,Damoh,Hatta,Municipality,23,12
Central Zone,Madhya Pradesh,Damoh,Hindoria,Nagar Panchayat,23,12
Central Zone,Madhya Pradesh,Damoh,Patharia,Nagar Panchayat,23,12
Central Zone,Madhya Pradesh,Damoh,Tendu Kheda,Nagar Panchayat,23,12
Central Zone,Madhya Pradesh,Datia,Bhander,Nagar Panchayat,23,5
Central Zone,Madhya Pradesh,Datia,Datia,Municipality,23,5
Central Zone,Madhya Pradesh,Datia,Indergarh,Nagar Panchayat,23,5
Central Zone,Madhya Pradesh,Datia,Seondha,Nagar Panchayat,23,5
Central Zone,Madhya Pradesh,Dewas,Bagli,Nagar Panchayat,23,23
Central Zone,Madhya Pradesh,Dewas,Bhaurasa,Nagar Panchayat,23,23
Central Zone,Madhya Pradesh,Dewas,Dewas,Municipal Corporation,23,23
Central Zone,Madhya Pradesh,Dewas,Hatpipalya,Nagar Panchayat,23,23
Central Zone,Madhya Pradesh,Dewas,Kannod,Nagar Panchayat,23,23
Central Zone,Madhya Pradesh,Dewas,Kantaphod,Nagar Panchayat,23,23
Central Zone,Madhya Pradesh,Dewas,Karnawad,Nagar Panchayat,23,23
Central Zone,Madhya Pradesh,Dewas,Khategaon,Nagar Panchayat,23,23
Central Zone,Madhya Pradesh,Dewas,Loharda,Nagar Panchayat,23,23
Central Zone,Madhya Pradesh,Dewas,Satwas,Nagar Panchayat,23,23
Central Zone,Madhya Pradesh,Dewas,Sonkatch,Nagar Panchayat,23,23
Central Zone,Madhya Pradesh,Dhar,Badnawar,Nagar Panchayat,23,25
Central Zone,Madhya Pradesh,Dhar,Bagh,Census Town,23,25
Central Zone,Madhya Pradesh,Dhar,Dhamnod,Nagar Panchayat,23,25
Central Zone,Madhya Pradesh,Dhar,Dhar,Municipality,23,25
Central Zone,Madhya Pradesh,Dhar,Dharampuri,Nagar Panchayat,23,25
Central Zone,Madhya Pradesh,Dhar,Kukshi,Nagar Panchayat,23,25
Central Zone,Madhya Pradesh,Dhar,Manawar,Municipality,23,25
Central Zone,Madhya Pradesh,Dhar,Mandav,Nagar Panchayat,23,25
Central Zone,Madhya Pradesh,Dhar,Pithampur,Nagar Panchayat,23,25
Central Zone,Madhya Pradesh,Dhar,Rajgarh,Nagar Panchayat,23,25
Central Zone,Madhya Pradesh,Dhar,Sardarpur,Nagar Panchayat,23,25
Central Zone,Madhya Pradesh,Dindori,Dindori,Nagar Panchayat,23,41
Central Zone,Madhya Pradesh,Dindori,Shahpura,Nagar Panchayat,23,41
Central Zone,Madhya Pradesh,East Nimar,Burhanpur,Municipal Corporation,23,29
Central Zone,Madhya Pradesh,East Nimar,Harsud,Nagar Panchayat,23,29
Central Zone,Madhya Pradesh,East Nimar,Khandwa,Municipal Corporation,23,29
Central Zone,Madhya Pradesh,East Nimar,Mundi,Nagar Panchayat,23,29
Central Zone,Madhya Pradesh,East Nimar,Nepanagar,Municipality,23,29
Central Zone,Madhya Pradesh,East Nimar,Omkareshwar,Nagar Panchayat,23,29
Central Zone,Madhya Pradesh,East Nimar,Pandhana,Nagar Panchayat,23,29
Central Zone,Madhya Pradesh,East Nimar,Shahpur,Nagar Panchayat,23,29
Central Zone,Madhya Pradesh,Guna,Aron,Nagar Panchayat,23,7
Central Zone,Madhya Pradesh,Guna,Ashok Nagar,Municipality,23,7
Central Zone,Madhya Pradesh,Guna,Chachaura-Binaganj,Nagar Panchayat,23,7
Central Zone,Madhya Pradesh,Guna,Chanderi,Municipality,23,7
Central Zone,Madhya Pradesh,Guna,Guna,Municipality,23,7
Central Zone,Madhya Pradesh,Guna,Isagarh,Nagar Panchayat,23,7
Central Zone,Madhya Pradesh,Guna,Kumbhraj,Nagar Panchayat,23,7
Central Zone,Madhya Pradesh,Guna,Mungaoli,Nagar Panchayat,23,7
Central Zone,Madhya Pradesh,Guna,Raghogarh -Vijaypur,Municipality,23,7
Central Zone,Madhya Pradesh,Gwalior,Antari,Nagar Panchayat,23,4
Central Zone,Madhya Pradesh,Gwalior,Bhitarwar,Nagar Panchayat,23,4
Central Zone,Madhya Pradesh,Gwalior,Bilaua,Nagar Panchayat,23,4
Central Zone,Madhya Pradesh,Gwalior,Dabra,Municipality,23,4
Central Zone,Madhya Pradesh,Gwalior,Gwalior,Municipal Corporation,23,4
Central Zone,Madhya Pradesh,Gwalior,Morar Cantt.,Cantonment Board,23,4
Central Zone,Madhya Pradesh,Gwalior,Pichhore,Nagar Panchayat,23,4
Central Zone,Madhya Pradesh,Gwalior,Tekanpur,Census Town,23,4
Central Zone,Madhya Pradesh,Harda,Harda,Municipality,23,36
Central Zone,Madhya Pradesh,Harda,Khirkiya,Nagar Panchayat,23,36
Central Zone,Madhya Pradesh,Harda,Timarni,Nagar Panchayat,23,36
Central Zone,Madhya Pradesh,Hoshangabad,Babai,Nagar Panchayat,23,37
Central Zone,Madhya Pradesh,Hoshangabad,Bhilakhedi,Census Town,23,37
Central Zone,Madhya Pradesh,Hoshangabad,Hoshangabad,Municipality,23,37
Central Zone,Madhya Pradesh,Hoshangabad,Itarsi,Municipality,23,37
Central Zone,Madhya Pradesh,Hoshangabad,Mehara Gaon,Census Town,23,37
Central Zone,Madhya Pradesh,Hoshangabad,Ordinance Factory Itarsi,Census Town,23,37
Central Zone,Madhya Pradesh,Hoshangabad,Pachmarhi Cantt,Cantonment Board,23,37
Central Zone,Madhya Pradesh,Hoshangabad,Pipariya,Municipality,23,37
Central Zone,Madhya Pradesh,Hoshangabad,Seoni Malwa,Municipality,23,37
Central Zone,Madhya Pradesh,Hoshangabad,Sohagpur,Nagar Panchayat,23,37
Central Zone,Madhya Pradesh,Indore,Betma,Nagar Panchayat,23,26
Central Zone,Madhya Pradesh,Indore,Depalpur,Nagar Panchayat,23,26
Central Zone,Madhya Pradesh,Indore,Hatod,Nagar Panchayat,23,26
Central Zone,Madhya Pradesh,Indore,Indore,Municipal Corporation,23,26
Central Zone,Madhya Pradesh,Indore,Manglaya Sadak,Census Town,23,26
Central Zone,Madhya Pradesh,Indore,Manpur,Nagar Panchayat,23,26
Central Zone,Madhya Pradesh,Indore,Mhow Cantt.,Cantonment Board,23,26
Central Zone,Madhya Pradesh,Indore,Mhowgaon,Nagar Panchayat,23,26
Central Zone,Madhya Pradesh,Indore,Palda,Census Town,23,26
Central Zone,Madhya Pradesh,Indore,Rau,Nagar Panchayat,23,26
Central Zone,Madhya Pradesh,Indore,Runji Gautampura,Nagar Panchayat,23,26
Central Zone,Madhya Pradesh,Indore,Sawer,Nagar Panchayat,23,26
Central Zone,Madhya Pradesh,Indore,Sinhasa,Census Town,23,26
Central Zone,Madhya Pradesh,Jabalpur,Barela,Nagar Panchayat,23,39
Central Zone,Madhya Pradesh,Jabalpur,Bhedaghat,Nagar Panchayat,23,39
Central Zone,Madhya Pradesh,Jabalpur,Bilpura,Census Town,23,39
Central Zone,Madhya Pradesh,Jabalpur,G.C.F Jabalpur,Census Town,23,39
Central Zone,Madhya Pradesh,Jabalpur,Jabalpur,Municipal Corporation,23,39
Central Zone,Madhya Pradesh,Jabalpur,Jabalpur Cantt.,Cantonment Board,23,39
Central Zone,Madhya Pradesh,Jabalpur,Katangi,Nagar Panchayat,23,39
Central Zone,Madhya Pradesh,Jabalpur,Majholi,Nagar Panchayat,23,39
Central Zone,Madhya Pradesh,Jabalpur,Manegaon,Census Town,23,39
Central Zone,Madhya Pradesh,Jabalpur,O.F.Khamaria,Census Town,23,39
Central Zone,Madhya Pradesh,Jabalpur,Panagar,Municipality,23,39
Central Zone,Madhya Pradesh,Jabalpur,Patan,Nagar Panchayat,23,39
Central Zone,Madhya Pradesh,Jabalpur,Pipariya,Census Town,23,39
Central Zone,Madhya Pradesh,Jabalpur,Shahpura,Nagar Panchayat,23,39
Central Zone,Madhya Pradesh,Jabalpur,Sihora,Municipality,23,39
Central Zone,Madhya Pradesh,Jabalpur,Suhagi,Census Town,23,39
Central Zone,Madhya Pradesh,Jabalpur,Vehicle Fac. Jabalpur,Census Town,23,39
Central Zone,Madhya Pradesh,Jhabua,Alirajpur,Municipality,23,24
Central Zone,Madhya Pradesh,Jhabua,Bhavra,Nagar Panchayat,23,24
Central Zone,Madhya Pradesh,Jhabua,Jhabua,Municipality,23,24
Central Zone,Madhya Pradesh,Jhabua,Jobat,Nagar Panchayat,23,24
Central Zone,Madhya Pradesh,Jhabua,Meghnagar,Census Town,23,24
Central Zone,Madhya Pradesh,Jhabua,Petlawad,Nagar Panchayat,23,24
Central Zone,Madhya Pradesh,Jhabua,Ranapur,Nagar Panchayat,23,24
Central Zone,Madhya Pradesh,Jhabua,Thandla,Nagar Panchayat,23,24
Central Zone,Madhya Pradesh,Katni,Barhi,Nagar Panchayat,23,38
Central Zone,Madhya Pradesh,Katni,Kymore,Nagar Panchayat,23,38
Central Zone,Madhya Pradesh,Katni,Murwara (Katni),Municipal Corporation,23,38
Central Zone,Madhya Pradesh,Katni,Vijayraghavgarh,Nagar Panchayat,23,38
Central Zone,Madhya Pradesh,Mandla,Bamhani,Nagar Panchayat,23,42
Central Zone,Madhya Pradesh,Mandla,Deodara,Census Town,23,42
Central Zone,Madhya Pradesh,Mandla,Mandla,Municipality,23,42
Central Zone,Madhya Pradesh,Mandla,Nainpur,Municipality,23,42
Central Zone,Madhya Pradesh,Mandsaur,Bhanpura,Nagar Panchayat,23,19
Central Zone,Madhya Pradesh,Mandsaur,Garoth,Nagar Panchayat,23,19
Central Zone,Madhya Pradesh,Mandsaur,Malhargarh,Nagar Panchayat,23,19
Central Zone,Madhya Pradesh,Mandsaur,Mandsaur,Municipality,23,19
Central Zone,Madhya Pradesh,Mandsaur,Nagri,Nagar Panchayat,23,19
Central Zone,Madhya Pradesh,Mandsaur,Narayangarh,Nagar Panchayat,23,19
Central Zone,Madhya Pradesh,Mandsaur,Piplya Mandi,Nagar Panchayat,23,19
Central Zone,Madhya Pradesh,Mandsaur,Shamgarh,Nagar Panchayat,23,19
Central Zone,Madhya Pradesh,Mandsaur,Sitamau,Nagar Panchayat,23,19
Central Zone,Madhya Pradesh,Morena,Ambah,Municipality,23,2
Central Zone,Madhya Pradesh,Morena,Bamor,Nagar Panchayat,23,2
Central Zone,Madhya Pradesh,Morena,Jhundpura,Nagar Panchayat,23,2
Central Zone,Madhya Pradesh,Morena,Joura,Nagar Panchayat,23,2
Central Zone,Madhya Pradesh,Morena,Kailaras,Nagar Panchayat,23,2
Central Zone,Madhya Pradesh,Morena,Morena,Municipality,23,2
Central Zone,Madhya Pradesh,Morena,Porsa,Municipality,23,2
Central Zone,Madhya Pradesh,Morena,Sabalgarh,Municipality,23,2
Central Zone,Madhya Pradesh,Narsimhapur,Chhota Chhindwara (Gotegaon),Nagar Panchayat,23,40
Central Zone,Madhya Pradesh,Narsimhapur,Chichli,Census Town,23,40
Central Zone,Madhya Pradesh,Narsimhapur,Gadarwara,Municipality,23,40
Central Zone,Madhya Pradesh,Narsimhapur,Kareli,Nagar Panchayat,23,40
Central Zone,Madhya Pradesh,Narsimhapur,Narsimhapur,Municipality,23,40
Central Zone,Madhya Pradesh,Neemuch,Diken,Nagar Panchayat,23,18
Central Zone,Madhya Pradesh,Neemuch,Jawad,Nagar Panchayat,23,18
Central Zone,Madhya Pradesh,Neemuch,Jiran,Nagar Panchayat,23,18
Central Zone,Madhya Pradesh,Neemuch,Manasa,Nagar Panchayat,23,18
Central Zone,Madhya Pradesh,Neemuch,Neemuch,Municipality,23,18
Central Zone,Madhya Pradesh,Neemuch,Rampura,Nagar Panchayat,23,18
Central Zone,Madhya Pradesh,Neemuch,Ratangarh,Nagar Panchayat,23,18
Central Zone,Madhya Pradesh,Neemuch,Singoli,Nagar Panchayat,23,18
Central Zone,Madhya Pradesh,Panna,Ajaigarh,Nagar Panchayat,23,10
Central Zone,Madhya Pradesh,Panna,Amanganj,Nagar Panchayat,23,10
Central Zone,Madhya Pradesh,Panna,Devendranagar,Nagar Panchayat,23,10
Central Zone,Madhya Pradesh,Panna,Kakarhati,Nagar Panchayat,23,10
Central Zone,Madhya Pradesh,Panna,Panna,Municipality,23,10
Central Zone,Madhya Pradesh,Panna,Pawai,Nagar Panchayat,23,10
Central Zone,Madhya Pradesh,Raisen,Badi,Nagar Panchayat,23,34
Central Zone,Madhya Pradesh,Raisen,Baraily,Nagar Panchayat,23,34
Central Zone,Madhya Pradesh,Raisen,Begamganj,Municipality,23,34
Central Zone,Madhya Pradesh,Raisen,Gairatganj,Census Town,23,34
Central Zone,Madhya Pradesh,Raisen,Mandideep,Municipality,23,34
Central Zone,Madhya Pradesh,Raisen,Obedullaganj,Nagar Panchayat,23,34
Central Zone,Madhya Pradesh,Raisen,Raisen,Municipality,23,34
Central Zone,Madhya Pradesh,Raisen,Sanchi,Nagar Panchayat,23,34
Central Zone,Madhya Pradesh,Raisen,Sultanpur,Nagar Panchayat,23,34
Central Zone,Madhya Pradesh,Raisen,Udaipura,Nagar Panchayat,23,34
Central Zone,Madhya Pradesh,Rajgarh,Biaora,Municipality,23,30
Central Zone,Madhya Pradesh,Rajgarh,Boda,Nagar Panchayat,23,30
Central Zone,Madhya Pradesh,Rajgarh,Jirapur,Nagar Panchayat,23,30
Central Zone,Madhya Pradesh,Rajgarh,Khilchipur,Nagar Panchayat,23,30
Central Zone,Madhya Pradesh,Rajgarh,Khujner,Nagar Panchayat,23,30
Central Zone,Madhya Pradesh,Rajgarh,Machalpur,Nagar Panchayat,23,30
Central Zone,Madhya Pradesh,Rajgarh,Narsinghgarh,Municipality,23,30
Central Zone,Madhya Pradesh,Rajgarh,Pachore,Nagar Panchayat,23,30
Central Zone,Madhya Pradesh,Rajgarh,Rajgarh,Nagar Panchayat,23,30
Central Zone,Madhya Pradesh,Rajgarh,Sarangpur,Municipality,23,30
Central Zone,Madhya Pradesh,Rajgarh,Suthaliya,Nagar Panchayat,23,30
Central Zone,Madhya Pradesh,Rajgarh,Talen,Nagar Panchayat,23,30
Central Zone,Madhya Pradesh,Ratlam,Alot,Nagar Panchayat,23,20
Central Zone,Madhya Pradesh,Ratlam,Badawada,Nagar Panchayat,23,20
Central Zone,Madhya Pradesh,Ratlam,Jaora,Municipality,23,20
Central Zone,Madhya Pradesh,Ratlam,Namli,Nagar Panchayat,23,20
Central Zone,Madhya Pradesh,Ratlam,Piploda,Nagar Panchayat,23,20
Central Zone,Madhya Pradesh,Ratlam,Ratlam,Municipal Corporation,23,20
Central Zone,Madhya Pradesh,Ratlam,Ratlam Rly. Colony (Ratlam Kasba),Census Town,23,20
Central Zone,Madhya Pradesh,Ratlam,Sailana,Nagar Panchayat,23,20
Central Zone,Madhya Pradesh,Ratlam,Tal,Nagar Panchayat,23,20
Central Zone,Madhya Pradesh,Rewa,Baikunthpur,Nagar Panchayat,23,14
Central Zone,Madhya Pradesh,Rewa,Chakghat,Nagar Panchayat,23,14
Central Zone,Madhya Pradesh,Rewa,Govindgarh,Nagar Panchayat,23,14
Central Zone,Madhya Pradesh,Rewa,Gurh,Nagar Panchayat,23,14
Central Zone,Madhya Pradesh,Rewa,Hanumana,Nagar Panchayat,23,14
Central Zone,Madhya Pradesh,Rewa,Mangawan,Nagar Panchayat,23,14
Central Zone,Madhya Pradesh,Rewa,Mauganj,Nagar Panchayat,23,14
Central Zone,Madhya Pradesh,Rewa,Nai Garhi,Nagar Panchayat,23,14
Central Zone,Madhya Pradesh,Rewa,Rewa,Municipal Corporation,23,14
Central Zone,Madhya Pradesh,Rewa,Semaria,Nagar Panchayat,23,14
Central Zone,Madhya Pradesh,Rewa,Sirmaur,Nagar Panchayat,23,14
Central Zone,Madhya Pradesh,Rewa,Teonthar,Nagar Panchayat,23,14
Central Zone,Madhya Pradesh,Sagar,Bamora,Census Town,23,11
Central Zone,Madhya Pradesh,Sagar,Banda,Nagar Panchayat,23,11
Central Zone,Madhya Pradesh,Sagar,Bina Etawa,Municipality,23,11
Central Zone,Madhya Pradesh,Sagar,Bina Rly Colony,Census Town,23,11
Central Zone,Madhya Pradesh,Sagar,Deori,Municipality,23,11
Central Zone,Madhya Pradesh,Sagar,Dhana,Census Town,23,11
Central Zone,Madhya Pradesh,Sagar,Garhakota,Municipality,23,11
Central Zone,Madhya Pradesh,Sagar,Karrapur,Census Town,23,11
Central Zone,Madhya Pradesh,Sagar,Khurai,Municipality,23,11
Central Zone,Madhya Pradesh,Sagar,Makronia,Census Town,23,11
Central Zone,Madhya Pradesh,Sagar,Rahatgarh,Nagar Panchayat,23,11
Central Zone,Madhya Pradesh,Sagar,Rajakhedi,Census Town,23,11
Central Zone,Madhya Pradesh,Sagar,Rehli,Municipality,23,11
Central Zone,Madhya Pradesh,Sagar,Sagar,Municipal Corporation,23,11
Central Zone,Madhya Pradesh,Sagar,Sagar Cantt.,Cantonment Board,23,11
Central Zone,Madhya Pradesh,Sagar,Shahgarh,Nagar Panchayat,23,11
Central Zone,Madhya Pradesh,Sagar,Shahpur,Nagar Panchayat,23,11
Central Zone,Madhya Pradesh,Satna,Amarpatan,Nagar Panchayat,23,13
Central Zone,Madhya Pradesh,Satna,Birsinghpur,Nagar Panchayat,23,13
Central Zone,Madhya Pradesh,Satna,Chitrakoot,Nagar Panchayat,23,13
Central Zone,Madhya Pradesh,Satna,Jaitwara,Nagar Panchayat,23,13
Central Zone,Madhya Pradesh,Satna,Kotar,Nagar Panchayat,23,13
Central Zone,Madhya Pradesh,Satna,Kothi,Nagar Panchayat,23,13
Central Zone,Madhya Pradesh,Satna,Maihar,Municipality,23,13
Central Zone,Madhya Pradesh,Satna,Nagod,Nagar Panchayat,23,13
Central Zone,Madhya Pradesh,Satna,Rampur Baghelan,Nagar Panchayat,23,13
Central Zone,Madhya Pradesh,Satna,Satna,Municipal Corporation,23,13
Central Zone,Madhya Pradesh,Satna,Unchehara,Nagar Panchayat,23,13
Central Zone,Madhya Pradesh,Sehore,Ashta,Municipality,23,33
Central Zone,Madhya Pradesh,Sehore,Budhni,Nagar Panchayat,23,33
Central Zone,Madhya Pradesh,Sehore,Ichhawar,Nagar Panchayat,23,33
Central Zone,Madhya Pradesh,Sehore,Jawar,Nagar Panchayat,23,33
Central Zone,Madhya Pradesh,Sehore,Nasrullaganj,Nagar Panchayat,23,33
Central Zone,Madhya Pradesh,Sehore,Rehti,Nagar Panchayat,23,33
Central Zone,Madhya Pradesh,Sehore,Sehore,Municipality,23,33
Central Zone,Madhya Pradesh,Seoni,Barghat,Nagar Panchayat,23,44
Central Zone,Madhya Pradesh,Seoni,Ghansor,Census Town,23,44
Central Zone,Madhya Pradesh,Seoni,Lakhnadon,Nagar Panchayat,23,44
Central Zone,Madhya Pradesh,Seoni,Seoni,Municipality,23,44
Central Zone,Madhya Pradesh,Shahdol,Amarkantak,Nagar Panchayat,23,16
Central Zone,Madhya Pradesh,Shahdol,Amlai,Census Town,23,16
Central Zone,Madhya Pradesh,Shahdol,Anuppur,Nagar Panchayat,23,16
Central Zone,Madhya Pradesh,Shahdol,Badra,Census Town,23,16
Central Zone,Madhya Pradesh,Shahdol,Bangawan,Census Town,23,16
Central Zone,Madhya Pradesh,Shahdol,Beohari,Nagar Panchayat,23,16
Central Zone,Madhya Pradesh,Shahdol,Bijuri,Nagar Panchayat,23,16
Central Zone,Madhya Pradesh,Shahdol,Burhar,Nagar Panchayat,23,16
Central Zone,Madhya Pradesh,Shahdol,Deori,Census Town,23,16
Central Zone,Madhya Pradesh,Shahdol,Devhara,Census Town,23,16
Central Zone,Madhya Pradesh,Shahdol,Dhanpuri,Municipality,23,16
Central Zone,Madhya Pradesh,Shahdol,Dola,Census Town,23,16
Central Zone,Madhya Pradesh,Shahdol,Dumar Kachhar,Census Town,23,16
Central Zone,Madhya Pradesh,Shahdol,Jaisinghnagar,Nagar Panchayat,23,16
Central Zone,Madhya Pradesh,Shahdol,Jaithari,Nagar Panchayat,23,16
Central Zone,Madhya Pradesh,Shahdol,Kelhauri(chachai),Census Town,23,16
Central Zone,Madhya Pradesh,Shahdol,Khand(Bansagar),Nagar Panchayat,23,16
Central Zone,Madhya Pradesh,Shahdol,Kotma,Municipality,23,16
Central Zone,Madhya Pradesh,Shahdol,Pasan,Municipality,23,16
Central Zone,Madhya Pradesh,Shahdol,Shahdol,Municipality,23,16
Central Zone,Madhya Pradesh,Shajapur,Agar,Municipality,23,22
Central Zone,Madhya Pradesh,Shajapur,Akodia,Nagar Panchayat,23,22
Central Zone,Madhya Pradesh,Shajapur,Badagoan,Nagar Panchayat,23,22
Central Zone,Madhya Pradesh,Shajapur,Badod,Nagar Panchayat,23,22
Central Zone,Madhya Pradesh,Shajapur,Kanad,Nagar Panchayat,23,22
Central Zone,Madhya Pradesh,Shajapur,Maksi,Nagar Panchayat,23,22
Central Zone,Madhya Pradesh,Shajapur,Nalkheda,Nagar Panchayat,23,22
Central Zone,Madhya Pradesh,Shajapur,Polay Kalan,Nagar Panchayat,23,22
Central Zone,Madhya Pradesh,Shajapur,Shajapur,Municipality,23,22
Central Zone,Madhya Pradesh,Shajapur,Shujalpur,Municipality,23,22
Central Zone,Madhya Pradesh,Shajapur,Soyatkalan,Nagar Panchayat,23,22
Central Zone,Madhya Pradesh,Shajapur,Susner,Nagar Panchayat,23,22
Central Zone,Madhya Pradesh,Sheopur,Badoda,Municipality,23,1
Central Zone,Madhya Pradesh,Sheopur,Bijeypur,Nagar Panchayat,23,1
Central Zone,Madhya Pradesh,Sheopur,Sheopur,Municipality,23,1
Central Zone,Madhya Pradesh,Shivpuri,Badarwas,Nagar Panchayat,23,6
Central Zone,Madhya Pradesh,Shivpuri,Karera,Nagar Panchayat,23,6
Central Zone,Madhya Pradesh,Shivpuri,Khaniyadhana,Nagar Panchayat,23,6
Central Zone,Madhya Pradesh,Shivpuri,Kolaras,Nagar Panchayat,23,6
Central Zone,Madhya Pradesh,Shivpuri,Narwar,Nagar Panchayat,23,6
Central Zone,Madhya Pradesh,Shivpuri,Pichhore,Nagar Panchayat,23,6
Central Zone,Madhya Pradesh,Shivpuri,Shivpuri,Municipality,23,6
Central Zone,Madhya Pradesh,Sidhi,Churhat,Nagar Panchayat,23,17
Central Zone,Madhya Pradesh,Sidhi,Naudhia,Census Town,23,17
Central Zone,Madhya Pradesh,Sidhi,Rampur Naikin,Nagar Panchayat,23,17
Central Zone,Madhya Pradesh,Sidhi,Sidhi,Municipality,23,17
Central Zone,Madhya Pradesh,Sidhi,Singrauli,Municipal Corporation,23,17
Central Zone,Madhya Pradesh,Tikamgarh,Badagaon,Nagar Panchayat,23,8
Central Zone,Madhya Pradesh,Tikamgarh,Baldeogarh,Nagar Panchayat,23,8
Central Zone,Madhya Pradesh,Tikamgarh,Jatara,Nagar Panchayat,23,8
Central Zone,Madhya Pradesh,Tikamgarh,Jeron Khalsa,Nagar Panchayat,23,8
Central Zone,Madhya Pradesh,Tikamgarh,Kari,Nagar Panchayat,23,8
Central Zone,Madhya Pradesh,Tikamgarh,Khargapur,Nagar Panchayat,23,8
Central Zone,Madhya Pradesh,Tikamgarh,Lidhorakhas,Nagar Panchayat,23,8
Central Zone,Madhya Pradesh,Tikamgarh,Niwari,Nagar Panchayat,23,8
Central Zone,Madhya Pradesh,Tikamgarh,Orachha,Nagar Panchayat,23,8
Central Zone,Madhya Pradesh,Tikamgarh,Palera,Nagar Panchayat,23,8
Central Zone,Madhya Pradesh,Tikamgarh,Prithvipur,Nagar Panchayat,23,8
Central Zone,Madhya Pradesh,Tikamgarh,Taricharkalan,Nagar Panchayat,23,8
Central Zone,Madhya Pradesh,Tikamgarh,Tikamgarh,Municipality,23,8
Central Zone,Madhya Pradesh,Ujjain,Badnagar,Municipality,23,21
Central Zone,Madhya Pradesh,Ujjain,Gogapur,Census Town,23,21
Central Zone,Madhya Pradesh,Ujjain,Khachrod,Municipality,23,21
Central Zone,Madhya Pradesh,Ujjain,Mahidpur,Municipality,23,21
Central Zone,Madhya Pradesh,Ujjain,Nagda,Municipality,23,21
Central Zone,Madhya Pradesh,Ujjain,Tarana,Nagar Panchayat,23,21
Central Zone,Madhya Pradesh,Ujjain,Ujjain,Municipal Corporation,23,21
Central Zone,Madhya Pradesh,Ujjain,Unhel,Nagar Panchayat,23,21
Central Zone,Madhya Pradesh,Umaria,Chandia,Nagar Panchayat,23,15
Central Zone,Madhya Pradesh,Umaria,Nowrozabad(Khodargama),Nagar Panchayat,23,15
Central Zone,Madhya Pradesh,Umaria,Pali,Nagar Panchayat,23,15
Central Zone,Madhya Pradesh,Umaria,Umaria,Municipality,23,15
Central Zone,Madhya Pradesh,Vidisha,Basoda,Municipality,23,31
Central Zone,Madhya Pradesh,Vidisha,Kurwai,Nagar Panchayat,23,31
Central Zone,Madhya Pradesh,Vidisha,Lateri,Nagar Panchayat,23,31
Central Zone,Madhya Pradesh,Vidisha,Sironj,Municipality,23,31
Central Zone,Madhya Pradesh,Vidisha,Vidisha,Municipality,23,31
Central Zone,Madhya Pradesh,West Nimar,Barwaha,Municipality,23,27
Central Zone,Madhya Pradesh,West Nimar,Bhikangaon,Nagar Panchayat,23,27
Central Zone,Madhya Pradesh,West Nimar,Kasrawad,Nagar Panchayat,23,27
Central Zone,Madhya Pradesh,West Nimar,Khargone,Municipality,23,27
Central Zone,Madhya Pradesh,West Nimar,Maheshwar,Nagar Panchayat,23,27
Central Zone,Madhya Pradesh,West Nimar,Mandleshwar,Nagar Panchayat,23,27
Central Zone,Madhya Pradesh,West Nimar,Sanawad,Municipality,23,27
Central Zone,Uttar Pradesh,Agra,Achhnera,Municipal Board,9,15
Central Zone,Uttar Pradesh,Agra,Agra,Municipal Corporation,9,15
Central Zone,Uttar Pradesh,Agra,Azizpur,Census Town,9,15
Central Zone,Uttar Pradesh,Agra,Bah,Municipal Board,9,15
Central Zone,Uttar Pradesh,Agra,Dayalbagh,Nagar Panchayat,9,15
Central Zone,Uttar Pradesh,Agra,Dhanauli,Census Town,9,15
Central Zone,Uttar Pradesh,Agra,Etmadpur,Municipal Board,9,15
Central Zone,Uttar Pradesh,Agra,Fatehabad,Nagar Panchayat,9,15
Central Zone,Uttar Pradesh,Agra,Fatehpur Sikri,Municipal Board,9,15
Central Zone,Uttar Pradesh,Agra,Jagner,Nagar Panchayat,9,15
Central Zone,Uttar Pradesh,Agra,Kheragarh,Nagar Panchayat,9,15
Central Zone,Uttar Pradesh,Agra,Kiraoli,Nagar Panchayat,9,15
Central Zone,Uttar Pradesh,Agra,Nainana Jat,Census Town,9,15
Central Zone,Uttar Pradesh,Agra,Pinahat,Nagar Panchayat,9,15
Central Zone,Uttar Pradesh,Agra,Shamsabad,Municipal Board,9,15
Central Zone,Uttar Pradesh,Agra,Swamibagh,Nagar Panchayat,9,15
Central Zone,Uttar Pradesh,Aligarh,Aligarh,Municipal Corporation,9,12
Central Zone,Uttar Pradesh,Aligarh,Atrauli,Municipal Board,9,12
Central Zone,Uttar Pradesh,Aligarh,Beswan,Nagar Panchayat,9,12
Central Zone,Uttar Pradesh,Aligarh,Chharra Rafatpur,Nagar Panchayat,9,12
Central Zone,Uttar Pradesh,Aligarh,Harduaganj,Nagar Panchayat,9,12
Central Zone,Uttar Pradesh,Aligarh,Iglas,Nagar Panchayat,9,12
Central Zone,Uttar Pradesh,Aligarh,Jalali,Nagar Panchayat,9,12
Central Zone,Uttar Pradesh,Aligarh,Jatari,Nagar Panchayat,9,12
Central Zone,Uttar Pradesh,Aligarh,Kauriaganj,Nagar Panchayat,9,12
Central Zone,Uttar Pradesh,Aligarh,Khair,Municipal Board,9,12
Central Zone,Uttar Pradesh,Aligarh,Pilkhana,Nagar Panchayat,9,12
Central Zone,Uttar Pradesh,Aligarh,Qasimpur Power House Colony,Census Town,9,12
Central Zone,Uttar Pradesh,Aligarh,Vijaigarh,Nagar Panchayat,9,12
Central Zone,Uttar Pradesh,Allahabad,Allahabad,Municipal Corporation,9,45
Central Zone,Uttar Pradesh,Allahabad,Bharatganj,Nagar Panchayat,9,45
Central Zone,Uttar Pradesh,Allahabad,Chak Imam Ali,Census Town,9,45
Central Zone,Uttar Pradesh,Allahabad,Handia,Nagar Panchayat,9,45
Central Zone,Uttar Pradesh,Allahabad,Jhusi,Nagar Panchayat,9,45
Central Zone,Uttar Pradesh,Allahabad,Jhusi Kohna,Census Town,9,45
Central Zone,Uttar Pradesh,Allahabad,Koraon,Nagar Panchayat,9,45
Central Zone,Uttar Pradesh,Allahabad,Lal Gopalganj Nindaura,Nagar Panchayat,9,45
Central Zone,Uttar Pradesh,Allahabad,Mau Aima,Nagar Panchayat,9,45
Central Zone,Uttar Pradesh,Allahabad,Phulpur,Nagar Panchayat,9,45
Central Zone,Uttar Pradesh,Allahabad,Shankargarh,Nagar Panchayat,9,45
Central Zone,Uttar Pradesh,Allahabad,Sirsa,Nagar Panchayat,9,45
Central Zone,Uttar Pradesh,Ambedaker Nagar,Akbarpur,Municipal Board,9,48
Central Zone,Uttar Pradesh,Ambedaker Nagar,Ashrafpur Kichhauchha,Nagar Panchayat,9,48
Central Zone,Uttar Pradesh,Ambedaker Nagar,Bhulepur,Census Town,9,48
Central Zone,Uttar Pradesh,Ambedaker Nagar,Iltifatganj Bazar,Nagar Panchayat,9,48
Central Zone,Uttar Pradesh,Ambedaker Nagar,Jalalpur,Municipal Board,9,48
Central Zone,Uttar Pradesh,Ambedaker Nagar,Katariya,Census Town,9,48
Central Zone,Uttar Pradesh,Ambedaker Nagar,Tanda,Municipal Board,9,48
Central Zone,Uttar Pradesh,Auraiya,Achhalda,Nagar Panchayat,9,32
Central Zone,Uttar Pradesh,Auraiya,Atasu,Nagar Panchayat,9,32
Central Zone,Uttar Pradesh,Auraiya,Auraiya,Municipal Board,9,32
Central Zone,Uttar Pradesh,Auraiya,Babarpur Ajitmal,Nagar Panchayat,9,32
Central Zone,Uttar Pradesh,Auraiya,Bidhuna,Nagar Panchayat,9,32
Central Zone,Uttar Pradesh,Auraiya,Dibiyapur,Nagar Panchayat,9,32
Central Zone,Uttar Pradesh,Auraiya,Phaphund,Nagar Panchayat,9,32
Central Zone,Uttar Pradesh,Azamgarh,Amilo,Census Town,9,61
Central Zone,Uttar Pradesh,Azamgarh,Atraulia,Nagar Panchayat,9,61
Central Zone,Uttar Pradesh,Azamgarh,Azamgarh,Municipal Board,9,61
Central Zone,Uttar Pradesh,Azamgarh,Azmatgarh,Nagar Panchayat,9,61
Central Zone,Uttar Pradesh,Azamgarh,Bilariaganj,Nagar Panchayat,9,61
Central Zone,Uttar Pradesh,Azamgarh,Hafizpur,Census Town,9,61
Central Zone,Uttar Pradesh,Azamgarh,Ibrahimpur,Census Town,9,61
Central Zone,Uttar Pradesh,Azamgarh,Jiyanpur,Nagar Panchayat,9,61
Central Zone,Uttar Pradesh,Azamgarh,Katghar Lalganj,Nagar Panchayat,9,61
Central Zone,Uttar Pradesh,Azamgarh,Mahrajganj,Nagar Panchayat,9,61
Central Zone,Uttar Pradesh,Azamgarh,Mehnagar,Nagar Panchayat,9,61
Central Zone,Uttar Pradesh,Azamgarh,Mubarakpur,Municipal Board,9,61
Central Zone,Uttar Pradesh,Azamgarh,Nizamabad,Nagar Panchayat,9,61
Central Zone,Uttar Pradesh,Azamgarh,Phulpur,Nagar Panchayat,9,61
Central Zone,Uttar Pradesh,Azamgarh,Sarai Mir,Nagar Panchayat,9,61
Central Zone,Uttar Pradesh,Baghpat,Agarwal Mandi,Nagar Panchayat,9,8
Central Zone,Uttar Pradesh,Baghpat,Aminagar Sarai,Nagar Panchayat,9,8
Central Zone,Uttar Pradesh,Baghpat,Baghpat,Municipal Board,9,8
Central Zone,Uttar Pradesh,Baghpat,Baraut,Municipal Board,9,8
Central Zone,Uttar Pradesh,Baghpat,Chhaprauli,Nagar Panchayat,9,8
Central Zone,Uttar Pradesh,Baghpat,Doghat,Nagar Panchayat,9,8
Central Zone,Uttar Pradesh,Baghpat,Khekada,Nagar Panchayat,9,8
Central Zone,Uttar Pradesh,Baghpat,Tikri,Nagar Panchayat,9,8
Central Zone,Uttar Pradesh,Bahraich,Bahraich,Municipal Board,9,50
Central Zone,Uttar Pradesh,Bahraich,Jarwal,Nagar Panchayat,9,50
Central Zone,Uttar Pradesh,Bahraich,Nanpara,Municipal Board,9,50
Central Zone,Uttar Pradesh,Bahraich,Risia Bazar,Nagar Panchayat,9,50
Central Zone,Uttar Pradesh,Ballia,Ballia,Municipal Board,9,63
Central Zone,Uttar Pradesh,Ballia,Bansdih,Nagar Panchayat,9,63
Central Zone,Uttar Pradesh,Ballia,Belthara Road,Nagar Panchayat,9,63
Central Zone,Uttar Pradesh,Ballia,Chitbara Gaon,Nagar Panchayat,9,63
Central Zone,Uttar Pradesh,Ballia,Maniyar,Nagar Panchayat,9,63
Central Zone,Uttar Pradesh,Ballia,Rasra,Municipal Board,9,63
Central Zone,Uttar Pradesh,Ballia,Reoti,Nagar Panchayat,9,63
Central Zone,Uttar Pradesh,Ballia,Sahatwar,Nagar Panchayat,9,63
Central Zone,Uttar Pradesh,Ballia,Sikanderpur,Nagar Panchayat,9,63
Central Zone,Uttar Pradesh,Balrampur,Balrampur,Municipal Board,9,52
Central Zone,Uttar Pradesh,Balrampur,Pachperwa,Nagar Panchayat,9,52
Central Zone,Uttar Pradesh,Balrampur,Tulsipur,Nagar Panchayat,9,52
Central Zone,Uttar Pradesh,Balrampur,Utraula,Municipal Board,9,52
Central Zone,Uttar Pradesh,Banda,Atarra,Municipal Board,9,40
Central Zone,Uttar Pradesh,Banda,Baberu,Nagar Panchayat,9,40
Central Zone,Uttar Pradesh,Banda,Banda,Municipal Board,9,40
Central Zone,Uttar Pradesh,Banda,Bisanda Buzurg,Nagar Panchayat,9,40
Central Zone,Uttar Pradesh,Banda,Mataundh,Nagar Panchayat,9,40
Central Zone,Uttar Pradesh,Banda,Naraini,Nagar Panchayat,9,40
Central Zone,Uttar Pradesh,Banda,Oran,Nagar Panchayat,9,40
Central Zone,Uttar Pradesh,Banda,Tindwari,Nagar Panchayat,9,40
Central Zone,Uttar Pradesh,Barabanki,Banki,Nagar Panchayat,9,46
Central Zone,Uttar Pradesh,Barabanki,Dariyabad,Nagar Panchayat,9,46
Central Zone,Uttar Pradesh,Barabanki,Dewa,Nagar Panchayat,9,46
Central Zone,Uttar Pradesh,Barabanki,Fatehpur,Nagar Panchayat,9,46
Central Zone,Uttar Pradesh,Barabanki,Haidergarh,Nagar Panchayat,9,46
Central Zone,Uttar Pradesh,Barabanki,Nawabganj,Municipal Board,9,46
Central Zone,Uttar Pradesh,Barabanki,Ramnagar,Nagar Panchayat,9,46
Central Zone,Uttar Pradesh,Barabanki,Rampur Bhawanipur,Census Town,9,46
Central Zone,Uttar Pradesh,Barabanki,Satrikh,Nagar Panchayat,9,46
Central Zone,Uttar Pradesh,Barabanki,Siddhaur,Nagar Panchayat,9,46
Central Zone,Uttar Pradesh,Barabanki,Tikait Nagar,Nagar Panchayat,9,46
Central Zone,Uttar Pradesh,Barabanki,Zaidpur,Nagar Panchayat,9,46
Central Zone,Uttar Pradesh,Bareilly,Aonla,Municipal Board,9,20
Central Zone,Uttar Pradesh,Bareilly,Baheri,Municipal Board,9,20
Central Zone,Uttar Pradesh,Bareilly,Bareilly,Municipal Corporation,9,20
Central Zone,Uttar Pradesh,Bareilly,Bisharatganj,Nagar Panchayat,9,20
Central Zone,Uttar Pradesh,Bareilly,Deoranian,Nagar Panchayat,9,20
Central Zone,Uttar Pradesh,Bareilly,Dhaura Tanda,Nagar Panchayat,9,20
Central Zone,Uttar Pradesh,Bareilly,Faridpur,Nagar Panchayat,9,20
Central Zone,Uttar Pradesh,Bareilly,Fatehganj Pashchimi,Nagar Panchayat,9,20
Central Zone,Uttar Pradesh,Bareilly,Fatehganj Purvi,Nagar Panchayat,9,20
Central Zone,Uttar Pradesh,Bareilly,Kakgaina,Census Town,9,20
Central Zone,Uttar Pradesh,Bareilly,Mirganj,Nagar Panchayat,9,20
Central Zone,Uttar Pradesh,Bareilly,Nawabganj,Municipal Board,9,20
Central Zone,Uttar Pradesh,Bareilly,Pipalsana Chaudhari,Census Town,9,20
Central Zone,Uttar Pradesh,Bareilly,Richha,Nagar Panchayat,9,20
Central Zone,Uttar Pradesh,Bareilly,Rithora,Nagar Panchayat,9,20
Central Zone,Uttar Pradesh,Bareilly,Sainthal,Nagar Panchayat,9,20
Central Zone,Uttar Pradesh,Bareilly,Shahi,Nagar Panchayat,9,20
Central Zone,Uttar Pradesh,Bareilly,Shergarh,Nagar Panchayat,9,20
Central Zone,Uttar Pradesh,Bareilly,Shishgarh,Nagar Panchayat,9,20
Central Zone,Uttar Pradesh,Bareilly,Sirauli,Nagar Panchayat,9,20
Central Zone,Uttar Pradesh,Bareilly,Thiriya Nizamat Khan,Nagar Panchayat,9,20
Central Zone,Uttar Pradesh,Basti,Basti,Municipal Board,9,55
Central Zone,Uttar Pradesh,Basti,Harraiya,Nagar Panchayat,9,55
Central Zone,Uttar Pradesh,Bijnor,Afzalgarh,Municipal Board,9,3
Central Zone,Uttar Pradesh,Bijnor,Bijnor,Municipal Board,9,3
Central Zone,Uttar Pradesh,Bijnor,Chandpur,Municipal Board,9,3
Central Zone,Uttar Pradesh,Bijnor,Dhampur,Municipal Board,9,3
Central Zone,Uttar Pradesh,Bijnor,Haldaur,Municipal Board,9,3
Central Zone,Uttar Pradesh,Bijnor,Jalalabad,Nagar Panchayat,9,3
Central Zone,Uttar Pradesh,Bijnor,Jhalu,Nagar Panchayat,9,3
Central Zone,Uttar Pradesh,Bijnor,Kiratpur,Municipal Board,9,3
Central Zone,Uttar Pradesh,Bijnor,Mandawar,Nagar Panchayat,9,3
Central Zone,Uttar Pradesh,Bijnor,Mukrampur Khema,Census Town,9,3
Central Zone,Uttar Pradesh,Bijnor,Nagina,Municipal Board,9,3
Central Zone,Uttar Pradesh,Bijnor,Najibabad,Municipal Board,9,3
Central Zone,Uttar Pradesh,Bijnor,Nehtaur,Municipal Board,9,3
Central Zone,Uttar Pradesh,Bijnor,Noorpur,Municipal Board,9,3
Central Zone,Uttar Pradesh,Bijnor,Rashidpur Garhi,Census Town,9,3
Central Zone,Uttar Pradesh,Bijnor,Sahanpur,Nagar Panchayat,9,3
Central Zone,Uttar Pradesh,Bijnor,Sahaspur,Nagar Panchayat,9,3
Central Zone,Uttar Pradesh,Bijnor,Seohara,Municipal Board,9,3
Central Zone,Uttar Pradesh,Bijnor,Sherkot,Municipal Board,9,3
Central Zone,Uttar Pradesh,Bijnor,Tatarpur Lallu,Census Town,9,3
Central Zone,Uttar Pradesh,Bijnor,Warhapur,Nagar Panchayat,9,3
Central Zone,Uttar Pradesh,Budaun,Allapur,Nagar Panchayat,9,19
Central Zone,Uttar Pradesh,Budaun,Babrala,Nagar Panchayat,9,19
Central Zone,Uttar Pradesh,Budaun,Bilsi,Municipal Board,9,19
Central Zone,Uttar Pradesh,Budaun,Bisauli,Municipal Board,9,19
Central Zone,Uttar Pradesh,Budaun,Budaun,Municipal Board,9,19
Central Zone,Uttar Pradesh,Budaun,Dataganj,Nagar Panchayat,9,19
Central Zone,Uttar Pradesh,Budaun,Faizganj,Nagar Panchayat,9,19
Central Zone,Uttar Pradesh,Budaun,Gawan,Nagar Panchayat,9,19
Central Zone,Uttar Pradesh,Budaun,Gulariya,Nagar Panchayat,9,19
Central Zone,Uttar Pradesh,Budaun,Gunnaur,Nagar Panchayat,9,19
Central Zone,Uttar Pradesh,Budaun,Islamnagar,Nagar Panchayat,9,19
Central Zone,Uttar Pradesh,Budaun,Kachhla,Nagar Panchayat,9,19
Central Zone,Uttar Pradesh,Budaun,Kakrala,Municipal Board,9,19
Central Zone,Uttar Pradesh,Budaun,Kunwargaon,Nagar Panchayat,9,19
Central Zone,Uttar Pradesh,Budaun,Mundia,Nagar Panchayat,9,19
Central Zone,Uttar Pradesh,Budaun,Rudayan,Nagar Panchayat,9,19
Central Zone,Uttar Pradesh,Budaun,Sahaswan,Municipal Board,9,19
Central Zone,Uttar Pradesh,Budaun,Saidpur,Nagar Panchayat,9,19
Central Zone,Uttar Pradesh,Budaun,Sakhanu,Nagar Panchayat,9,19
Central Zone,Uttar Pradesh,Budaun,Ujhani,Municipal Board,9,19
Central Zone,Uttar Pradesh,Budaun,Usawan,Nagar Panchayat,9,19
Central Zone,Uttar Pradesh,Budaun,Usehat,Nagar Panchayat,9,19
Central Zone,Uttar Pradesh,Budaun,Wazirganj,Nagar Panchayat,9,19
Central Zone,Uttar Pradesh,Bulandshahr,Anupshahr,Municipal Board,9,11
Central Zone,Uttar Pradesh,Bulandshahr,Aurangabad,Nagar Panchayat,9,11
Central Zone,Uttar Pradesh,Bulandshahr,Bhawan Bahadur Nagar,Nagar Panchayat,9,11
Central Zone,Uttar Pradesh,Bulandshahr,Bugrasi,Nagar Panchayat,9,11
Central Zone,Uttar Pradesh,Bulandshahr,Bulandshahr,Municipal Board,9,11
Central Zone,Uttar Pradesh,Bulandshahr,Chhatari,Nagar Panchayat,9,11
Central Zone,Uttar Pradesh,Bulandshahr,Dibai,Municipal Board,9,11
Central Zone,Uttar Pradesh,Bulandshahr,Gulaothi,Municipal Board,9,11
Central Zone,Uttar Pradesh,Bulandshahr,Jahangirabad,Municipal Board,9,11
Central Zone,Uttar Pradesh,Bulandshahr,Khanpur,Nagar Panchayat,9,11
Central Zone,Uttar Pradesh,Bulandshahr,Khurja,Municipal Board,9,11
Central Zone,Uttar Pradesh,Bulandshahr,Naraura,Nagar Panchayat,9,11
Central Zone,Uttar Pradesh,Bulandshahr,Pahasu,Nagar Panchayat,9,11
Central Zone,Uttar Pradesh,Bulandshahr,Shikarpur,Municipal Board,9,11
Central Zone,Uttar Pradesh,Bulandshahr,Siana,Municipal Board,9,11
Central Zone,Uttar Pradesh,Bulandshahr,Sikandrabad,Municipal Board,9,11
Central Zone,Uttar Pradesh,Chandauli,Chakia,Nagar Panchayat,9,66
Central Zone,Uttar Pradesh,Chandauli,Chandauli,Nagar Panchayat,9,66
Central Zone,Uttar Pradesh,Chandauli,Dulhipur,Census Town,9,66
Central Zone,Uttar Pradesh,Chandauli,Mughalsarai,Municipal Board,9,66
Central Zone,Uttar Pradesh,Chandauli,Mughalsarai Rly. Settlement,Nagar Panchayat,9,66
Central Zone,Uttar Pradesh,Chandauli,Saiyad Raja,Nagar Panchayat,9,66
Central Zone,Uttar Pradesh,Chitrakoot,Chitrakoot Dham (Karwi),Municipal Board,9,41
Central Zone,Uttar Pradesh,Chitrakoot,Manikpur Sarhat,Nagar Panchayat,9,41
Central Zone,Uttar Pradesh,Chitrakoot,Rajapur,Nagar Panchayat,9,41
Central Zone,Uttar Pradesh,Deoria,Bhatni Bazar,Nagar Panchayat,9,60
Central Zone,Uttar Pradesh,Deoria,Bhatpar Rani,Nagar Panchayat,9,60
Central Zone,Uttar Pradesh,Deoria,Deoria,Municipal Board,9,60
Central Zone,Uttar Pradesh,Deoria,Gaura Barhaj,Municipal Board,9,60
Central Zone,Uttar Pradesh,Deoria,Gauri Bazar,Nagar Panchayat,9,60
Central Zone,Uttar Pradesh,Deoria,Lar,Nagar Panchayat,9,60
Central Zone,Uttar Pradesh,Deoria,Majhauli Raj,Nagar Panchayat,9,60
Central Zone,Uttar Pradesh,Deoria,Rampur Karkhana,Nagar Panchayat,9,60
Central Zone,Uttar Pradesh,Deoria,Rudrapur,Nagar Panchayat,9,60
Central Zone,Uttar Pradesh,Deoria,Salempur,Nagar Panchayat,9,60
Central Zone,Uttar Pradesh,Etah,Aliganj,Municipal Board,9,17
Central Zone,Uttar Pradesh,Etah,Amanpur,Nagar Panchayat,9,17
Central Zone,Uttar Pradesh,Etah,Awagarh,Nagar Panchayat,9,17
Central Zone,Uttar Pradesh,Etah,Bhargain,Nagar Panchayat,9,17
Central Zone,Uttar Pradesh,Etah,Bilram,Nagar Panchayat,9,17
Central Zone,Uttar Pradesh,Etah,Etah,Municipal Board,9,17
Central Zone,Uttar Pradesh,Etah,Ganj Dundawara,Municipal Board,9,17
Central Zone,Uttar Pradesh,Etah,Jaithara,Nagar Panchayat,9,17
Central Zone,Uttar Pradesh,Etah,Jalesar,Municipal Board,9,17
Central Zone,Uttar Pradesh,Etah,Kasganj,Municipal Board,9,17
Central Zone,Uttar Pradesh,Etah,Marehra,Municipal Board,9,17
Central Zone,Uttar Pradesh,Etah,Mohanpur,Nagar Panchayat,9,17
Central Zone,Uttar Pradesh,Etah,Nidhauli Kalan,Nagar Panchayat,9,17
Central Zone,Uttar Pradesh,Etah,Patiyali,Nagar Panchayat,9,17
Central Zone,Uttar Pradesh,Etah,Raja Ka Rampur,Nagar Panchayat,9,17
Central Zone,Uttar Pradesh,Etah,Sahawar,Nagar Panchayat,9,17
Central Zone,Uttar Pradesh,Etah,Sakit,Nagar Panchayat,9,17
Central Zone,Uttar Pradesh,Etah,Sidhpura,Nagar Panchayat,9,17
Central Zone,Uttar Pradesh,Etah,Soron,Municipal Board,9,17
Central Zone,Uttar Pradesh,Etawah,Bakewar,Nagar Panchayat,9,31
Central Zone,Uttar Pradesh,Etawah,Bharthana,Municipal Board,9,31
Central Zone,Uttar Pradesh,Etawah,Ekdil,Nagar Panchayat,9,31
Central Zone,Uttar Pradesh,Etawah,Etawah,Municipal Board,9,31
Central Zone,Uttar Pradesh,Etawah,Jaswantnagar,Municipal Board,9,31
Central Zone,Uttar Pradesh,Etawah,Lakhna,Nagar Panchayat,9,31
Central Zone,Uttar Pradesh,Faizabad,Ayodhya,Municipal Board,9,47
Central Zone,Uttar Pradesh,Faizabad,Bhadarsa,Nagar Panchayat,9,47
Central Zone,Uttar Pradesh,Faizabad,Bikapur,Nagar Panchayat,9,47
Central Zone,Uttar Pradesh,Faizabad,Faizabad,Municipal Board,9,47
Central Zone,Uttar Pradesh,Faizabad,Gosainganj,Nagar Panchayat,9,47
Central Zone,Uttar Pradesh,Faizabad,Rudauli,Municipal Board,9,47
Central Zone,Uttar Pradesh,Farrukhabad,Farrukhabad-cum-Fatehgarh,Municipal Board,9,29
Central Zone,Uttar Pradesh,Farrukhabad,Fatehgarh,Cantonment Board,9,29
Central Zone,Uttar Pradesh,Farrukhabad,Kaimganj,Municipal Board,9,29
Central Zone,Uttar Pradesh,Farrukhabad,Kamalganj,Nagar Panchayat,9,29
Central Zone,Uttar Pradesh,Farrukhabad,Kampil,Nagar Panchayat,9,29
Central Zone,Uttar Pradesh,Farrukhabad,Mohammadabad,Nagar Panchayat,9,29
Central Zone,Uttar Pradesh,Farrukhabad,Shamsabad,Nagar Panchayat,9,29
Central Zone,Uttar Pradesh,Fatehpur,Bahuwa,Nagar Panchayat,9,42
Central Zone,Uttar Pradesh,Fatehpur,Bindki,Municipal Board,9,42
Central Zone,Uttar Pradesh,Fatehpur,Fatehpur,Municipal Board,9,42
Central Zone,Uttar Pradesh,Fatehpur,Khaga,Nagar Panchayat,9,42
Central Zone,Uttar Pradesh,Fatehpur,Kishunpur,Nagar Panchayat,9,42
Central Zone,Uttar Pradesh,Fatehpur,Kora Jahanabad,Nagar Panchayat,9,42
Central Zone,Uttar Pradesh,Firozabad,Fariha,Nagar Panchayat,9,16
Central Zone,Uttar Pradesh,Firozabad,Firozabad,Municipal Board,9,16
Central Zone,Uttar Pradesh,Firozabad,Jasrana,Nagar Panchayat,9,16
Central Zone,Uttar Pradesh,Firozabad,Shikohabad,Municipal Board,9,16
Central Zone,Uttar Pradesh,Firozabad,Sirsaganj,Municipal Board,9,16
Central Zone,Uttar Pradesh,Firozabad,Sukhmalpur Nizamabad,Census Town,9,16
Central Zone,Uttar Pradesh,Firozabad,Tundla,Municipal Board,9,16
Central Zone,Uttar Pradesh,Firozabad,Tundla Kham,Census Town,9,16
Central Zone,Uttar Pradesh,Firozabad,Tundla Rly. Colony,Census Town,9,16
Central Zone,Uttar Pradesh,Gautam Buddha Nagar,Bilaspur,Nagar Panchayat,9,10
Central Zone,Uttar Pradesh,Gautam Buddha Nagar,Dadri,Municipal Board,9,10
Central Zone,Uttar Pradesh,Gautam Buddha Nagar,Dankaur,Nagar Panchayat,9,10
Central Zone,Uttar Pradesh,Gautam Buddha Nagar,Jahangirpur,Nagar Panchayat,9,10
Central Zone,Uttar Pradesh,Gautam Buddha Nagar,Jewar,Nagar Panchayat,9,10
Central Zone,Uttar Pradesh,Gautam Buddha Nagar,Kakod,Nagar Panchayat,9,10
Central Zone,Uttar Pradesh,Gautam Buddha Nagar,Noida,Census Town,9,10
Central Zone,Uttar Pradesh,Gautam Buddha Nagar,Rabupura,Nagar Panchayat,9,10
Central Zone,Uttar Pradesh,Gautam Buddha Nagar,Salarpur Khadar,Census Town,9,10
Central Zone,Uttar Pradesh,Ghaziabad,Babugarh,Nagar Panchayat,9,9
Central Zone,Uttar Pradesh,Ghaziabad,Begumabad Budhana,Census Town,9,9
Central Zone,Uttar Pradesh,Ghaziabad,Behta Hajipur,Census Town,9,9
Central Zone,Uttar Pradesh,Ghaziabad,Bisokhar,Census Town,9,9
Central Zone,Uttar Pradesh,Ghaziabad,Dasna,Nagar Panchayat,9,9
Central Zone,Uttar Pradesh,Ghaziabad,Dharoti Khurd,Census Town,9,9
Central Zone,Uttar Pradesh,Ghaziabad,Faridnagar,Nagar Panchayat,9,9
Central Zone,Uttar Pradesh,Ghaziabad,Garhmukteshwar,Municipal Board,9,9
Central Zone,Uttar Pradesh,Ghaziabad,Ghaziabad,Municipal Corporation,9,9
Central Zone,Uttar Pradesh,Ghaziabad,Hapur,Municipal Board,9,9
Central Zone,Uttar Pradesh,Ghaziabad,Loni,Nagar Panchayat,9,9
Central Zone,Uttar Pradesh,Ghaziabad,Modinagar,Municipal Board,9,9
Central Zone,Uttar Pradesh,Ghaziabad,Muradnagar,Municipal Board,9,9
Central Zone,Uttar Pradesh,Ghaziabad,Niwari,Nagar Panchayat,9,9
Central Zone,Uttar Pradesh,Ghaziabad,Ordnance Factory Muradnagar,Census Town,9,9
Central Zone,Uttar Pradesh,Ghaziabad,Patala,Nagar Panchayat,9,9
Central Zone,Uttar Pradesh,Ghaziabad,Pilkhuwa,Municipal Board,9,9
Central Zone,Uttar Pradesh,Ghazipur,Bahadurganj,Nagar Panchayat,9,65
Central Zone,Uttar Pradesh,Ghazipur,Dildarnagar Fatehpur Bazar,Nagar Panchayat,9,65
Central Zone,Uttar Pradesh,Ghazipur,Ghazipur,Municipal Board,9,65
Central Zone,Uttar Pradesh,Ghazipur,Jangipur,Nagar Panchayat,9,65
Central Zone,Uttar Pradesh,Ghazipur,Mohammadabad,Municipal Board,9,65
Central Zone,Uttar Pradesh,Ghazipur,Sadat,Nagar Panchayat,9,65
Central Zone,Uttar Pradesh,Ghazipur,Saidpur,Nagar Panchayat,9,65
Central Zone,Uttar Pradesh,Ghazipur,Zamania,Municipal Board,9,65
Central Zone,Uttar Pradesh,Gonda,Colonelganj,Municipal Board,9,53
Central Zone,Uttar Pradesh,Gonda,Gonda,Municipal Board,9,53
Central Zone,Uttar Pradesh,Gonda,"Indian Telephone Industry, Mankapur (Sp. Village)",Census Town,9,53
Central Zone,Uttar Pradesh,Gonda,Katra,Nagar Panchayat,9,53
Central Zone,Uttar Pradesh,Gonda,Khargupur,Nagar Panchayat,9,53
Central Zone,Uttar Pradesh,Gonda,Mankapur,Nagar Panchayat,9,53
Central Zone,Uttar Pradesh,Gonda,Nawabganj,Municipal Board,9,53
Central Zone,Uttar Pradesh,Gorakhpur,Air Force Area,Census Town,9,58
Central Zone,Uttar Pradesh,Gorakhpur,Bansgaon,Nagar Panchayat,9,58
Central Zone,Uttar Pradesh,Gorakhpur,Barhalganj,Nagar Panchayat,9,58
Central Zone,Uttar Pradesh,Gorakhpur,Gola Bazar,Nagar Panchayat,9,58
Central Zone,Uttar Pradesh,Gorakhpur,Gorakhpur,Municipal Corporation,9,58
Central Zone,Uttar Pradesh,Gorakhpur,Mundera Bazar,Nagar Panchayat,9,58
Central Zone,Uttar Pradesh,Gorakhpur,Pipiganj,Nagar Panchayat,9,58
Central Zone,Uttar Pradesh,Gorakhpur,Pipraich,Nagar Panchayat,9,58
Central Zone,Uttar Pradesh,Gorakhpur,Sahjanwa,Nagar Panchayat,9,58
Central Zone,Uttar Pradesh,Hamirpur,Gohand,Nagar Panchayat,9,38
Central Zone,Uttar Pradesh,Hamirpur,Hamirpur,Municipal Board,9,38
Central Zone,Uttar Pradesh,Hamirpur,Kurara,Nagar Panchayat,9,38
Central Zone,Uttar Pradesh,Hamirpur,Maudaha,Municipal Board,9,38
Central Zone,Uttar Pradesh,Hamirpur,Rath,Municipal Board,9,38
Central Zone,Uttar Pradesh,Hamirpur,Sarila,Nagar Panchayat,9,38
Central Zone,Uttar Pradesh,Hamirpur,Sumerpur,Nagar Panchayat,9,38
Central Zone,Uttar Pradesh,Hardoi,Beniganj,Nagar Panchayat,9,25
Central Zone,Uttar Pradesh,Hardoi,Bilgram,Municipal Board,9,25
Central Zone,Uttar Pradesh,Hardoi,Gopamau,Nagar Panchayat,9,25
Central Zone,Uttar Pradesh,Hardoi,Hardoi,Municipal Board,9,25
Central Zone,Uttar Pradesh,Hardoi,Kachhauna Patseni,Nagar Panchayat,9,25
Central Zone,Uttar Pradesh,Hardoi,Kursath,Nagar Panchayat,9,25
Central Zone,Uttar Pradesh,Hardoi,Madhoganj,Nagar Panchayat,9,25
Central Zone,Uttar Pradesh,Hardoi,Mallawan,Municipal Board,9,25
Central Zone,Uttar Pradesh,Hardoi,Pali,Nagar Panchayat,9,25
Central Zone,Uttar Pradesh,Hardoi,Pihani,Municipal Board,9,25
Central Zone,Uttar Pradesh,Hardoi,Sandi,Municipal Board,9,25
Central Zone,Uttar Pradesh,Hardoi,Sandila,Municipal Board,9,25
Central Zone,Uttar Pradesh,Hardoi,Shahabad,Municipal Board,9,25
Central Zone,Uttar Pradesh,Hardoi,Som,Census Town,9,25
Central Zone,Uttar Pradesh,Hathras,Hasayan,Nagar Panchayat,9,13
Central Zone,Uttar Pradesh,Hathras,Hathras,Municipal Board,9,13
Central Zone,Uttar Pradesh,Hathras,Mendu,Nagar Panchayat,9,13
Central Zone,Uttar Pradesh,Hathras,Mursan,Nagar Panchayat,9,13
Central Zone,Uttar Pradesh,Hathras,Purdilnagar,Nagar Panchayat,9,13
Central Zone,Uttar Pradesh,Hathras,Sadabad,Nagar Panchayat,9,13
Central Zone,Uttar Pradesh,Hathras,Sahpau NP,Nagar Panchayat,9,13
Central Zone,Uttar Pradesh,Hathras,Sasni,Nagar Panchayat,9,13
Central Zone,Uttar Pradesh,Hathras,Sikandra Rao,Municipal Board,9,13
Central Zone,Uttar Pradesh,Jalaun,Jalaun,Municipal Board,9,35
Central Zone,Uttar Pradesh,Jalaun,Kadaura,Nagar Panchayat,9,35
Central Zone,Uttar Pradesh,Jalaun,Kalpi,Municipal Board,9,35
Central Zone,Uttar Pradesh,Jalaun,Konch,Municipal Board,9,35
Central Zone,Uttar Pradesh,Jalaun,Kotra,Nagar Panchayat,9,35
Central Zone,Uttar Pradesh,Jalaun,Madhogarh,Nagar Panchayat,9,35
Central Zone,Uttar Pradesh,Jalaun,Nadigaon,Nagar Panchayat,9,35
Central Zone,Uttar Pradesh,Jalaun,Orai,Municipal Board,9,35
Central Zone,Uttar Pradesh,Jalaun,Rampura,Nagar Panchayat,9,35
Central Zone,Uttar Pradesh,Jalaun,Umri,Nagar Panchayat,9,35
Central Zone,Uttar Pradesh,Jaunpur,Dhanauha,Census Town,9,64
Central Zone,Uttar Pradesh,Jaunpur,Jafarabad,Nagar Panchayat,9,64
Central Zone,Uttar Pradesh,Jaunpur,Jaunpur,Municipal Board,9,64
Central Zone,Uttar Pradesh,Jaunpur,Kerakat,Nagar Panchayat,9,64
Central Zone,Uttar Pradesh,Jaunpur,Kheta Sarai,Nagar Panchayat,9,64
Central Zone,Uttar Pradesh,Jaunpur,Machhlishahr,Nagar Panchayat,9,64
Central Zone,Uttar Pradesh,Jaunpur,Mariahu,Nagar Panchayat,9,64
Central Zone,Uttar Pradesh,Jaunpur,Mogra Badshahpur,Municipal Board,9,64
Central Zone,Uttar Pradesh,Jaunpur,Shahganj,Municipal Board,9,64
Central Zone,Uttar Pradesh,Jhansi,Babina,Cantonment Board,9,36
Central Zone,Uttar Pradesh,Jhansi,Baragaon,Nagar Panchayat,9,36
Central Zone,Uttar Pradesh,Jhansi,Barua Sagar,Municipal Board,9,36
Central Zone,Uttar Pradesh,Jhansi,Chirgaon,Municipal Board,9,36
Central Zone,Uttar Pradesh,Jhansi,Erich,Nagar Panchayat,9,36
Central Zone,Uttar Pradesh,Jhansi,Garautha,Nagar Panchayat,9,36
Central Zone,Uttar Pradesh,Jhansi,Gursarai,Municipal Board,9,36
Central Zone,Uttar Pradesh,Jhansi,Jhansi,Municipal Board,9,36
Central Zone,Uttar Pradesh,Jhansi,Jhansi Rly. Settlement,Industrial Township,9,36
Central Zone,Uttar Pradesh,Jhansi,Kathera,Nagar Panchayat,9,36
Central Zone,Uttar Pradesh,Jhansi,Khailar,Census Town,9,36
Central Zone,Uttar Pradesh,Jhansi,Mauranipur,Municipal Board,9,36
Central Zone,Uttar Pradesh,Jhansi,Moth,Nagar Panchayat,9,36
Central Zone,Uttar Pradesh,Jhansi,Parichha,Census Town,9,36
Central Zone,Uttar Pradesh,Jhansi,Ranipur,Nagar Panchayat,9,36
Central Zone,Uttar Pradesh,Jhansi,Samthar,Municipal Board,9,36
Central Zone,Uttar Pradesh,Jhansi,Tondi Fatehpur,Nagar Panchayat,9,36
Central Zone,Uttar Pradesh,Jyotiba Phule Nagar,Amroha,Municipal Board,9,6
Central Zone,Uttar Pradesh,Jyotiba Phule Nagar,Bachhraon,Municipal Board,9,6
Central Zone,Uttar Pradesh,Jyotiba Phule Nagar,Dhanaura,Municipal Board,9,6
Central Zone,Uttar Pradesh,Jyotiba Phule Nagar,Gajraula,Nagar Panchayat,9,6
Central Zone,Uttar Pradesh,Jyotiba Phule Nagar,Hasanpur,Municipal Board,9,6
Central Zone,Uttar Pradesh,Jyotiba Phule Nagar,Joya,Nagar Panchayat,9,6
Central Zone,Uttar Pradesh,Jyotiba Phule Nagar,Naugawan Sadat,Nagar Panchayat,9,6
Central Zone,Uttar Pradesh,Jyotiba Phule Nagar,Ujhari,Nagar Panchayat,9,6
Central Zone,Uttar Pradesh,Kannauj,Chhibramau,Municipal Board,9,30
Central Zone,Uttar Pradesh,Kannauj,Gursahaiganj,Municipal Board,9,30
Central Zone,Uttar Pradesh,Kannauj,Kannauj,Municipal Board,9,30
Central Zone,Uttar Pradesh,Kannauj,Samdhan,Nagar Panchayat,9,30
Central Zone,Uttar Pradesh,Kannauj,Saurikh,Nagar Panchayat,9,30
Central Zone,Uttar Pradesh,Kannauj,Sikanderpur,Nagar Panchayat,9,30
Central Zone,Uttar Pradesh,Kannauj,Talgram,Nagar Panchayat,9,30
Central Zone,Uttar Pradesh,Kannauj,Tirwaganj,Nagar Panchayat,9,30
Central Zone,Uttar Pradesh,Kanpur Dehat,Akbarpur,Nagar Panchayat,9,33
Central Zone,Uttar Pradesh,Kanpur Dehat,Amraudha,Nagar Panchayat,9,33
Central Zone,Uttar Pradesh,Kanpur Dehat,Gausganj,Census Town,9,33
Central Zone,Uttar Pradesh,Kanpur Dehat,Jhinjhak,Nagar Panchayat,9,33
Central Zone,Uttar Pradesh,Kanpur Dehat,Pukhrayan,Municipal Board,9,33
Central Zone,Uttar Pradesh,Kanpur Dehat,Rura,Nagar Panchayat,9,33
Central Zone,Uttar Pradesh,Kanpur Dehat,Shivli,Nagar Panchayat,9,33
Central Zone,Uttar Pradesh,Kanpur Dehat,Sikandra,Nagar Panchayat,9,33
Central Zone,Uttar Pradesh,Kanpur Nagar,Armapur Estate,Census Town,9,34
Central Zone,Uttar Pradesh,Kanpur Nagar,Bilhaur,Municipal Board,9,34
Central Zone,Uttar Pradesh,Kanpur Nagar,Bithoor,Nagar Panchayat,9,34
Central Zone,Uttar Pradesh,Kanpur Nagar,Chakeri,Census Town,9,34
Central Zone,Uttar Pradesh,Kanpur Nagar,Choubepur Kalan,Census Town,9,34
Central Zone,Uttar Pradesh,Kanpur Nagar,Ghatampur,Municipal Board,9,34
Central Zone,Uttar Pradesh,Kanpur Nagar,Kanpur,Municipal Corporation,9,34
Central Zone,Uttar Pradesh,Kanpur Nagar,Northern Rly. Colony,Census Town,9,34
Central Zone,Uttar Pradesh,Kanpur Nagar,Shivrajpur,Nagar Panchayat,9,34
Central Zone,Uttar Pradesh,Kaushambi,Ajhuwa,Nagar Panchayat,9,44
Central Zone,Uttar Pradesh,Kaushambi,Bharwari,Nagar Panchayat,9,44
Central Zone,Uttar Pradesh,Kaushambi,Chail,Nagar Panchayat,9,44
Central Zone,Uttar Pradesh,Kaushambi,Karari,Nagar Panchayat,9,44
Central Zone,Uttar Pradesh,Kaushambi,Manjhanpur,Nagar Panchayat,9,44
Central Zone,Uttar Pradesh,Kaushambi,Sarai Aquil,Nagar Panchayat,9,44
Central Zone,Uttar Pradesh,Kaushambi,Sirathu,Nagar Panchayat,9,44
Central Zone,Uttar Pradesh,Kheri,Barwar,Nagar Panchayat,9,23
Central Zone,Uttar Pradesh,Kheri,Dhaurehra,Nagar Panchayat,9,23
Central Zone,Uttar Pradesh,Kheri,Gola Gokarannath,Municipal Board,9,23
Central Zone,Uttar Pradesh,Kheri,Kheri,Nagar Panchayat,9,23
Central Zone,Uttar Pradesh,Kheri,Lakhimpur,Municipal Board,9,23
Central Zone,Uttar Pradesh,Kheri,Mailani,Nagar Panchayat,9,23
Central Zone,Uttar Pradesh,Kheri,Mohammadi,Municipal Board,9,23
Central Zone,Uttar Pradesh,Kheri,Oel Dhakwa,Nagar Panchayat,9,23
Central Zone,Uttar Pradesh,Kheri,Palia Kalan,Municipal Board,9,23
Central Zone,Uttar Pradesh,Kheri,Singahi Bhiraura,Nagar Panchayat,9,23
Central Zone,Uttar Pradesh,Kushinagar,Hata,Nagar Panchayat,9,59
Central Zone,Uttar Pradesh,Kushinagar,Kaptanganj,Nagar Panchayat,9,59
Central Zone,Uttar Pradesh,Kushinagar,Khadda,Nagar Panchayat,9,59
Central Zone,Uttar Pradesh,Kushinagar,Kushinagar,Nagar Panchayat,9,59
Central Zone,Uttar Pradesh,Kushinagar,Padrauna,Municipal Board,9,59
Central Zone,Uttar Pradesh,Kushinagar,Ramkola,Nagar Panchayat,9,59
Central Zone,Uttar Pradesh,Kushinagar,Sewarhi,Nagar Panchayat,9,59
Central Zone,Uttar Pradesh,Lalitpur,Lalitpur,Municipal Board,9,37
Central Zone,Uttar Pradesh,Lalitpur,Mahroni,Nagar Panchayat,9,37
Central Zone,Uttar Pradesh,Lalitpur,Pali,Nagar Panchayat,9,37
Central Zone,Uttar Pradesh,Lalitpur,Talbehat,Nagar Panchayat,9,37
Central Zone,Uttar Pradesh,Lucknow,Amethi,Nagar Panchayat,9,27
Central Zone,Uttar Pradesh,Lucknow,Gosainganj,Nagar Panchayat,9,27
Central Zone,Uttar Pradesh,Lucknow,Itaunja,Nagar Panchayat,9,27
Central Zone,Uttar Pradesh,Lucknow,Kakori,Nagar Panchayat,9,27
Central Zone,Uttar Pradesh,Lucknow,Lucknow,Municipal Corporation,9,27
Central Zone,Uttar Pradesh,Lucknow,Mahona,Nagar Panchayat,9,27
Central Zone,Uttar Pradesh,Lucknow,Malihabad,Nagar Panchayat,9,27
Central Zone,Uttar Pradesh,Lucknow,Nagram,Nagar Panchayat,9,27
Central Zone,Uttar Pradesh,Maharajganj,Anandnagar,Nagar Panchayat,9,57
Central Zone,Uttar Pradesh,Maharajganj,Ghughuli,Nagar Panchayat,9,57
Central Zone,Uttar Pradesh,Maharajganj,Mahrajganj,Municipal Board,9,57
Central Zone,Uttar Pradesh,Maharajganj,Nautanwa,Municipal Board,9,57
Central Zone,Uttar Pradesh,Maharajganj,Nichlaul,Nagar Panchayat,9,57
Central Zone,Uttar Pradesh,Maharajganj,Siswa Bazar,Nagar Panchayat,9,57
Central Zone,Uttar Pradesh,Mahoba,Charkhari,Municipal Board,9,39
Central Zone,Uttar Pradesh,Mahoba,Kabrai,Nagar Panchayat,9,39
Central Zone,Uttar Pradesh,Mahoba,Kharela,Nagar Panchayat,9,39
Central Zone,Uttar Pradesh,Mahoba,Kul Pahar,Nagar Panchayat,9,39
Central Zone,Uttar Pradesh,Mahoba,Mahoba,Municipal Board,9,39
Central Zone,Uttar Pradesh,Mainpuri,Bewar,Nagar Panchayat,9,18
Central Zone,Uttar Pradesh,Mainpuri,Bhogaon,Nagar Panchayat,9,18
Central Zone,Uttar Pradesh,Mainpuri,Ghiraur,Nagar Panchayat,9,18
Central Zone,Uttar Pradesh,Mainpuri,Jyoti Khuria,Nagar Panchayat,9,18
Central Zone,Uttar Pradesh,Mainpuri,Karhal,Nagar Panchayat,9,18
Central Zone,Uttar Pradesh,Mainpuri,Kishni,Nagar Panchayat,9,18
Central Zone,Uttar Pradesh,Mainpuri,Kuraoli,Nagar Panchayat,9,18
Central Zone,Uttar Pradesh,Mainpuri,Kusmara,Nagar Panchayat,9,18
Central Zone,Uttar Pradesh,Mainpuri,Mainpuri,Municipal Board,9,18
Central Zone,Uttar Pradesh,Mathura,Aurangabad Bangar,Census Town,9,14
Central Zone,Uttar Pradesh,Mathura,Bad,Census Town,9,14
Central Zone,Uttar Pradesh,Mathura,Bajna,Nagar Panchayat,9,14
Central Zone,Uttar Pradesh,Mathura,Baldeo,Nagar Panchayat,9,14
Central Zone,Uttar Pradesh,Mathura,Barsana,Nagar Panchayat,9,14
Central Zone,Uttar Pradesh,Mathura,Chaumuhan,Nagar Panchayat,9,14
Central Zone,Uttar Pradesh,Mathura,Chhata,Nagar Panchayat,9,14
Central Zone,Uttar Pradesh,Mathura,Farah,Nagar Panchayat,9,14
Central Zone,Uttar Pradesh,Mathura,Gokul,Nagar Panchayat,9,14
Central Zone,Uttar Pradesh,Mathura,Govardhan,Nagar Panchayat,9,14
Central Zone,Uttar Pradesh,Mathura,Kosi Kalan,Municipal Board,9,14
Central Zone,Uttar Pradesh,Mathura,Mahaban,Nagar Panchayat,9,14
Central Zone,Uttar Pradesh,Mathura,Mathura,Municipal Board,9,14
Central Zone,Uttar Pradesh,Mathura,Nandgaon,Nagar Panchayat,9,14
Central Zone,Uttar Pradesh,Mathura,Radhakund,Nagar Panchayat,9,14
Central Zone,Uttar Pradesh,Mathura,Raya,Nagar Panchayat,9,14
Central Zone,Uttar Pradesh,Mathura,Saunkh,Nagar Panchayat,9,14
Central Zone,Uttar Pradesh,Mathura,Vrindavan,Municipal Board,9,14
Central Zone,Uttar Pradesh,Mau,Adari,Nagar Panchayat,9,62
Central Zone,Uttar Pradesh,Mau,Amila,Nagar Panchayat,9,62
Central Zone,Uttar Pradesh,Mau,Dohrighat,Nagar Panchayat,9,62
Central Zone,Uttar Pradesh,Mau,Ghosi,Nagar Panchayat,9,62
Central Zone,Uttar Pradesh,Mau,Khairabad,Census Town,9,62
Central Zone,Uttar Pradesh,Mau,Kopaganj,Nagar Panchayat,9,62
Central Zone,Uttar Pradesh,Mau,Kurthi Jafarpur,Census Town,9,62
Central Zone,Uttar Pradesh,Mau,Maunath Bhanjan,Municipal Board,9,62
Central Zone,Uttar Pradesh,Mau,Muhammadabad,Nagar Panchayat,9,62
Central Zone,Uttar Pradesh,Meerut,Aminagar Urf Bhurbaral,Census Town,9,7
Central Zone,Uttar Pradesh,Meerut,Bahsuma,Nagar Panchayat,9,7
Central Zone,Uttar Pradesh,Meerut,Daurala,Nagar Panchayat,9,7
Central Zone,Uttar Pradesh,Meerut,Hastinapur,Nagar Panchayat,9,7
Central Zone,Uttar Pradesh,Meerut,Karnawal,Nagar Panchayat,9,7
Central Zone,Uttar Pradesh,Meerut,Kharkhoda,Nagar Panchayat,9,7
Central Zone,Uttar Pradesh,Meerut,Kithaur,Nagar Panchayat,9,7
Central Zone,Uttar Pradesh,Meerut,Lawar NP,Nagar Panchayat,9,7
Central Zone,Uttar Pradesh,Meerut,Mawana,Municipal Board,9,7
Central Zone,Uttar Pradesh,Meerut,Meerut,Municipal Corporation,9,7
Central Zone,Uttar Pradesh,Meerut,Mohiuddinpur,Census Town,9,7
Central Zone,Uttar Pradesh,Meerut,Parikshitgarh,Nagar Panchayat,9,7
Central Zone,Uttar Pradesh,Meerut,Phalauda,Nagar Panchayat,9,7
Central Zone,Uttar Pradesh,Meerut,Sardhana,Municipal Board,9,7
Central Zone,Uttar Pradesh,Meerut,Sewalkhas,Nagar Panchayat,9,7
Central Zone,Uttar Pradesh,Mirzapur,Ahraura,Municipal Board,9,69
Central Zone,Uttar Pradesh,Mirzapur,Bakiabad,Census Town,9,69
Central Zone,Uttar Pradesh,Mirzapur,Bharuhana,Census Town,9,69
Central Zone,Uttar Pradesh,Mirzapur,Chunar,Municipal Board,9,69
Central Zone,Uttar Pradesh,Mirzapur,Kachhwa,Nagar Panchayat,9,69
Central Zone,Uttar Pradesh,Mirzapur,Mirzapur-cum-Vindhyachal,Municipal Board,9,69
Central Zone,Uttar Pradesh,Moradabad,Bahjoi,Municipal Board,9,4
Central Zone,Uttar Pradesh,Moradabad,Bhojpur Dharampur,Nagar Panchayat,9,4
Central Zone,Uttar Pradesh,Moradabad,Bilari,Municipal Board,9,4
Central Zone,Uttar Pradesh,Moradabad,Chandausi,Municipal Board,9,4
Central Zone,Uttar Pradesh,Moradabad,Kanth,Nagar Panchayat,9,4
Central Zone,Uttar Pradesh,Moradabad,Kundarki,Nagar Panchayat,9,4
Central Zone,Uttar Pradesh,Moradabad,Moradabad,Municipal Corporation,9,4
Central Zone,Uttar Pradesh,Moradabad,Narauli,Nagar Panchayat,9,4
Central Zone,Uttar Pradesh,Moradabad,Rustamnagar Sahaspur,Census Town,9,4
Central Zone,Uttar Pradesh,Moradabad,Sambhal,Municipal Board,9,4
Central Zone,Uttar Pradesh,Moradabad,Sirsi,Nagar Panchayat,9,4
Central Zone,Uttar Pradesh,Moradabad,Thakurdwara,Municipal Board,9,4
Central Zone,Uttar Pradesh,Moradabad,Umri Kalan,Nagar Panchayat,9,4
Central Zone,Uttar Pradesh,Muzaffarnagar,Ailum,Nagar Panchayat,9,2
Central Zone,Uttar Pradesh,Muzaffarnagar,Banat,Nagar Panchayat,9,2
Central Zone,Uttar Pradesh,Muzaffarnagar,Bhokarhedi,Nagar Panchayat,9,2
Central Zone,Uttar Pradesh,Muzaffarnagar,Budhana,Nagar Panchayat,9,2
Central Zone,Uttar Pradesh,Muzaffarnagar,Charthaval,Nagar Panchayat,9,2
Central Zone,Uttar Pradesh,Muzaffarnagar,Garhi Pukhta,Nagar Panchayat,9,2
Central Zone,Uttar Pradesh,Muzaffarnagar,Jalalabad,Nagar Panchayat,9,2
Central Zone,Uttar Pradesh,Muzaffarnagar,Jansath,Nagar Panchayat,9,2
Central Zone,Uttar Pradesh,Muzaffarnagar,Jhinjhana,Nagar Panchayat,9,2
Central Zone,Uttar Pradesh,Muzaffarnagar,Kairana,Municipal Board,9,2
Central Zone,Uttar Pradesh,Muzaffarnagar,Kandhla,Municipal Board,9,2
Central Zone,Uttar Pradesh,Muzaffarnagar,Khatauli,Municipal Board,9,2
Central Zone,Uttar Pradesh,Muzaffarnagar,Khatauli Rural,Census Town,9,2
Central Zone,Uttar Pradesh,Muzaffarnagar,Miranpur,Nagar Panchayat,9,2
Central Zone,Uttar Pradesh,Muzaffarnagar,Muzaffarnagar,Municipal Board,9,2
Central Zone,Uttar Pradesh,Muzaffarnagar,Purquazi,Nagar Panchayat,9,2
Central Zone,Uttar Pradesh,Muzaffarnagar,Shahpur,Nagar Panchayat,9,2
Central Zone,Uttar Pradesh,Muzaffarnagar,Shamli,Municipal Board,9,2
Central Zone,Uttar Pradesh,Muzaffarnagar,Sisauli,Nagar Panchayat,9,2
Central Zone,Uttar Pradesh,Muzaffarnagar,Thana Bhawan,Nagar Panchayat,9,2
Central Zone,Uttar Pradesh,Muzaffarnagar,Un,Nagar Panchayat,9,2
Central Zone,Uttar Pradesh,Pilibhit,Barkhera,Nagar Panchayat,9,21
Central Zone,Uttar Pradesh,Pilibhit,Bilsanda,Nagar Panchayat,9,21
Central Zone,Uttar Pradesh,Pilibhit,Bisalpur,Municipal Board,9,21
Central Zone,Uttar Pradesh,Pilibhit,Gularia Bhindara,Nagar Panchayat,9,21
Central Zone,Uttar Pradesh,Pilibhit,Jahanabad,Nagar Panchayat,9,21
Central Zone,Uttar Pradesh,Pilibhit,Kalinagar,Nagar Panchayat,9,21
Central Zone,Uttar Pradesh,Pilibhit,Nyoria Husainpur,Nagar Panchayat,9,21
Central Zone,Uttar Pradesh,Pilibhit,Pilibhit,Municipal Board,9,21
Central Zone,Uttar Pradesh,Pilibhit,Puranpur,Municipal Board,9,21
Central Zone,Uttar Pradesh,Pratapgarh,Antu,Nagar Panchayat,9,43
Central Zone,Uttar Pradesh,Pratapgarh,Bela Pratapgarh,Municipal Board,9,43
Central Zone,Uttar Pradesh,Pratapgarh,Katra Medniganj,Nagar Panchayat,9,43
Central Zone,Uttar Pradesh,Pratapgarh,Kunda,Nagar Panchayat,9,43
Central Zone,Uttar Pradesh,Pratapgarh,Manikpur,Nagar Panchayat,9,43
Central Zone,Uttar Pradesh,Pratapgarh,Patti,Nagar Panchayat,9,43
Central Zone,Uttar Pradesh,Pratapgarh,Pratapgarh City,Nagar Panchayat,9,43
Central Zone,Uttar Pradesh,Rae Bareli,Bachhrawan,Nagar Panchayat,9,28
Central Zone,Uttar Pradesh,Rae Bareli,Dalmau,Nagar Panchayat,9,28
Central Zone,Uttar Pradesh,Rae Bareli,Jais,Municipal Board,9,28
Central Zone,Uttar Pradesh,Rae Bareli,Lalganj,Nagar Panchayat,9,28
Central Zone,Uttar Pradesh,Rae Bareli,Mahrajganj,Nagar Panchayat,9,28
Central Zone,Uttar Pradesh,Rae Bareli,Parsadepur,Nagar Panchayat,9,28
Central Zone,Uttar Pradesh,Rae Bareli,Rae Bareli,Municipal Board,9,28
Central Zone,Uttar Pradesh,Rae Bareli,Salon,Nagar Panchayat,9,28
Central Zone,Uttar Pradesh,Rae Bareli,Unchahar,Nagar Panchayat,9,28
Central Zone,Uttar Pradesh,Rampur,Bilaspur,Municipal Board,9,5
Central Zone,Uttar Pradesh,Rampur,Kemri,Nagar Panchayat,9,5
Central Zone,Uttar Pradesh,Rampur,Maswasi,Nagar Panchayat,9,5
Central Zone,Uttar Pradesh,Rampur,Milak,Municipal Board,9,5
Central Zone,Uttar Pradesh,Rampur,Rampur,Municipal Board,9,5
Central Zone,Uttar Pradesh,Rampur,Shahabad,Nagar Panchayat,9,5
Central Zone,Uttar Pradesh,Rampur,Suar,Municipal Board,9,5
Central Zone,Uttar Pradesh,Rampur,Tanda,Municipal Board,9,5
Central Zone,Uttar Pradesh,Saharanpur,Ambehta,Nagar Panchayat,9,1
Central Zone,Uttar Pradesh,Saharanpur,Chhutmalpur,Census Town,9,1
Central Zone,Uttar Pradesh,Saharanpur,Chilkana Sultanpur,Nagar Panchayat,9,1
Central Zone,Uttar Pradesh,Saharanpur,Deoband,Municipal Board,9,1
Central Zone,Uttar Pradesh,Saharanpur,Gangoh,Municipal Board,9,1
Central Zone,Uttar Pradesh,Saharanpur,Kailashpur,Census Town,9,1
Central Zone,Uttar Pradesh,Saharanpur,Nakur,Municipal Board,9,1
Central Zone,Uttar Pradesh,Saharanpur,Nanauta,Nagar Panchayat,9,1
Central Zone,Uttar Pradesh,Saharanpur,Rampur Maniharan,Nagar Panchayat,9,1
Central Zone,Uttar Pradesh,Saharanpur,Saharanpur,Municipal Board,9,1
Central Zone,Uttar Pradesh,Saharanpur,Sarsawan,Municipal Board,9,1
Central Zone,Uttar Pradesh,Saharanpur,Titron,Nagar Panchayat,9,1
Central Zone,Uttar Pradesh,Sant Kabir Nagar,Hariharpur,Nagar Panchayat,9,56
Central Zone,Uttar Pradesh,Sant Kabir Nagar,Khalilabad,Municipal Board,9,56
Central Zone,Uttar Pradesh,Sant Kabir Nagar,Ledwa Mahua,Census Town,9,56
Central Zone,Uttar Pradesh,Sant Kabir Nagar,Maghar,Nagar Panchayat,9,56
Central Zone,Uttar Pradesh,Sant Kabir Nagar,Mehdawal,Nagar Panchayat,9,56
Central Zone,Uttar Pradesh,Sant Ravidas Nagar,Bhadohi,Municipal Board,9,68
Central Zone,Uttar Pradesh,Sant Ravidas Nagar,Ghosia Bazar,Nagar Panchayat,9,68
Central Zone,Uttar Pradesh,Sant Ravidas Nagar,Gopiganj,Municipal Board,9,68
Central Zone,Uttar Pradesh,Sant Ravidas Nagar,Gyanpur,Nagar Panchayat,9,68
Central Zone,Uttar Pradesh,Sant Ravidas Nagar,Khamaria,Nagar Panchayat,9,68
Central Zone,Uttar Pradesh,Sant Ravidas Nagar,Nai Bazar,Nagar Panchayat,9,68
Central Zone,Uttar Pradesh,Sant Ravidas Nagar,Suriyawan,Nagar Panchayat,9,68
Central Zone,Uttar Pradesh,Shahjahanpur,Allahganj,Nagar Panchayat,9,22
Central Zone,Uttar Pradesh,Shahjahanpur,Jalalabad,Municipal Board,9,22
Central Zone,Uttar Pradesh,Shahjahanpur,Kanth,Nagar Panchayat,9,22
Central Zone,Uttar Pradesh,Shahjahanpur,Katra,Nagar Panchayat,9,22
Central Zone,Uttar Pradesh,Shahjahanpur,Khudaganj,Nagar Panchayat,9,22
Central Zone,Uttar Pradesh,Shahjahanpur,Khutar,Nagar Panchayat,9,22
Central Zone,Uttar Pradesh,Shahjahanpur,Powayan,Nagar Panchayat,9,22
Central Zone,Uttar Pradesh,Shahjahanpur,Rly. Settlement Roza,Nagar Panchayat,9,22
Central Zone,Uttar Pradesh,Shahjahanpur,Shahjahanpur,Municipal Board,9,22
Central Zone,Uttar Pradesh,Shahjahanpur,Tilhar,Municipal Board,9,22
Central Zone,Uttar Pradesh,Shrawasti,Bhinga,Nagar Panchayat,9,51
Central Zone,Uttar Pradesh,Shrawasti,Ikauna,Nagar Panchayat,9,51
Central Zone,Uttar Pradesh,Siddharthnagar,Bansi,Municipal Board,9,54
Central Zone,Uttar Pradesh,Siddharthnagar,Barhani Bazar,Nagar Panchayat,9,54
Central Zone,Uttar Pradesh,Siddharthnagar,Shohratgarh,Nagar Panchayat,9,54
Central Zone,Uttar Pradesh,Siddharthnagar,Tetri Bazar,Municipal Board,9,54
Central Zone,Uttar Pradesh,Sitapur,Biswan,Municipal Board,9,24
Central Zone,Uttar Pradesh,Sitapur,Hargaon,Nagar Panchayat,9,24
Central Zone,Uttar Pradesh,Sitapur,Khairabad,Municipal Board,9,24
Central Zone,Uttar Pradesh,Sitapur,Laharpur,Municipal Board,9,24
Central Zone,Uttar Pradesh,Sitapur,Mahmudabad,Municipal Board,9,24
Central Zone,Uttar Pradesh,Sitapur,Maholi,Nagar Panchayat,9,24
Central Zone,Uttar Pradesh,Sitapur,Misrikh-cum-Neemsar,Municipal Board,9,24
Central Zone,Uttar Pradesh,Sitapur,Paintepur,Nagar Panchayat,9,24
Central Zone,Uttar Pradesh,Sitapur,Sidhauli,Nagar Panchayat,9,24
Central Zone,Uttar Pradesh,Sitapur,Sitapur,Municipal Board,9,24
Central Zone,Uttar Pradesh,Sitapur,Tambaur-cum-Ahmadabad,Nagar Panchayat,9,24
Central Zone,Uttar Pradesh,Sonbhadra,Anpara,Census Town,9,70
Central Zone,Uttar Pradesh,Sonbhadra,Bijpur,Census Town,9,70
Central Zone,Uttar Pradesh,Sonbhadra,Chopan,Nagar Panchayat,9,70
Central Zone,Uttar Pradesh,Sonbhadra,Churk Ghurma,Nagar Panchayat,9,70
Central Zone,Uttar Pradesh,Sonbhadra,Dudhi,Nagar Panchayat,9,70
Central Zone,Uttar Pradesh,Sonbhadra,Ghorawal,Nagar Panchayat,9,70
Central Zone,Uttar Pradesh,Sonbhadra,Jamshila,Census Town,9,70
Central Zone,Uttar Pradesh,Sonbhadra,Khariya,Census Town,9,70
Central Zone,Uttar Pradesh,Sonbhadra,Kota,Census Town,9,70
Central Zone,Uttar Pradesh,Sonbhadra,Obra,Nagar Panchayat,9,70
Central Zone,Uttar Pradesh,Sonbhadra,Parasi,Census Town,9,70
Central Zone,Uttar Pradesh,Sonbhadra,Pipri,Nagar Panchayat,9,70
Central Zone,Uttar Pradesh,Sonbhadra,Renukoot,Nagar Panchayat,9,70
Central Zone,Uttar Pradesh,Sonbhadra,Robertsganj,Municipal Board,9,70
Central Zone,Uttar Pradesh,Sultanpur,Amethi,Nagar Panchayat,9,49
Central Zone,Uttar Pradesh,Sultanpur,Dostpur,Nagar Panchayat,9,49
Central Zone,Uttar Pradesh,Sultanpur,Kadipur,Nagar Panchayat,9,49
Central Zone,Uttar Pradesh,Sultanpur,Koeripur,Nagar Panchayat,9,49
Central Zone,Uttar Pradesh,Sultanpur,Korwa,Census Town,9,49
Central Zone,Uttar Pradesh,Sultanpur,Musafirkhana,Nagar Panchayat,9,49
Central Zone,Uttar Pradesh,Sultanpur,Sultanpur,Municipal Board,9,49
Central Zone,Uttar Pradesh,Unnao,Auras,Nagar Panchayat,9,26
Central Zone,Uttar Pradesh,Unnao,Bangarmau,Municipal Board,9,26
Central Zone,Uttar Pradesh,Unnao,Bhagwant Nagar,Nagar Panchayat,9,26
Central Zone,Uttar Pradesh,Unnao,Bighapur,Nagar Panchayat,9,26
Central Zone,Uttar Pradesh,Unnao,Fatehpur Chaurasi,Nagar Panchayat,9,26
Central Zone,Uttar Pradesh,Unnao,Gangaghat,Municipal Board,9,26
Central Zone,Uttar Pradesh,Unnao,Ganj Muradabad,Nagar Panchayat,9,26
Central Zone,Uttar Pradesh,Unnao,Hyderabad,Nagar Panchayat,9,26
Central Zone,Uttar Pradesh,Unnao,Kursath,Nagar Panchayat,9,26
Central Zone,Uttar Pradesh,Unnao,Majhara Pipar Ehatmali,Census Town,9,26
Central Zone,Uttar Pradesh,Unnao,Maurawan,Nagar Panchayat,9,26
Central Zone,Uttar Pradesh,Unnao,Mohan,Nagar Panchayat,9,26
Central Zone,Uttar Pradesh,Unnao,Nawabganj,Nagar Panchayat,9,26
Central Zone,Uttar Pradesh,Unnao,Nyotini,Nagar Panchayat,9,26
Central Zone,Uttar Pradesh,Unnao,Purwa,Nagar Panchayat,9,26
Central Zone,Uttar Pradesh,Unnao,Rasulabad,Nagar Panchayat,9,26
Central Zone,Uttar Pradesh,Unnao,Safipur,Nagar Panchayat,9,26
Central Zone,Uttar Pradesh,Unnao,Ugu,Nagar Panchayat,9,26
Central Zone,Uttar Pradesh,Unnao,Unnao,Municipal Board,9,26
Central Zone,Uttar Pradesh,Varanasi,Baragaon,Census Town,9,67
Central Zone,Uttar Pradesh,Varanasi,Gangapur,Nagar Panchayat,9,67
Central Zone,Uttar Pradesh,Varanasi,Kandwa,Census Town,9,67
Central Zone,Uttar Pradesh,Varanasi,Kotwa,Census Town,9,67
Central Zone,Uttar Pradesh,Varanasi,Lohta,Census Town,9,67
Central Zone,Uttar Pradesh,Varanasi,Maruadih Rly. Settlement,Industrial Township,9,67
Central Zone,Uttar Pradesh,Varanasi,Phulwaria,Census Town,9,67
Central Zone,Uttar Pradesh,Varanasi,Ramnagar,Municipal Board,9,67
Central Zone,Uttar Pradesh,Varanasi,Shivdaspur,Census Town,9,67
Central Zone,Uttar Pradesh,Varanasi,Varanasi,Municipal Corporation,9,67
Central Zone,Uttarakhand,Almora,Almora,Municipal Board,5,9
Central Zone,Uttarakhand,Almora,Dwarahat,Nagar Panchayat,5,9
Central Zone,Uttarakhand,Almora,Ranikhet,Cantonment Board,5,9
Central Zone,Uttarakhand,Bageshwar,Bageshwar,Municipal Board,5,8
Central Zone,Uttarakhand,Chamoli,Badrinathpuri,Nagar Panchayat,5,2
Central Zone,Uttarakhand,Chamoli,Chamoli Gopeshwar,Municipal Board,5,2
Central Zone,Uttarakhand,Chamoli,Gochar,Nagar Panchayat,5,2
Central Zone,Uttarakhand,Chamoli,Joshimath,Municipal Board,5,2
Central Zone,Uttarakhand,Chamoli,Karn Prayag,Municipal Board,5,2
Central Zone,Uttarakhand,Chamoli,Nand Prayag,Nagar Panchayat,5,2
Central Zone,Uttarakhand,Champawat,Banbasa,Census Town,5,10
Central Zone,Uttarakhand,Champawat,Champawat,Nagar Panchayat,5,10
Central Zone,Uttarakhand,Champawat,Lohaghat,Nagar Panchayat,5,10
Central Zone,Uttarakhand,Champawat,Tanakpur,Municipal Board,5,10
Central Zone,Uttarakhand,Dehradun,Chakrata,Cantonment Board,5,5
Central Zone,Uttarakhand,Dehradun,Clement Town,Cantonment Board,5,5
Central Zone,Uttarakhand,Dehradun,Dehradun,Municipal Corporation,5,5
Central Zone,Uttarakhand,Dehradun,Doiwala,Nagar Panchayat,5,5
Central Zone,Uttarakhand,Dehradun,FRI and College Area,Census Town,5,5
Central Zone,Uttarakhand,Dehradun,Herbertpur,Nagar Panchayat,5,5
Central Zone,Uttarakhand,Dehradun,Landour,Cantonment Board,5,5
Central Zone,Uttarakhand,Dehradun,Mussoori,Municipal Board,5,5
Central Zone,Uttarakhand,Dehradun,Pratitnagar,Census Town,5,5
Central Zone,Uttarakhand,Dehradun,Raipur,Census Town,5,5
Central Zone,Uttarakhand,Dehradun,Rishikesh,Municipal Board,5,5
Central Zone,Uttarakhand,Dehradun,Veerbhadra,Industrial Township,5,5
Central Zone,Uttarakhand,Dehradun,Vikasnagar,Municipal Board,5,5
Central Zone,Uttarakhand,Garhwal,Dogadda,Municipal Board,5,6
Central Zone,Uttarakhand,Garhwal,Kashirampur,Census Town,5,6
Central Zone,Uttarakhand,Garhwal,Kotdwara,Municipal Board,5,6
Central Zone,Uttarakhand,Garhwal,Lansdowne,Cantonment Board,5,6
Central Zone,Uttarakhand,Garhwal,Pauri,Municipal Board,5,6
Central Zone,Uttarakhand,Garhwal,Srinagar,Municipal Board,5,6
Central Zone,Uttarakhand,Hardwar,Bharat Heavy Electrical Limited Ranipur,Industrial Township,5,13
Central Zone,Uttarakhand,Hardwar,Dhandera,Census Town,5,13
Central Zone,Uttarakhand,Hardwar,Hardwar,Municipal Board,5,13
Central Zone,Uttarakhand,Hardwar,Jhabrera,Nagar Panchayat,5,13
Central Zone,Uttarakhand,Hardwar,Laksar,Nagar Panchayat,5,13
Central Zone,Uttarakhand,Hardwar,Landaura,Nagar Panchayat,5,13
Central Zone,Uttarakhand,Hardwar,Manglaur,Municipal Board,5,13
Central Zone,Uttarakhand,Hardwar,Mohanpur Mohammadpur,Census Town,5,13
Central Zone,Uttarakhand,Hardwar,Roorkee,Municipal Board,5,13
Central Zone,Uttarakhand,Nainital,Bhimtal,Nagar Panchayat,5,11
Central Zone,Uttarakhand,Nainital,Bhowali,Municipal Board,5,11
Central Zone,Uttarakhand,Nainital,Haldwani-cum-Kathgodam,Municipal Board,5,11
Central Zone,Uttarakhand,Nainital,Kaladungi,Nagar Panchayat,5,11
Central Zone,Uttarakhand,Nainital,Lalkuan,Nagar Panchayat,5,11
Central Zone,Uttarakhand,Nainital,Nainital,Municipal Board,5,11
Central Zone,Uttarakhand,Nainital,Ramnagar,Municipal Board,5,11
Central Zone,Uttarakhand,Pithoragarh,Dharchula,Nagar Panchayat,5,7
Central Zone,Uttarakhand,Pithoragarh,Dharchula Dehat,Census Town,5,7
Central Zone,Uttarakhand,Pithoragarh,Didihat,Nagar Panchayat,5,7
Central Zone,Uttarakhand,Pithoragarh,Pithoragarh,Municipal Board,5,7
Central Zone,Uttarakhand,Rudraprayag,Kedarnath,Nagar Panchayat,5,3
Central Zone,Uttarakhand,Rudraprayag,Rudra Prayag,Nagar Panchayat,5,3
Central Zone,Uttarakhand,Tehri Garhwal,Chamba,Nagar Panchayat,5,4
Central Zone,Uttarakhand,Tehri Garhwal,Dhaluwala,Census Town,5,4
Central Zone,Uttarakhand,Tehri Garhwal,Kirtinagar,Nagar Panchayat,5,4
Central Zone,Uttarakhand,Tehri Garhwal,Muni Ki Reti,Nagar Panchayat,5,4
Central Zone,Uttarakhand,Tehri Garhwal,Narendra Nagar,Municipal Board,5,4
Central Zone,Uttarakhand,Tehri Garhwal,Tehri,Municipal Board,5,4
Central Zone,Uttarakhand,Tehri Garhwal & Garhwal,Dev Prayag,Nagar Panchayat,5,4 & 6
Central Zone,Uttarakhand,Udham Singh Nagar,Bajpur,Municipal Board,5,12
Central Zone,Uttarakhand,Udham Singh Nagar,Bandia,Census Town,5,12
Central Zone,Uttarakhand,Udham Singh Nagar,Dineshpur,Nagar Panchayat,5,12
Central Zone,Uttarakhand,Udham Singh Nagar,Gadarpur,Municipal Board,5,12
Central Zone,Uttarakhand,Udham Singh Nagar,Jaspur,Municipal Board,5,12
Central Zone,Uttarakhand,Udham Singh Nagar,Kachnal Gosain,Census Town,5,12
Central Zone,Uttarakhand,Udham Singh Nagar,Kashipur,Municipal Board,5,12
Central Zone,Uttarakhand,Udham Singh Nagar,Kela Khera,Nagar Panchayat,5,12
Central Zone,Uttarakhand,Udham Singh Nagar,Khatima,Municipal Board,5,12
Central Zone,Uttarakhand,Udham Singh Nagar,Kichha,Municipal Board,5,12
Central Zone,Uttarakhand,Udham Singh Nagar,Mahua Dabra Haripura,Nagar Panchayat,5,12
Central Zone,Uttarakhand,Udham Singh Nagar,Mahua Kheraganj,Nagar Panchayat,5,12
Central Zone,Uttarakhand,Udham Singh Nagar,Nagla,Census Town,5,12
Central Zone,Uttarakhand,Udham Singh Nagar,Rudrapur,Municipal Board,5,12
Central Zone,Uttarakhand,Udham Singh Nagar,Shaktigarh,Nagar Panchayat,5,12
Central Zone,Uttarakhand,Udham Singh Nagar,Sitarganj,Municipal Board,5,12
Central Zone,Uttarakhand,Udham Singh Nagar,Sultanpur,Nagar Panchayat,5,12
Central Zone,Uttarakhand,Uttarkashi,Barkot,Nagar Panchayat,5,1
Central Zone,Uttarakhand,Uttarkashi,Gangotri,Nagar Panchayat,5,1
Central Zone,Uttarakhand,Uttarkashi,Uttarkashi,Municipal Board,5,1
East Zone,Bihar,Araria,Araria,Municipality,10,7
East Zone,Bihar,Araria,Forbesganj,Municipality,10,7
East Zone,Bihar,Araria,Jogbani,Notified Area,10,7
East Zone,Bihar,Aurangabad,Aurangabad,Municipality,10,34
East Zone,Bihar,Aurangabad,Daudnagar,Municipality,10,34
East Zone,Bihar,Aurangabad,Jamhaur,Notified Area,10,34
East Zone,Bihar,Aurangabad,Nabinagar,Notified Area,10,34
East Zone,Bihar,Aurangabad,Rafiganj,Notified Area,10,34
East Zone,Bihar,Banka,Amarpur,Notified Area,10,23
East Zone,Bihar,Banka,Banka,Municipality,10,23
East Zone,Bihar,Begusarai,Barauni IOC Township,Census Town,10,20
East Zone,Bihar,Begusarai,Begusarai,Municipality,10,20
East Zone,Bihar,Bhagalpur,Bhagalpur (M.Corp),Municipal Corporation,10,22
East Zone,Bihar,Bhagalpur,Colgong,Municipality,10,22
East Zone,Bihar,Bhagalpur,Habibpur,Census Town,10,22
East Zone,Bihar,Bhagalpur,Naugachhia,Notified Area,10,22
East Zone,Bihar,Bhagalpur,Sultanganj,Notified Area,10,22
East Zone,Bihar,Bhojpur,Arrah,Municipality,10,29
East Zone,Bihar,Bhojpur,Behea,Notified Area,10,29
East Zone,Bihar,Bhojpur,Jagdishpur,Municipality,10,29
East Zone,Bihar,Bhojpur,Koilwar,Notified Area,10,29
East Zone,Bihar,Bhojpur,Piro,Notified Area,10,29
East Zone,Bihar,Bhojpur,Shahpur,Notified Area,10,29
East Zone,Bihar,Buxar,Buxar,Municipality,10,30
East Zone,Bihar,Buxar,Dumraon,Municipality,10,30
East Zone,Bihar,Darbhanga,Darbhanga,Municipal Corporation,10,13
East Zone,Bihar,Gaya,Bodh Gaya,Notified Area,10,35
East Zone,Bihar,Gaya,Gaya,Municipal Corporation,10,35
East Zone,Bihar,Gaya,Paharpur,Census Town,10,35
East Zone,Bihar,Gaya,Sherghati,Notified Area,10,35
East Zone,Bihar,Gaya,Tekari,Municipality,10,35
East Zone,Bihar,Gopalganj,Barauli,Notified Area,10,15
East Zone,Bihar,Gopalganj,Gopalganj,Municipality,10,15
East Zone,Bihar,Gopalganj,Kataiya,Notified Area,10,15
East Zone,Bihar,Gopalganj,Mirganj,Notified Area,10,15
East Zone,Bihar,Jamui,Jamui,Municipality,10,37
East Zone,Bihar,Jamui,Jhajha,Notified Area,10,37
East Zone,Bihar,Jehanabad,Jehanabad,Municipality,10,33
East Zone,Bihar,Jehanabad,Makhdumpur,Notified Area,10,33
East Zone,Bihar,Kaimur (Bhabua),Bhabua,Municipality,10,31
East Zone,Bihar,Katihar,Katihar,Municipality,10,10
East Zone,Bihar,Katihar,Manihari,Notified Area,10,10
East Zone,Bihar,Katihar,Raghunathpur,Census Town,10,10
East Zone,Bihar,Khagaria,Gogri Jamalpur,Notified Area,10,21
East Zone,Bihar,Khagaria,Khagaria,Municipality,10,21
East Zone,Bihar,Kishanganj,Bahadurganj,Notified Area,10,8
East Zone,Bihar,Kishanganj,Kishanganj,Municipality,10,8
East Zone,Bihar,Kishanganj,Thakurganj,Notified Area,10,8
East Zone,Bihar,Lakhisarai,Barahiya,Municipality,10,25
East Zone,Bihar,Lakhisarai,Lakhisarai,Municipality,10,25
East Zone,Bihar,Madhepura,Madhepura,Municipality,10,11
East Zone,Bihar,Madhepura,Murliganj,Notified Area,10,11
East Zone,Bihar,Madhubani,Ghoghardiha,Notified Area,10,5
East Zone,Bihar,Madhubani,Jainagar,Notified Area,10,5
East Zone,Bihar,Madhubani,Jhanjharpur,Notified Area,10,5
East Zone,Bihar,Madhubani,Madhubani,Municipality,10,5
East Zone,Bihar,Munger,Asarganj,Census Town,10,24
East Zone,Bihar,Munger,Jamalpur,Municipality,10,24
East Zone,Bihar,Munger,Kharagpur,Notified Area,10,24
East Zone,Bihar,Munger,Munger,Municipality,10,24
East Zone,Bihar,Muzaffarpur,Kanti,Notified Area,10,14
East Zone,Bihar,Muzaffarpur,Motipur,Notified Area,10,14
East Zone,Bihar,Muzaffarpur,Muzaffarpur,Municipal Corporation,10,14
East Zone,Bihar,Nalanda,Bihar,Municipality,10,27
East Zone,Bihar,Nalanda,Hilsa,Notified Area,10,27
East Zone,Bihar,Nalanda,Islampur,Notified Area,10,27
East Zone,Bihar,Nalanda,Rajgir,Notified Area,10,27
East Zone,Bihar,Nalanda,Silao,Notified Area,10,27
East Zone,Bihar,Nawada,Hisua,Notified Area,10,36
East Zone,Bihar,Nawada,Nawada,Municipality,10,36
East Zone,Bihar,Nawada,Warisaliganj,Notified Area,10,36
East Zone,Bihar,Pashchim Champaran,Bagaha,Municipality,10,1
East Zone,Bihar,Pashchim Champaran,Bettiah,Municipality,10,1
East Zone,Bihar,Pashchim Champaran,Chanpatia,Notified Area,10,1
East Zone,Bihar,Pashchim Champaran,Narkatiaganj,Notified Area,10,1
East Zone,Bihar,Pashchim Champaran,Ramnagar,Notified Area,10,1
East Zone,Bihar,Patna,Bakhtiarpur,Notified Area,10,28
East Zone,Bihar,Patna,Barh,Municipality,10,28
East Zone,Bihar,Patna,Dinapur Cantt.,Cantonment Board,10,28
East Zone,Bihar,Patna,Dinapur Nizamat,Municipality,10,28
East Zone,Bihar,Patna,Fatwah,Notified Area,10,28
East Zone,Bihar,Patna,Khagaul,Municipality,10,28
East Zone,Bihar,Patna,Khusrupur,Notified Area,10,28
East Zone,Bihar,Patna,Maner,Notified Area,10,28
East Zone,Bihar,Patna,Masaurhi,Notified Area,10,28
East Zone,Bihar,Patna,Mokameh,Municipality,10,28
East Zone,Bihar,Patna,Patna,Municipal Corporation,10,28
East Zone,Bihar,Patna,Phulwari Sharif,Notified Area,10,28
East Zone,Bihar,Purba Champaran,Areraj,Notified Area,10,2
East Zone,Bihar,Purba Champaran,Chakia,Notified Area,10,2
East Zone,Bihar,Purba Champaran,Dhaka,Notified Area,10,2
East Zone,Bihar,Purba Champaran,Lauthaha,Notified Area,10,2
East Zone,Bihar,Purba Champaran,Motihari,Municipality,10,2
East Zone,Bihar,Purba Champaran,Raxaul Bazar,Municipality,10,2
East Zone,Bihar,Purba Champaran,Sugauli,Notified Area,10,2
East Zone,Bihar,Purnia,Banmankhi Bazar,Notified Area,10,9
East Zone,Bihar,Purnia,Kasba,Notified Area,10,9
East Zone,Bihar,Purnia,Purnia,Municipality,10,9
East Zone,Bihar,Rohtas,Bikramganj,Notified Area,10,32
East Zone,Bihar,Rohtas,Dehri,Municipality,10,32
East Zone,Bihar,Rohtas,Koath,Notified Area,10,32
East Zone,Bihar,Rohtas,Nokha,Notified Area,10,32
East Zone,Bihar,Rohtas,Sasaram,Municipality,10,32
East Zone,Bihar,Saharsa,Saharsa,Municipality,10,12
East Zone,Bihar,Samastipur,Dalsinghsarai,Notified Area,10,19
East Zone,Bihar,Samastipur,Mohiuddinagar,Notified Area,10,19
East Zone,Bihar,Samastipur,Rosera,Municipality,10,19
East Zone,Bihar,Samastipur,Samastipur,Municipality,10,19
East Zone,Bihar,Saran,Chapra,Municipality,10,17
East Zone,Bihar,Saran,Dighwara,Notified Area,10,17
East Zone,Bihar,Saran,Marhaura,Notified Area,10,17
East Zone,Bihar,Saran,Revelganj,Municipality,10,17
East Zone,Bihar,Saran,Sonepur,Notified Area,10,17
East Zone,Bihar,Sheikhpura,Barbigha,Notified Area,10,26
East Zone,Bihar,Sheikhpura,Sheikhpura,Municipality,10,26
East Zone,Bihar,Sheohar,Sheohar,Notified Area,10,3
East Zone,Bihar,Sitamarhi,Bairgania,Notified Area,10,4
East Zone,Bihar,Sitamarhi,Belsand,Notified Area,10,4
East Zone,Bihar,Sitamarhi,Dumra,Notified Area,10,4
East Zone,Bihar,Sitamarhi,Janakpur Road,Notified Area,10,4
East Zone,Bihar,Sitamarhi,Sitamarhi,Municipality,10,4
East Zone,Bihar,Siwan,Maharajganj,Notified Area,10,16
East Zone,Bihar,Siwan,Mairwa,Notified Area,10,16
East Zone,Bihar,Siwan,Siwan,Municipality,10,16
East Zone,Bihar,Supaul,Birpur,Notified Area,10,6
East Zone,Bihar,Supaul,Nirmali,Notified Area,10,6
East Zone,Bihar,Supaul,Supaul,Municipality,10,6
East Zone,Bihar,Vaishali,Hajipur,Municipality,10,18
East Zone,Bihar,Vaishali,Lalganj,Municipality,10,18
East Zone,Bihar,Vaishali,Mahnar Bazar,Municipality,10,18
East Zone,Jharkhand,Bokaro,Amlabad,Census Town,20,13
East Zone,Jharkhand,Bokaro,Bandhgora,Census Town,20,13
East Zone,Jharkhand,Bokaro,Bermo,Census Town,20,13
East Zone,Jharkhand,Bokaro,Bhojudih,Census Town,20,13
East Zone,Jharkhand,Bokaro,Bokaro,Census Town,20,13
East Zone,Jharkhand,Bokaro,Bokaro Steel City,Census Town,20,13
East Zone,Jharkhand,Bokaro,Chandrapura,Census Town,20,13
East Zone,Jharkhand,Bokaro,Chas,Municipality,20,13
East Zone,Jharkhand,Bokaro,Dugda,Census Town,20,13
East Zone,Jharkhand,Bokaro,Gumia,Census Town,20,13
East Zone,Jharkhand,Bokaro,Jaridih Bazar,Census Town,20,13
East Zone,Jharkhand,Bokaro,Jena,Census Town,20,13
East Zone,Jharkhand,Bokaro,Kurpania,Census Town,20,13
East Zone,Jharkhand,Bokaro,Phusro,Notified Area,20,13
East Zone,Jharkhand,Bokaro,Sijhua,Census Town,20,13
East Zone,Jharkhand,Bokaro,Tenu Dam-cum- Kathhara,Census Town,20,13
East Zone,Jharkhand,Chatra,Chatra,Municipality,20,3
East Zone,Jharkhand,Deoghar,Deoghar,Municipality,20,7
East Zone,Jharkhand,Deoghar,Jasidih,Notified Area,20,7
East Zone,Jharkhand,Deoghar,Madhupur,Municipality,20,7
East Zone,Jharkhand,Dhanbad,Angarpathar,Census Town,20,12
East Zone,Jharkhand,Dhanbad,Babua Kalan,Census Town,20,12
East Zone,Jharkhand,Dhanbad,Baliari,Census Town,20,12
East Zone,Jharkhand,Dhanbad,Basaria,Census Town,20,12
East Zone,Jharkhand,Dhanbad,Bhagatdih,Census Town,20,12
East Zone,Jharkhand,Dhanbad,Bhowrah,Census Town,20,12
East Zone,Jharkhand,Dhanbad,Bhuli,Census Town,20,12
East Zone,Jharkhand,Dhanbad,Chandaur,Census Town,20,12
East Zone,Jharkhand,Dhanbad,Chhatatanr,Notified Area,20,12
East Zone,Jharkhand,Dhanbad,Chhotaputki,Census Town,20,12
East Zone,Jharkhand,Dhanbad,Chirkunda,Notified Area,20,12
East Zone,Jharkhand,Dhanbad,Dhanbad,Municipality,20,12
East Zone,Jharkhand,Dhanbad,Dhaunsar,Census Town,20,12
East Zone,Jharkhand,Dhanbad,Dumarkunda,Census Town,20,12
East Zone,Jharkhand,Dhanbad,Egarkunr,Census Town,20,12
East Zone,Jharkhand,Dhanbad,Gobindpur,Census Town,20,12
East Zone,Jharkhand,Dhanbad,Godhar,Census Town,20,12
East Zone,Jharkhand,Dhanbad,Gomoh,Census Town,20,12
East Zone,Jharkhand,Dhanbad,Jamadoba,Census Town,20,12
East Zone,Jharkhand,Dhanbad,Jharia,Notified Area,20,12
East Zone,Jharkhand,Dhanbad,Jharia Khas,Census Town,20,12
East Zone,Jharkhand,Dhanbad,Jorapokhar,Census Town,20,12
East Zone,Jharkhand,Dhanbad,Kailudih,Census Town,20,12
East Zone,Jharkhand,Dhanbad,Katras,Notified Area,20,12
East Zone,Jharkhand,Dhanbad,Kenduadih,Census Town,20,12
East Zone,Jharkhand,Dhanbad,Kharkhari,Census Town,20,12
East Zone,Jharkhand,Dhanbad,Kustai,Census Town,20,12
East Zone,Jharkhand,Dhanbad,Lakarka,Census Town,20,12
East Zone,Jharkhand,Dhanbad,Loyabad,Census Town,20,12
East Zone,Jharkhand,Dhanbad,Maithon,Census Town,20,12
East Zone,Jharkhand,Dhanbad,Malkera,Census Town,20,12
East Zone,Jharkhand,Dhanbad,Marma,Census Town,20,12
East Zone,Jharkhand,Dhanbad,Mera,Census Town,20,12
East Zone,Jharkhand,Dhanbad,Mugma,Census Town,20,12
East Zone,Jharkhand,Dhanbad,Nagri Kalan,Census Town,20,12
East Zone,Jharkhand,Dhanbad,Nirsa,Census Town,20,12
East Zone,Jharkhand,Dhanbad,Panchet,Census Town,20,12
East Zone,Jharkhand,Dhanbad,Pathardih,Census Town,20,12
East Zone,Jharkhand,Dhanbad,Pondar Kanali,Census Town,20,12
East Zone,Jharkhand,Dhanbad,Rohraband,Census Town,20,12
East Zone,Jharkhand,Dhanbad,Sahnidih,Census Town,20,12
East Zone,Jharkhand,Dhanbad,Saraidhela,Census Town,20,12
East Zone,Jharkhand,Dhanbad,Sijua,Census Town,20,12
East Zone,Jharkhand,Dhanbad,Sindri,Notified Area,20,12
East Zone,Jharkhand,Dhanbad,Siuliban,Census Town,20,12
East Zone,Jharkhand,Dhanbad,Tisra,Census Town,20,12
East Zone,Jharkhand,Dhanbad,Topchanchi,Census Town,20,12
East Zone,Jharkhand,Dumka,Basukinath,Notified Area,20,11
East Zone,Jharkhand,Dumka,Dumka,Municipality,20,11
East Zone,Jharkhand,Dumka,Jamtara,Notified Area,20,11
East Zone,Jharkhand,Dumka,Mihijam,Notified Area,20,11
East Zone,Jharkhand,Garhwa,Garhwa,Municipality,20,1
East Zone,Jharkhand,Garhwa,Sinduria,Census Town,20,1
East Zone,Jharkhand,Giridih,Dhanwar,Census Town,20,6
East Zone,Jharkhand,Giridih,Giridih,Municipality,20,6
East Zone,Jharkhand,Giridih,Isri,Census Town,20,6
East Zone,Jharkhand,Giridih,Paratdih,Census Town,20,6
East Zone,Jharkhand,Godda,Godda,Municipality,20,8
East Zone,Jharkhand,Gumla,Simdega,Notified Area,20,16
East Zone,Jharkhand,Hazaribag,Ara,Census Town,20,4
East Zone,Jharkhand,Hazaribag,Balkundra,Census Town,20,4
East Zone,Jharkhand,Hazaribag,Barhi,Census Town,20,4
East Zone,Jharkhand,Hazaribag,Barkakana,Census Town,20,4
East Zone,Jharkhand,Hazaribag,Barughutu,Census Town,20,4
East Zone,Jharkhand,Hazaribag,Dari,Census Town,20,4
East Zone,Jharkhand,Hazaribag,Gidi,Census Town,20,4
East Zone,Jharkhand,Hazaribag,Hazaribag,Municipality,20,4
East Zone,Jharkhand,Hazaribag,Hesla,Census Town,20,4
East Zone,Jharkhand,Hazaribag,Kedla,Census Town,20,4
East Zone,Jharkhand,Hazaribag,Kuju,Census Town,20,4
East Zone,Jharkhand,Hazaribag,Lapanga,Census Town,20,4
East Zone,Jharkhand,Hazaribag,Meru,Census Town,20,4
East Zone,Jharkhand,Hazaribag,Okni NO.II,Census Town,20,4
East Zone,Jharkhand,Hazaribag,Orla,Census Town,20,4
East Zone,Jharkhand,Hazaribag,Palawa,Census Town,20,4
East Zone,Jharkhand,Hazaribag,Patratu,Census Town,20,4
East Zone,Jharkhand,Hazaribag,Ramgarh Cantonment,Cantonment Board,20,4
East Zone,Jharkhand,Hazaribag,Religara alias Pachhiari,Census Town,20,4
East Zone,Jharkhand,Hazaribag,Saunda,Census Town,20,4
East Zone,Jharkhand,Hazaribag,Sewai,Census Town,20,4
East Zone,Jharkhand,Hazaribag,Sirka,Census Town,20,4
East Zone,Jharkhand,Hazaribag,Topa,Census Town,20,4
East Zone,Jharkhand,Kodarma,Jhumri Tilaiya,Municipality,20,5
East Zone,Jharkhand,Kodarma,Kodarma,Notified Area,20,5
East Zone,Jharkhand,Lohardaga,Gumla,Municipality,20,16
East Zone,Jharkhand,Lohardaga,Lohardaga,Municipality,20,15
East Zone,Jharkhand,Pakaur,Pakaur,Municipality,20,10
East Zone,Jharkhand,Palamu,Barwadih,Census Town,20,2
East Zone,Jharkhand,Palamu,Daltonganj,Municipality,20,2
East Zone,Jharkhand,Palamu,Deorikalan,Census Town,20,2
East Zone,Jharkhand,Palamu,Hussainabad,Notified Area,20,2
East Zone,Jharkhand,Palamu,Latehar,Notified Area,20,2
East Zone,Jharkhand,Pashchimi Singhbhum,Adityapur,Notified Area,20,17
East Zone,Jharkhand,Pashchimi Singhbhum,Barajamda,Census Town,20,17
East Zone,Jharkhand,Pashchimi Singhbhum,Chaibasa,Municipality,20,17
East Zone,Jharkhand,Pashchimi Singhbhum,Chakradharpur,Municipality,20,17
East Zone,Jharkhand,Pashchimi Singhbhum,Chandil,Census Town,20,17
East Zone,Jharkhand,Pashchimi Singhbhum,Chiria,Census Town,20,17
East Zone,Jharkhand,Pashchimi Singhbhum,Danguwapasi,Census Town,20,17
East Zone,Jharkhand,Pashchimi Singhbhum,Gua,Census Town,20,17
East Zone,Jharkhand,Pashchimi Singhbhum,Jhinkpani,Census Town,20,17
East Zone,Jharkhand,Pashchimi Singhbhum,Kalikapur,Census Town,20,17
East Zone,Jharkhand,Pashchimi Singhbhum,Kandra,Census Town,20,17
East Zone,Jharkhand,Pashchimi Singhbhum,Kharsawan,Notified Area,20,17
East Zone,Jharkhand,Pashchimi Singhbhum,Kiriburu,Census Town,20,17
East Zone,Jharkhand,Pashchimi Singhbhum,Meghahatuburu Forest village,Census Town,20,17
East Zone,Jharkhand,Pashchimi Singhbhum,Noamundi,Census Town,20,17
East Zone,Jharkhand,Pashchimi Singhbhum,Seraikela,Municipality,20,17
East Zone,Jharkhand,Pashchimi Singhbhum,Sini,Census Town,20,17
East Zone,Jharkhand,Purbi Singhbhum,Bagbera,Census Town,20,18
East Zone,Jharkhand,Purbi Singhbhum,Chakulia,Notified Area,20,18
East Zone,Jharkhand,Purbi Singhbhum,Chhota Gobindpur,Census Town,20,18
East Zone,Jharkhand,Purbi Singhbhum,Gadhra,Census Town,20,18
East Zone,Jharkhand,Purbi Singhbhum,Ghatshila,Census Town,20,18
East Zone,Jharkhand,Purbi Singhbhum,Ghorabandha,Census Town,20,18
East Zone,Jharkhand,Purbi Singhbhum,Haludbani,Census Town,20,18
East Zone,Jharkhand,Purbi Singhbhum,Jadugora,Census Town,20,18
East Zone,Jharkhand,Purbi Singhbhum,Jamshedpur,Notified Area,20,18
East Zone,Jharkhand,Purbi Singhbhum,Jugsalai,Municipality,20,18
East Zone,Jharkhand,Purbi Singhbhum,Mango,Notified Area,20,18
East Zone,Jharkhand,Purbi Singhbhum,Musabani,Census Town,20,18
East Zone,Jharkhand,Purbi Singhbhum,Sarjamda,Census Town,20,18
East Zone,Jharkhand,Ranchi,Bundu,Notified Area,20,14
East Zone,Jharkhand,Ranchi,Churi,Census Town,20,14
East Zone,Jharkhand,Ranchi,Kanke,Census Town,20,14
East Zone,Jharkhand,Ranchi,Khelari,Census Town,20,14
East Zone,Jharkhand,Ranchi,Khunti,Notified Area,20,14
East Zone,Jharkhand,Ranchi,Muri,Census Town,20,14
East Zone,Jharkhand,Ranchi,Ranchi,Municipal Corporation,20,14
East Zone,Jharkhand,Ranchi,Tati,Census Town,20,14
East Zone,Jharkhand,Sahibganj,Rajmahal,Notified Area,20,9
East Zone,Jharkhand,Sahibganj,Sahibganj,Municipality,20,9
East Zone,Odisha,Anugul,Anugul,Notified Area Committee,21,15
East Zone,Odisha,Anugul,Athmallik,Notified Area Committee,21,15
East Zone,Odisha,Anugul,Deracolliery Township,Census Town,21,15
East Zone,Odisha,Anugul,Fertilzer Corporation of IndiaTownship,Census Town,21,15
East Zone,Odisha,Anugul,Ghantapada,Census Town,21,15
East Zone,Odisha,Anugul,NALCO,Census Town,21,15
East Zone,Odisha,Anugul,Rengali Dam Projectship,Census Town,21,15
East Zone,Odisha,Anugul,Talcher,Municipality,21,15
East Zone,Odisha,Anugul,Talcher Thermal Power Station Township,Census Town,21,15
East Zone,Odisha,Balangir,Balangir,Municipality,21,24
East Zone,Odisha,Balangir,Kantabanji,Notified Area Committee,21,24
East Zone,Odisha,Balangir,Patnagarh,Notified Area Committee,21,24
East Zone,Odisha,Balangir,Titlagarh,Notified Area Committee,21,24
East Zone,Odisha,Baleshwar,Baleshwar,Municipality,21,8
East Zone,Odisha,Baleshwar,Jaleswar,Notified Area Committee,21,8
East Zone,Odisha,Baleshwar,Nilagiri,Notified Area Committee,21,8
East Zone,Odisha,Baleshwar,Remuna,Notified Area Committee,21,8
East Zone,Odisha,Baleshwar,Soro,Notified Area Committee,21,8
East Zone,Odisha,Bargarh,Barapali,Notified Area Committee,21,1
East Zone,Odisha,Bargarh,Bargarh,Municipality,21,1
East Zone,Odisha,Bargarh,Khaliapali,Census Town,21,1
East Zone,Odisha,Bargarh,Padmapur,Notified Area Committee,21,1
East Zone,Odisha,Baudh,Baudhgarh,Notified Area Committee,21,22
East Zone,Odisha,Bhadrak,Basudebpur,Notified Area Committee,21,9
East Zone,Odisha,Bhadrak,Bhadrak,Municipality,21,9
East Zone,Odisha,Bhadrak,Dhamanagar,Notified Area Committee,21,9
East Zone,Odisha,Cuttack,Athagad,Notified Area Committee,21,12
East Zone,Odisha,Cuttack,Banki,Notified Area Committee,21,12
East Zone,Odisha,Cuttack,Belagachhia,Census Town,21,12
East Zone,Odisha,Cuttack,Charibatia,Census Town,21,12
East Zone,Odisha,Cuttack,Choudwar,Municipality,21,12
East Zone,Odisha,Cuttack,Cuttack,Municipal Corporation,21,12
East Zone,Odisha,Cuttack,Dadhapatna,Census Town,21,12
East Zone,Odisha,Cuttack,Nuapatna,Census Town,21,12
East Zone,Odisha,Debagarh,Debagarh,Municipality,21,4
East Zone,Odisha,Dhenkanal,Bhuban,Notified Area Committee,21,14
East Zone,Odisha,Dhenkanal,Dhenkanal,Municipality,21,14
East Zone,Odisha,Dhenkanal,Kamakshyanagar,Notified Area Committee,21,14
East Zone,Odisha,Gajapati,Kashinagara,Notified Area Committee,21,20
East Zone,Odisha,Gajapati,Parlakhemundi,Municipality,21,20
East Zone,Odisha,Ganjam,Asika,Notified Area Committee,21,19
East Zone,Odisha,Ganjam,Bellaguntha,Notified Area Committee,21,19
East Zone,Odisha,Ganjam,Bhanjanagar,Notified Area Committee,21,19
East Zone,Odisha,Ganjam,Brahmapur,Notified Area Committee,21,19
East Zone,Odisha,Ganjam,Buguda,Notified Area Committee,21,19
East Zone,Odisha,Ganjam,Chhatrapur,Notified Area Committee,21,19
East Zone,Odisha,Ganjam,Chikiti,Notified Area Committee,21,19
East Zone,Odisha,Ganjam,Digapahandi,Notified Area Committee,21,19
East Zone,Odisha,Ganjam,Ganjam,Notified Area Committee,21,19
East Zone,Odisha,Ganjam,Gopalpur,Notified Area Committee,21,19
East Zone,Odisha,Ganjam,Hinjilicut,Notified Area Committee,21,19
East Zone,Odisha,Ganjam,Kavisuryanagar,Notified Area Committee,21,19
East Zone,Odisha,Ganjam,Khalikote,Notified Area Committee,21,19
East Zone,Odisha,Ganjam,Kodala,Notified Area Committee,21,19
East Zone,Odisha,Ganjam,Makundapur,Census Town,21,19
East Zone,Odisha,Ganjam,Polasara,Notified Area Committee,21,19
East Zone,Odisha,Ganjam,Purusottampur,Notified Area Committee,21,19
East Zone,Odisha,Ganjam,Rambha,Notified Area Committee,21,19
East Zone,Odisha,Ganjam,Surada,Notified Area Committee,21,19
East Zone,Odisha,Jagatsinghapur,Jagatsinghapur,Notified Area Committee,21,11
East Zone,Odisha,Jagatsinghapur,Paradip,Notified Area Committee,21,11
East Zone,Odisha,Jajapur,Byasanagar,Municipality,21,13
East Zone,Odisha,Jajapur,Jajapur,Municipality,21,13
East Zone,Odisha,Jharsuguda,Belpahar,Notified Area Committee,21,2
East Zone,Odisha,Jharsuguda,Brajarajnagar,Municipality,21,2
East Zone,Odisha,Jharsuguda,Jharsuguda,Municipality,21,2
East Zone,Odisha,Kalahandi,Bhawanipatna,Municipality,21,26
East Zone,Odisha,Kalahandi,Junagarh,Notified Area Committee,21,26
East Zone,Odisha,Kalahandi,Kesinga,Notified Area Committee,21,26
East Zone,Odisha,Kalahandi,Mukhiguda,Census Town,21,26
East Zone,Odisha,Kandhamal,G. Udayagiri,Notified Area Committee,21,21
East Zone,Odisha,Kandhamal,Phulabani,Notified Area Committee,21,21
East Zone,Odisha,Kendrapara,Kendrapara,Municipality,21,10
East Zone,Odisha,Kendrapara,Pattamundai,Notified Area Committee,21,10
East Zone,Odisha,Kendujhar,Anandapur,Notified Area Committee,21,6
East Zone,Odisha,Kendujhar,Balagoda (Bolani),Census Town,21,6
East Zone,Odisha,Kendujhar,Bangura,Census Town,21,6
East Zone,Odisha,Kendujhar,Barbil,Municipality,21,6
East Zone,Odisha,Kendujhar,Champua,Census Town,21,6
East Zone,Odisha,Kendujhar,Daitari,Census Town,21,6
East Zone,Odisha,Kendujhar,Jhumpura,Census Town,21,6
East Zone,Odisha,Kendujhar,Joda,Municipality,21,6
East Zone,Odisha,Kendujhar,Kendujhar,Municipality,21,6
East Zone,Odisha,Khordha,Balugaon,Notified Area Committee,21,17
East Zone,Odisha,Khordha,Banapur,Notified Area Committee,21,17
East Zone,Odisha,Khordha,Bhubaneswar,Municipal Corporation,21,17
East Zone,Odisha,Khordha,Dungamal,Census Town,21,17
East Zone,Odisha,Khordha,Jatani,Municipality,21,17
East Zone,Odisha,Khordha,Khordha,Notified Area Committee,21,17
East Zone,Odisha,Khordha,Pratapsasan,Census Town,21,17
East Zone,Odisha,Koraput,Damanjodi,Census Town,21,29
East Zone,Odisha,Koraput,Jeypur,Municipality,21,29
East Zone,Odisha,Koraput,Koraput,Notified Area Committee,21,29
East Zone,Odisha,Koraput,Kotpad,Notified Area Committee,21,29
East Zone,Odisha,Koraput,Sunabeda,Notified Area Committee,21,29
East Zone,Odisha,Malkangiri,Balimela,Notified Area Committee,21,30
East Zone,Odisha,Malkangiri,Malkangiri,Notified Area Committee,21,30
East Zone,Odisha,Mayurbhanj,Baripada,Municipality,21,7
East Zone,Odisha,Mayurbhanj,Karanjia,Notified Area Committee,21,7
East Zone,Odisha,Mayurbhanj,Rairangpur,Notified Area Committee,21,7
East Zone,Odisha,Mayurbhanj,Udala,Notified Area Committee,21,7
East Zone,Odisha,Nabarangapur,Khatiguda,Census Town,21,28
East Zone,Odisha,Nabarangapur,Nabarangapur,Municipality,21,28
East Zone,Odisha,Nabarangapur,Umarkote,Notified Area Committee,21,28
East Zone,Odisha,Nayagarh,Chandapur,Census Town,21,16
East Zone,Odisha,Nayagarh,Kantilo,Census Town,21,16
East Zone,Odisha,Nayagarh,Khandapada,Notified Area Committee,21,16
East Zone,Odisha,Nayagarh,Nayagarh,Notified Area Committee,21,16
East Zone,Odisha,Nuapada,Khariar,Notified Area Committee,21,25
East Zone,Odisha,Nuapada,Khariar Road,Notified Area Committee,21,25
East Zone,Odisha,Puri,Konark,Notified Area Committee,21,18
East Zone,Odisha,Puri,Nimapada,Notified Area Committee,21,18
East Zone,Odisha,Puri,Pipili,Notified Area Committee,21,18
East Zone,Odisha,Puri,Puri,Municipality,21,18
East Zone,Odisha,Rayagada,Bishama Katek,Census Town,21,27
East Zone,Odisha,Rayagada,Chandili,Census Town,21,27
East Zone,Odisha,Rayagada,Gudari,Notified Area Committee,21,27
East Zone,Odisha,Rayagada,Gunupur,Notified Area Committee,21,27
East Zone,Odisha,Rayagada,Rayagada,Municipality,21,27
East Zone,Odisha,Sambalpur,Burla,Notified Area Committee,21,3
East Zone,Odisha,Sambalpur,Hirakud,Notified Area Committee,21,3
East Zone,Odisha,Sambalpur,Kochinda,Notified Area Committee,21,3
East Zone,Odisha,Sambalpur,Redhakhol,Notified Area Committee,21,3
East Zone,Odisha,Sambalpur,Sambalpur,Municipality,21,3
East Zone,Odisha,Sonapur,Binika,Notified Area Committee,21,23
East Zone,Odisha,Sonapur,Sonapur,Municipality,21,23
East Zone,Odisha,Sonapur,Tarbha,Notified Area Committee,21,23
East Zone,Odisha,Sundargarh,Biramitrapur,Municipality,21,5
East Zone,Odisha,Sundargarh,Hatibandha,Census Town,21,5
East Zone,Odisha,Sundargarh,Jalda,Census Town,21,5
East Zone,Odisha,Sundargarh,Lattikata,Census Town,21,5
East Zone,Odisha,Sundargarh,OCL Industrialship,Industrial Township,21,5
East Zone,Odisha,Sundargarh,Panposh,Census Town,21,5
East Zone,Odisha,Sundargarh,Rajagangapur,Municipality,21,5
East Zone,Odisha,Sundargarh,Raurkela,Municipality,21,5
East Zone,Odisha,Sundargarh,Raurkela Industrialship,Industrial Township,21,5
East Zone,Odisha,Sundargarh,Sundargarh,Municipality,21,5
East Zone,Odisha,Sundargarh,Tensa,Census Town,21,5
East Zone,West Bengal,Bankura,Bankura,Municipality,19,13
East Zone,West Bengal,Bankura,Barjora,Census Town,19,13
East Zone,West Bengal,Bankura,Beliatore,Census Town,19,13
East Zone,West Bengal,Bankura,Bishnupur,Municipality,19,13
East Zone,West Bengal,Bankura,Sonamukhi,Municipality,19,13
East Zone,West Bengal,Barddhaman,Amkula,Census Town,19,9
East Zone,West Bengal,Barddhaman,Anksa,Census Town,19,9
East Zone,West Bengal,Barddhaman,Asansol,Municipal Corporation,19,9
East Zone,West Bengal,Barddhaman,Bahula,Census Town,19,9
East Zone,West Bengal,Barddhaman,Ballavpur,Census Town,19,9
East Zone,West Bengal,Barddhaman,Banshra,Census Town,19,9
East Zone,West Bengal,Barddhaman,Barddhaman,Municipality,19,9
East Zone,West Bengal,Barddhaman,Baska,Census Town,19,9
East Zone,West Bengal,Barddhaman,Belebathan,Census Town,19,9
East Zone,West Bengal,Barddhaman,Bhanowara,Census Town,19,9
East Zone,West Bengal,Barddhaman,Bilpahari,Census Town,19,9
East Zone,West Bengal,Barddhaman,Chak Bankola,Census Town,19,9
East Zone,West Bengal,Barddhaman,Chapui,Census Town,19,9
East Zone,West Bengal,Barddhaman,Chelad,Census Town,19,9
East Zone,West Bengal,Barddhaman,Chhora,Census Town,19,9
East Zone,West Bengal,Barddhaman,Chittaranjan,Census Town,19,9
East Zone,West Bengal,Barddhaman,Dainhat,Municipality,19,9
East Zone,West Bengal,Barddhaman,Dalurband,Census Town,19,9
East Zone,West Bengal,Barddhaman,Debipur,Census Town,19,9
East Zone,West Bengal,Barddhaman,Dhandadihi,Census Town,19,9
East Zone,West Bengal,Barddhaman,Dhatrigram,Census Town,19,9
East Zone,West Bengal,Barddhaman,Dignala,Census Town,19,9
East Zone,West Bengal,Barddhaman,Durgapur,Municipal Corporation,19,9
East Zone,West Bengal,Barddhaman,Gopinathpur,Census Town,19,9
East Zone,West Bengal,Barddhaman,Guskara,Municipality,19,9
East Zone,West Bengal,Barddhaman,Haripur,Census Town,19,9
East Zone,West Bengal,Barddhaman,Harishpur,Census Town,19,9
East Zone,West Bengal,Barddhaman,Hatsimla,Census Town,19,9
East Zone,West Bengal,Barddhaman,Hindusthan Cables Town,Census Town,19,9
East Zone,West Bengal,Barddhaman,Jamuria,Municipality,19,9
East Zone,West Bengal,Barddhaman,Jemari,Census Town,19,9
East Zone,West Bengal,Barddhaman,Jemari  (J.K. Nagar Township),Census Town,19,9
East Zone,West Bengal,Barddhaman,Kajora,Census Town,19,9
East Zone,West Bengal,Barddhaman,Kalna,Municipality,19,9
East Zone,West Bengal,Barddhaman,Katwa,Municipality,19,9
East Zone,West Bengal,Barddhaman,Kenda,Census Town,19,9
East Zone,West Bengal,Barddhaman,Kendra Khottamdi,Census Town,19,9
East Zone,West Bengal,Barddhaman,Khandra,Census Town,19,9
East Zone,West Bengal,Barddhaman,Konardihi,Census Town,19,9
East Zone,West Bengal,Barddhaman,Kulti,Municipality,19,9
East Zone,West Bengal,Barddhaman,Kunustara,Census Town,19,9
East Zone,West Bengal,Barddhaman,Mahira,Census Town,19,9
East Zone,West Bengal,Barddhaman,Mandarbani,Census Town,19,9
East Zone,West Bengal,Barddhaman,Memari,Municipality,19,9
East Zone,West Bengal,Barddhaman,Murgathaul,Census Town,19,9
East Zone,West Bengal,Barddhaman,Nabgram,Census Town,19,9
East Zone,West Bengal,Barddhaman,Ondal,Census Town,19,9
East Zone,West Bengal,Barddhaman,Palashban,Census Town,19,9
East Zone,West Bengal,Barddhaman,Pangachhiya (B),Census Town,19,9
East Zone,West Bengal,Barddhaman,Panuhat,Census Town,19,9
East Zone,West Bengal,Barddhaman,Parashkol,Census Town,19,9
East Zone,West Bengal,Barddhaman,Parasia,Census Town,19,9
East Zone,West Bengal,Barddhaman,Patuli,Census Town,19,9
East Zone,West Bengal,Barddhaman,Prayagpur,Census Town,19,9
East Zone,West Bengal,Barddhaman,Raghunathchak,Census Town,19,9
East Zone,West Bengal,Barddhaman,Ramnagar,Census Town,19,9
East Zone,West Bengal,Barddhaman,Raniganj,Municipality,19,9
East Zone,West Bengal,Barddhaman,Ratibati,Census Town,19,9
East Zone,West Bengal,Barddhaman,Sankarpur,Census Town,19,9
East Zone,West Bengal,Barddhaman,Sarpi,Census Town,19,9
East Zone,West Bengal,Barddhaman,Siduli,Census Town,19,9
East Zone,West Bengal,Barddhaman,Sirsha,Census Town,19,9
East Zone,West Bengal,Barddhaman,Srirampur,Census Town,19,9
East Zone,West Bengal,Barddhaman,Sukdal,Census Town,19,9
East Zone,West Bengal,Barddhaman,Ukhra,Census Town,19,9
East Zone,West Bengal,Barddhaman,Uttar Goara,Census Town,19,9
East Zone,West Bengal,Birbhum,Ahmadpur,Census Town,19,8
East Zone,West Bengal,Birbhum,Bolpur,Municipality,19,8
East Zone,West Bengal,Birbhum,Dubrajpur,Municipality,19,8
East Zone,West Bengal,Birbhum,Rampurhat,Municipality,19,8
East Zone,West Bengal,Birbhum,Sainthia,Municipality,19,8
East Zone,West Bengal,Birbhum,Suri,Municipality,19,8
East Zone,West Bengal,Dakshin Dinajpur,Balurghat,Municipality,19,5
East Zone,West Bengal,Dakshin Dinajpur,Gangarampur,Municipality,19,5
East Zone,West Bengal,Darjiling,Bairatisal,Census Town,19,1
East Zone,West Bengal,Darjiling,Cart Road,Census Town,19,1
East Zone,West Bengal,Darjiling,Darjiling,Municipality,19,1
East Zone,West Bengal,Darjiling,Kalimpong,Municipality,19,1
East Zone,West Bengal,Darjiling,Kurseong,Municipality,19,1
East Zone,West Bengal,Darjiling,Mirik,Notified Area,19,1
East Zone,West Bengal,Darjiling,Pattabong Tea Garden,Census Town,19,1
East Zone,West Bengal,Darjiling,Uttar Bagdogra,Census Town,19,1
East Zone,West Bengal,Darjiling and Jalpaiguri,Siliguri,Municipal Corporation,19,1 & 2
East Zone,West Bengal,Haora,Alpur,Census Town,19,16
East Zone,West Bengal,Haora,Andul,Census Town,19,16
East Zone,West Bengal,Haora,Ankurhati,Census Town,19,16
East Zone,West Bengal,Haora,Argari,Census Town,19,16
East Zone,West Bengal,Haora,Bagnan,Census Town,19,16
East Zone,West Bengal,Haora,Balaram Pota,Census Town,19,16
East Zone,West Bengal,Haora,Bally,Municipality,19,16
East Zone,West Bengal,Haora,Bankra,Census Town,19,16
East Zone,West Bengal,Haora,Banupur,Census Town,19,16
East Zone,West Bengal,Haora,Beldubi,Census Town,19,16
East Zone,West Bengal,Haora,Bhandardaha,Census Town,19,16
East Zone,West Bengal,Haora,Bikihakola,Census Town,19,16
East Zone,West Bengal,Haora,Bipra  Noapara,Census Town,19,16
East Zone,West Bengal,Haora,Chakapara,Census Town,19,16
East Zone,West Bengal,Haora,Chamrail,Census Town,19,16
East Zone,West Bengal,Haora,Dakshin Jhapardaha,Census Town,19,16
East Zone,West Bengal,Haora,Dhuilya,Census Town,19,16
East Zone,West Bengal,Haora,Domjur,Census Town,19,16
East Zone,West Bengal,Haora,Eksara,Census Town,19,16
East Zone,West Bengal,Haora,Gabberia,Census Town,19,16
East Zone,West Bengal,Haora,Haora,Municipal Corporation,19,16
East Zone,West Bengal,Haora,Hatgachha,Census Town,19,16
East Zone,West Bengal,Haora,Jagadishpur,Census Town,19,16
East Zone,West Bengal,Haora,Jala Kendua,Census Town,19,16
East Zone,West Bengal,Haora,Jhorhat,Census Town,19,16
East Zone,West Bengal,Haora,Kalara,Census Town,19,16
East Zone,West Bengal,Haora,Kantlia,Census Town,19,16
East Zone,West Bengal,Haora,Kesabpur,Census Town,19,16
East Zone,West Bengal,Haora,Khalia,Census Town,19,16
East Zone,West Bengal,Haora,Khalor,Census Town,19,16
East Zone,West Bengal,Haora,Khantora,Census Town,19,16
East Zone,West Bengal,Haora,Mahiari,Census Town,19,16
East Zone,West Bengal,Haora,Makardaha,Census Town,19,16
East Zone,West Bengal,Haora,Manikpur,Census Town,19,16
East Zone,West Bengal,Haora,Mansinhapur,Census Town,19,16
East Zone,West Bengal,Haora,Natibpur,Census Town,19,16
East Zone,West Bengal,Haora,Naupala,Census Town,19,16
East Zone,West Bengal,Haora,Nibra,Census Town,19,16
East Zone,West Bengal,Haora,Panchla,Census Town,19,16
East Zone,West Bengal,Haora,Panchpara,Census Town,19,16
East Zone,West Bengal,Haora,Paniara,Census Town,19,16
East Zone,West Bengal,Haora,Podara,Census Town,19,16
East Zone,West Bengal,Haora,Raghudebbati,Census Town,19,16
East Zone,West Bengal,Haora,Ramchandrapur,Census Town,19,16
East Zone,West Bengal,Haora,Sahapur,Census Town,19,16
East Zone,West Bengal,Haora,Salap,Census Town,19,16
East Zone,West Bengal,Haora,Sankrail,Census Town,19,16
East Zone,West Bengal,Haora,Santoshpur,Census Town,19,16
East Zone,West Bengal,Haora,Sarenga,Census Town,19,16
East Zone,West Bengal,Haora,Tentulkuli,Census Town,19,16
East Zone,West Bengal,Haora,Uluberia,Municipality,19,16
East Zone,West Bengal,Haora,Uttar Pirpur,Census Town,19,16
East Zone,West Bengal,Hugli,Amodghata,Census Town,19,12
East Zone,West Bengal,Hugli,Arambag,Municipality,19,12
East Zone,West Bengal,Hugli,Badhagachhi,Census Town,19,12
East Zone,West Bengal,Hugli,Baidyabati,Municipality,19,12
East Zone,West Bengal,Hugli,Bamunari,Census Town,19,12
East Zone,West Bengal,Hugli,Bansberia,Municipality,19,12
East Zone,West Bengal,Hugli,Barijhati,Census Town,19,12
East Zone,West Bengal,Hugli,Begampur,Census Town,19,12
East Zone,West Bengal,Hugli,Bhadreswar,Municipality,19,12
East Zone,West Bengal,Hugli,Chak Bansberia,Census Town,19,12
East Zone,West Bengal,Hugli,Champdani,Municipality,19,12
East Zone,West Bengal,Hugli,Chandannagar,Municipal Corporation,19,12
East Zone,West Bengal,Hugli,Chikrand,Census Town,19,12
East Zone,West Bengal,Hugli,Dakshin Rajyadharpur,Census Town,19,12
East Zone,West Bengal,Hugli,Dharmapur,Census Town,19,12
East Zone,West Bengal,Hugli,Garalgachha,Census Town,19,12
East Zone,West Bengal,Hugli,Hugli-Chinsurah,Municipality,19,12
East Zone,West Bengal,Hugli,Kanaipur,Census Town,19,12
East Zone,West Bengal,Hugli,Kharsarai,Census Town,19,12
East Zone,West Bengal,Hugli,Kodalia,Census Town,19,12
East Zone,West Bengal,Hugli,Konnagar,Municipality,19,12
East Zone,West Bengal,Hugli,Krishnapur,Census Town,19,12
East Zone,West Bengal,Hugli,Kulihanda,Census Town,19,12
East Zone,West Bengal,Hugli,Madhusudanpur,Census Town,19,12
East Zone,West Bengal,Hugli,Monoharpur,Census Town,19,12
East Zone,West Bengal,Hugli,Mrigala,Census Town,19,12
East Zone,West Bengal,Hugli,Nabagram Colony,Census Town,19,12
East Zone,West Bengal,Hugli,Pairagachha,Census Town,19,12
East Zone,West Bengal,Hugli,Pandua,Census Town,19,12
East Zone,West Bengal,Hugli,Purba Tajpur,Census Town,19,12
East Zone,West Bengal,Hugli,Raghunathpur (PS-Dankuni),Census Town,19,12
East Zone,West Bengal,Hugli,Raghunathpur (PS-Magra),Census Town,19,12
East Zone,West Bengal,Hugli,Rishra,Municipality,19,12
East Zone,West Bengal,Hugli,Serampore,Municipality,19,12
East Zone,West Bengal,Hugli,Shankhanagar,Census Town,19,12
East Zone,West Bengal,Hugli,Simla,Census Town,19,12
East Zone,West Bengal,Hugli,Singur,Census Town,19,12
East Zone,West Bengal,Hugli,Tarakeswar,Municipality,19,12
East Zone,West Bengal,Hugli,Uttarpara Kotrung,Municipality,19,12
East Zone,West Bengal,Jalpaiguri,Alipurduar,Municipality,19,2
East Zone,West Bengal,Jalpaiguri,Alipurduar Rly.Jnc.,Census Town,19,2
East Zone,West Bengal,Jalpaiguri,Banarhat Tea Garden,Census Town,19,2
East Zone,West Bengal,Jalpaiguri,Bholar Dabri,Census Town,19,2
East Zone,West Bengal,Jalpaiguri,Chechakhata,Census Town,19,2
East Zone,West Bengal,Jalpaiguri,Dhupguri,Census Town,19,2
East Zone,West Bengal,Jalpaiguri,Falakata,Census Town,19,2
East Zone,West Bengal,Jalpaiguri,Gairkata,Census Town,19,2
East Zone,West Bengal,Jalpaiguri,Jalpaiguri,Municipality,19,2
East Zone,West Bengal,Jalpaiguri,Jaygaon,Census Town,19,2
East Zone,West Bengal,Jalpaiguri,Mainaguri,Census Town,19,2
East Zone,West Bengal,Jalpaiguri,Mal,Municipality,19,2
East Zone,West Bengal,Jalpaiguri,Paschim  Jitpur,Census Town,19,2
East Zone,West Bengal,Jalpaiguri,Sobhaganj,Census Town,19,2
East Zone,West Bengal,Jalpaiguri,Uttar Kamakhyaguri,Census Town,19,2
East Zone,West Bengal,Jalpaiguri,Uttar Latabari,Census Town,19,2
East Zone,West Bengal,Koch Bihar,Bhangri Pratham Khanda,Census Town,19,3
East Zone,West Bengal,Koch Bihar,Dinhata,Municipality,19,3
East Zone,West Bengal,Koch Bihar,Guriahati,Census Town,19,3
East Zone,West Bengal,Koch Bihar,Haldibari,Municipality,19,3
East Zone,West Bengal,Koch Bihar,Khagrabari,Municipality,19,3
East Zone,West Bengal,Koch Bihar,Kharimala Khagrabari,Census Town,19,3
East Zone,West Bengal,Koch Bihar,Koch Bihar,Municipality,19,3
East Zone,West Bengal,Koch Bihar,Mathabhanga,Municipality,19,3
East Zone,West Bengal,Koch Bihar,Mekliganj,Municipality,19,3
East Zone,West Bengal,Koch Bihar,Tufanganj,Municipality,19,3
East Zone,West Bengal,Kolkata,Kolkata,U.A. Part,19,17
East Zone,West Bengal,Maldah,Aiho,Census Town,19,6
East Zone,West Bengal,Maldah,English Bazar,Municipality,19,6
East Zone,West Bengal,Maldah,Kachu Pukur,Census Town,19,6
East Zone,West Bengal,Maldah,Kendua,Census Town,19,6
East Zone,West Bengal,Maldah,Old Maldah,Municipality,19,6
East Zone,West Bengal,Medinipur,Bahirgram,Census Town,19,15
East Zone,West Bengal,Medinipur,Balichak,Census Town,19,15
East Zone,West Bengal,Medinipur,Chandrakona,Municipality,19,15
East Zone,West Bengal,Medinipur,Contai,Municipality,19,15
East Zone,West Bengal,Medinipur,Dakshin Baguan,Census Town,19,15
East Zone,West Bengal,Medinipur,Deuli,Census Town,19,15
East Zone,West Bengal,Medinipur,Durllabhganj,Census Town,19,15
East Zone,West Bengal,Medinipur,Egra,Municipality,19,15
East Zone,West Bengal,Medinipur,Ghatal,Municipality,19,15
East Zone,West Bengal,Medinipur,Goasafat,Census Town,19,15
East Zone,West Bengal,Medinipur,Haldia,Municipality,19,15
East Zone,West Bengal,Medinipur,Jhargram,Municipality,19,15
East Zone,West Bengal,Medinipur,Kakdihi,Census Town,19,15
East Zone,West Bengal,Medinipur,Kharagpur,Municipality,19,15
East Zone,West Bengal,Medinipur,Kharagpur Rly. Settlement,Census Town,19,15
East Zone,West Bengal,Medinipur,Kharar,Municipality,19,15
East Zone,West Bengal,Medinipur,Kolaghat,Census Town,19,15
East Zone,West Bengal,Medinipur,Kshirpai,Municipality,19,15
East Zone,West Bengal,Medinipur,Medinipur,Municipality,19,15
East Zone,West Bengal,Medinipur,Ramjibanpur,Municipality,19,15
East Zone,West Bengal,Medinipur,Tamluk,Municipality,19,15
East Zone,West Bengal,Murshidabad,Anup Nagar,Census Town,19,7
East Zone,West Bengal,Murshidabad,Aurangabad,Census Town,19,7
East Zone,West Bengal,Murshidabad,Baharampur,Municipality,19,7
East Zone,West Bengal,Murshidabad,Beldanga,Municipality,19,7
East Zone,West Bengal,Murshidabad,Chachanda,Census Town,19,7
East Zone,West Bengal,Murshidabad,Charka,Census Town,19,7
East Zone,West Bengal,Murshidabad,Dafahat,Census Town,19,7
East Zone,West Bengal,Murshidabad,Dhulian,Municipality,19,7
East Zone,West Bengal,Murshidabad,Dhusaripara,Census Town,19,7
East Zone,West Bengal,Murshidabad,Farrakka Barrage Township,Census Town,19,7
East Zone,West Bengal,Murshidabad,Fatellapur,Census Town,19,7
East Zone,West Bengal,Murshidabad,Ghorsala,Census Town,19,7
East Zone,West Bengal,Murshidabad,Goaljan,Census Town,19,7
East Zone,West Bengal,Murshidabad,Gora Bazar,Census Town,19,7
East Zone,West Bengal,Murshidabad,Harharia Chak,Census Town,19,7
East Zone,West Bengal,Murshidabad,Jagtaj,Census Town,19,7
East Zone,West Bengal,Murshidabad,Jangipur,Municipality,19,7
East Zone,West Bengal,Murshidabad,Jiaganj Azimganj,Municipality,19,7
East Zone,West Bengal,Murshidabad,Jot Kamal,Census Town,19,7
East Zone,West Bengal,Murshidabad,Kandi,Municipality,19,7
East Zone,West Bengal,Murshidabad,Kankuria,Census Town,19,7
East Zone,West Bengal,Murshidabad,Kasim Bazar,Census Town,19,7
East Zone,West Bengal,Murshidabad,Khodarampur,Census Town,19,7
East Zone,West Bengal,Murshidabad,Murshidabad,Municipality,19,7
East Zone,West Bengal,Murshidabad,Paschim Punropara,Census Town,19,7
East Zone,West Bengal,Murshidabad,Sahajadpur,Census Town,19,7
East Zone,West Bengal,Murshidabad,Serpur,Census Town,19,7
East Zone,West Bengal,Murshidabad,Srikantabati,Census Town,19,7
East Zone,West Bengal,Murshidabad,Uttar Mahammadpur,Census Town,19,7
East Zone,West Bengal,Nadia,Aistala,Census Town,19,10
East Zone,West Bengal,Nadia,Bablari Dewanganj,Census Town,19,10
East Zone,West Bengal,Nadia,Baruihuda,Census Town,19,10
East Zone,West Bengal,Nadia,Birnagar,Municipality,19,10
East Zone,West Bengal,Nadia,Chakdaha,Municipality,19,10
East Zone,West Bengal,Nadia,Char Brahmanagar,Census Town,19,10
East Zone,West Bengal,Nadia,Char Maijdia,Census Town,19,10
East Zone,West Bengal,Nadia,Cooper's Camp,Notified Area,19,10
East Zone,West Bengal,Nadia,Darappur,Census Town,19,10
East Zone,West Bengal,Nadia,Gayespur,Municipality,19,10
East Zone,West Bengal,Nadia,Gopalpur,Census Town,19,10
East Zone,West Bengal,Nadia,Jagadanandapur,Census Town,19,10
East Zone,West Bengal,Nadia,Kalyani,Municipality,19,10
East Zone,West Bengal,Nadia,Karimpur,Census Town,19,10
East Zone,West Bengal,Nadia,Krishnanagar,Municipality,19,10
East Zone,West Bengal,Nadia,Kshidirpur,Census Town,19,10
East Zone,West Bengal,Nadia,Madanpur,Census Town,19,10
East Zone,West Bengal,Nadia,Nabadwip,Municipality,19,10
East Zone,West Bengal,Nadia,Nasra,Census Town,19,10
East Zone,West Bengal,Nadia,Parbbatipur,Census Town,19,10
East Zone,West Bengal,Nadia,Phulia,Census Town,19,10
East Zone,West Bengal,Nadia,Ranaghat,Municipality,19,10
East Zone,West Bengal,Nadia,Santipur,Municipality,19,10
East Zone,West Bengal,Nadia,Satigachha,Census Town,19,10
East Zone,West Bengal,Nadia,Taherpur,Notified Area,19,10
East Zone,West Bengal,North Twentyfour Parganas,Ashoknagar Kalyangarh,Municipality,19,11
East Zone,West Bengal,North Twentyfour Parganas,Baduria,Municipality,19,11
East Zone,West Bengal,North Twentyfour Parganas,Bangaon,Municipality,19,11
East Zone,West Bengal,North Twentyfour Parganas,Bara Bamonia,Census Town,19,11
East Zone,West Bengal,North Twentyfour Parganas,Baranagar,Municipality,19,11
East Zone,West Bengal,North Twentyfour Parganas,Barasat,Municipality,19,11
East Zone,West Bengal,North Twentyfour Parganas,Barrackpur,Municipality,19,11
East Zone,West Bengal,North Twentyfour Parganas,Barrackpur Cantonment,Cantonment Board,19,11
East Zone,West Bengal,North Twentyfour Parganas,Basirhat,Municipality,19,11
East Zone,West Bengal,North Twentyfour Parganas,Bhatpara,Municipality,19,11
East Zone,West Bengal,North Twentyfour Parganas,Bidhan Nagar,Municipality,19,11
East Zone,West Bengal,North Twentyfour Parganas,Chandpur,Census Town,19,11
East Zone,West Bengal,North Twentyfour Parganas,Dhakuria,Census Town,19,11
East Zone,West Bengal,North Twentyfour Parganas,Dhanyakuria,Census Town,19,11
East Zone,West Bengal,North Twentyfour Parganas,Dumdum,Municipality,19,11
East Zone,West Bengal,North Twentyfour Parganas,Garshyamnagar,Census Town,19,11
East Zone,West Bengal,North Twentyfour Parganas,Garulia,Municipality,19,11
East Zone,West Bengal,North Twentyfour Parganas,Gobardanga,Municipality,19,11
East Zone,West Bengal,North Twentyfour Parganas,Guma,Census Town,19,11
East Zone,West Bengal,North Twentyfour Parganas,Habra,Municipality,19,11
East Zone,West Bengal,North Twentyfour Parganas,Halisahar,Municipality,19,11
East Zone,West Bengal,North Twentyfour Parganas,Ichhapur Defence  Estate,Census Town,19,11
East Zone,West Bengal,North Twentyfour Parganas,Jafarpur,Census Town,19,11
East Zone,West Bengal,North Twentyfour Parganas,Jetia,Census Town,19,11
East Zone,West Bengal,North Twentyfour Parganas,Kamarhati,Municipality,19,11
East Zone,West Bengal,North Twentyfour Parganas,Kanchrapara,Municipality,19,11
East Zone,West Bengal,North Twentyfour Parganas,Kaugachhi,Census Town,19,11
East Zone,West Bengal,North Twentyfour Parganas,Khardaha,Municipality,19,11
East Zone,West Bengal,North Twentyfour Parganas,Madhyamgram,Municipality,19,11
East Zone,West Bengal,North Twentyfour Parganas,Maslandapur,Census Town,19,11
East Zone,West Bengal,North Twentyfour Parganas,Muragachha,Census Town,19,11
East Zone,West Bengal,North Twentyfour Parganas,Naihati,Municipality,19,11
East Zone,West Bengal,North Twentyfour Parganas,Nebadhai Duttapukur,Census Town,19,11
East Zone,West Bengal,North Twentyfour Parganas,New Barrackpur,Municipality,19,11
East Zone,West Bengal,North Twentyfour Parganas,Nokpul,Census Town,19,11
East Zone,West Bengal,North Twentyfour Parganas,North Barrackpur,Municipality,19,11
East Zone,West Bengal,North Twentyfour Parganas,North Dumdum,Municipality,19,11
East Zone,West Bengal,North Twentyfour Parganas,Panihati,Municipality,19,11
East Zone,West Bengal,North Twentyfour Parganas,Patulia,Census Town,19,11
East Zone,West Bengal,North Twentyfour Parganas,Raigachhi,Census Town,19,11
East Zone,West Bengal,North Twentyfour Parganas,Rajarhat Gopalpur,Municipality,19,11
East Zone,West Bengal,North Twentyfour Parganas,Ruiya,Census Town,19,11
East Zone,West Bengal,North Twentyfour Parganas,Sadpur,Census Town,19,11
East Zone,West Bengal,North Twentyfour Parganas,Sonatikiri,Census Town,19,11
East Zone,West Bengal,North Twentyfour Parganas,South Dumdum,Municipality,19,11
East Zone,West Bengal,North Twentyfour Parganas,Taki,Municipality,19,11
East Zone,West Bengal,North Twentyfour Parganas,Talbandha,Census Town,19,11
East Zone,West Bengal,North Twentyfour Parganas,Titagarh,Municipality,19,11
East Zone,West Bengal,Puruliya,Adra,Census Town,19,14
East Zone,West Bengal,Puruliya,Arra,Census Town,19,14
East Zone,West Bengal,Puruliya,Balarampur,Census Town,19,14
East Zone,West Bengal,Puruliya,Barabazar,Census Town,19,14
East Zone,West Bengal,Puruliya,Chapari,Census Town,19,14
East Zone,West Bengal,Puruliya,Hijuli,Census Town,19,14
East Zone,West Bengal,Puruliya,Jhalda,Municipality,19,14
East Zone,West Bengal,Puruliya,Nabagram,Census Town,19,14
East Zone,West Bengal,Puruliya,Par Beliya,Census Town,19,14
East Zone,West Bengal,Puruliya,Puruliya,Municipality,19,14
East Zone,West Bengal,Puruliya,Raghunathpur,Municipality,19,14
East Zone,West Bengal,Puruliya,S.T. Power Project Town,Census Town,19,14
East Zone,West Bengal,South Twentyfour Parganas,Amtala,Census Town,19,18
East Zone,West Bengal,South Twentyfour Parganas,Balarampur,Census Town,19,18
East Zone,West Bengal,South Twentyfour Parganas,Baruipur,Municipality,19,18
East Zone,West Bengal,South Twentyfour Parganas,Bhangar Raghunathpur,Census Town,19,18
East Zone,West Bengal,South Twentyfour Parganas,Bilandapur,Census Town,19,18
East Zone,West Bengal,South Twentyfour Parganas,Birlapur,Census Town,19,18
East Zone,West Bengal,South Twentyfour Parganas,Bishnupur,Census Town,19,18
East Zone,West Bengal,South Twentyfour Parganas,Bowali,Census Town,19,18
East Zone,West Bengal,South Twentyfour Parganas,Budge Budge,Municipality,19,18
East Zone,West Bengal,South Twentyfour Parganas,Chak Enayetnagar,Census Town,19,18
East Zone,West Bengal,South Twentyfour Parganas,Chak Kashipur,Census Town,19,18
East Zone,West Bengal,South Twentyfour Parganas,Chata Kalikapur,Census Town,19,18
East Zone,West Bengal,South Twentyfour Parganas,Diamond Harbour,Municipality,19,18
East Zone,West Bengal,South Twentyfour Parganas,Jaynagar Mazilpur,Municipality,19,18
East Zone,West Bengal,South Twentyfour Parganas,Kanyanagar,Census Town,19,18
East Zone,West Bengal,South Twentyfour Parganas,Maheshtala,Municipality,19,18
East Zone,West Bengal,South Twentyfour Parganas,Pujali,Municipality,19,18
East Zone,West Bengal,South Twentyfour Parganas,Rajpur Sonarpur,Municipality,19,18
East Zone,West Bengal,South Twentyfour Parganas,Uttar Durgapur,Census Town,19,18
East Zone,West Bengal,South Twentyfour Parganas,Uttar Kalas,Census Town,19,18
East Zone,West Bengal,South Twentyfour Parganas,Uttar Raypur,Census Town,19,18
East Zone,West Bengal,Uttar Dinajpur,Dalkhola,Census Town,19,4
East Zone,West Bengal,Uttar Dinajpur,Islampur,Municipality,19,4
East Zone,West Bengal,Uttar Dinajpur,Kaliaganj,Municipality,19,4
East Zone,West Bengal,Uttar Dinajpur,Kasba,Census Town,19,4
East Zone,West Bengal,Uttar Dinajpur,Nachhratpur Katabari,Census Town,19,4
East Zone,West Bengal,Uttar Dinajpur,Raiganj,Municipality,19,4
North Zone,Chandigarh,Chandigarh,Chandigarh,Municipal Corporation,4,1
North Zone,Delhi,East,Chilla Saroda Bangar,Census Town,7,4
North Zone,Delhi,East,Dallo Pura,Census Town,7,4
North Zone,Delhi,East,Gharoli,Census Town,7,4
North Zone,Delhi,East,Gharonda Neemka Bangar alias Patpar Ganj,Census Town,7,4
North Zone,Delhi,East,Kondli,Census Town,7,4
North Zone,Delhi,In all 9 dsitricts,Delhi Municipal Corporation (U),Municipal Corporation,7,1 to 9
North Zone,Delhi,"New Delhi, Central, South West and South",New Delhi Municipal Council,Municipal Council,7,"5, 6, 8 & 9"
North Zone,Delhi,North,Burari,Census Town,7,2
North Zone,Delhi,North,Jharoda Majra Burari,Census Town,7,2
North Zone,Delhi,North East,Babar Pur,Census Town,7,3
North Zone,Delhi,North East,Dayal Pur,Census Town,7,3
North Zone,Delhi,North East,Gokal Pur,Census Town,7,3
North Zone,Delhi,North East,Jaffrabad,Census Town,7,3
North Zone,Delhi,North East,Jiwan Pur alias Johri Pur,Census Town,7,3
North Zone,Delhi,North East,Karawal Nagar,Census Town,7,3
North Zone,Delhi,North East,Khajoori Khas,Census Town,7,3
North Zone,Delhi,North East,Mirpur Turk,Census Town,7,3
North Zone,Delhi,North East,Mustafabad,Census Town,7,3
North Zone,Delhi,North East,Sadat Pur Gujran,Census Town,7,3
North Zone,Delhi,North East,Ziauddin Pur,Census Town,7,3
North Zone,Delhi,North West,Ali Pur,Census Town,7,1
North Zone,Delhi,North West,Bankner,Census Town,7,1
North Zone,Delhi,North West,Bawana,Census Town,7,1
North Zone,Delhi,North West,Begum Pur,Census Town,7,1
North Zone,Delhi,North West,Bhalswa Jahangir Pur,Census Town,7,1
North Zone,Delhi,North West,Gheora,Census Town,7,1
North Zone,Delhi,North West,Ghoga,Census Town,7,1
North Zone,Delhi,North West,Kanjhawala,Census Town,7,1
North Zone,Delhi,North West,Khera Khurd,Census Town,7,1
North Zone,Delhi,North West,Kirari Suleman Nagar,Census Town,7,1
North Zone,Delhi,North West,Libas Pur,Census Town,7,1
North Zone,Delhi,North West,Nangal Thakran,Census Town,7,1
North Zone,Delhi,North West,Pehlad Pur Bangar,Census Town,7,1
North Zone,Delhi,North West,Pooth Kalan,Census Town,7,1
North Zone,Delhi,North West,Pooth Khurd,Census Town,7,1
North Zone,Delhi,North West,Sahibabad Daulat Pur,Census Town,7,1
North Zone,Delhi,North West,Sanoth,Census Town,7,1
North Zone,Delhi,North West,Siras Pur,Census Town,7,1
North Zone,Delhi,North West,Sultan Pur Majra,Census Town,7,1
North Zone,Delhi,South,Asola,Census Town,7,9
North Zone,Delhi,South,Bhati,Census Town,7,9
North Zone,Delhi,South,Deoli,Census Town,7,9
North Zone,Delhi,South,Jona Pur,Census Town,7,9
North Zone,Delhi,South,Mithe Pur,Census Town,7,9
North Zone,Delhi,South,Molar Band,Census Town,7,9
North Zone,Delhi,South,Pul Pehlad,Census Town,7,9
North Zone,Delhi,South,Saidul Ajaib,Census Town,7,9
North Zone,Delhi,South,Sultan Pur,Census Town,7,9
North Zone,Delhi,South,Taj Pul,Census Town,7,9
North Zone,Delhi,South,Tigri,Census Town,7,9
North Zone,Delhi,South West,Chhawla,Census Town,7,8
North Zone,Delhi,South West,Delhi Cantt.,Cantonment Board,7,8
North Zone,Delhi,South West,Ghitorni,Census Town,7,8
North Zone,Delhi,South West,Kapas Hera,Census Town,7,8
North Zone,Delhi,South West,Nangal Dewat,Census Town,7,8
North Zone,Delhi,South West,Rajokri,Census Town,7,8
North Zone,Delhi,South West,Roshan Pura alias Dichaon Khurd,Census Town,7,8
North Zone,Delhi,South West,Sambhalka,Census Town,7,8
North Zone,Delhi,West,Hastsal,Census Town,7,7
North Zone,Delhi,West,Mundka,Census Town,7,7
North Zone,Delhi,West,Nangloi Jat,Census Town,7,7
North Zone,Delhi,West,Quammruddin Nagar,Census Town,7,7
North Zone,Haryana,Ambala,Ambala,Municipal Council,6,2
North Zone,Haryana,Ambala,Ambala Cantt.,Cantonment Board,6,2
North Zone,Haryana,Ambala,Ambala Sadar,Municipal Council,6,2
North Zone,Haryana,Ambala,Babiyal,Census Town,6,2
North Zone,Haryana,Ambala,Kardhan,Census Town,6,2
North Zone,Haryana,Ambala,Naraingarh,Municipal Committee,6,2
North Zone,Haryana,Bhiwani,Bawani Khera,Municipal Committee,6,13
North Zone,Haryana,Bhiwani,Bhiwani,Municipal Council,6,13
North Zone,Haryana,Bhiwani,Charkhi Dadri,Municipal Committee,6,13
North Zone,Haryana,Bhiwani,Loharu,Municipal Committee,6,13
North Zone,Haryana,Bhiwani,Siwani,Municipal Committee,6,13
North Zone,Haryana,Bhiwani,Tosham,Municipal Committee,6,13
North Zone,Haryana,Faridabad,Faridabad,Municipal Corporation,6,19
North Zone,Haryana,Faridabad,Hassanpur,Municipal Committee,6,19
North Zone,Haryana,Faridabad,Hathin,Municipal Committee,6,19
North Zone,Haryana,Faridabad,Hodal,Municipal Committee,6,19
North Zone,Haryana,Faridabad,Palwal,Municipal Council,6,19
North Zone,Haryana,Faridabad,Tilpat,Census Town,6,19
North Zone,Haryana,Fatehabad,Fatehabad,Municipal Committee,6,10
North Zone,Haryana,Fatehabad,Jakhal Mandi,Municipal Committee,6,10
North Zone,Haryana,Fatehabad,Ratia,Municipal Committee,6,10
North Zone,Haryana,Fatehabad,Tohana,Municipal Committee,6,10
North Zone,Haryana,Gurgaon,Dundahera,Census Town,6,18
North Zone,Haryana,Gurgaon,Farrukhnagar,Municipal Committee,6,18
North Zone,Haryana,Gurgaon,Ferozepur Jhirka,Municipal Committee,6,18
North Zone,Haryana,Gurgaon,Gurgaon,Municipal Council,6,18
North Zone,Haryana,Gurgaon,Gurgaon Rural,Census Town,6,18
North Zone,Haryana,Gurgaon,Haileymandi,Municipal Committee,6,18
North Zone,Haryana,Gurgaon,Nuh,Municipal Committee,6,18
North Zone,Haryana,Gurgaon,Pataudi,Municipal Committee,6,18
North Zone,Haryana,Gurgaon,Punahana,Municipal Committee,6,18
North Zone,Haryana,Gurgaon,Sohna,Municipal Committee,6,18
North Zone,Haryana,Gurgaon,Sukhrali,Census Town,6,18
North Zone,Haryana,Gurgaon,Taoru,Municipal Committee,6,18
North Zone,Haryana,Hisar,Barwala,Municipal Committee,6,12
North Zone,Haryana,Hisar,Hansi,Municipal Council,6,12
North Zone,Haryana,Hisar,Hisar,Municipal Council,6,12
North Zone,Haryana,Hisar,Narnaund,Municipal Committee,6,12
North Zone,Haryana,Hisar,Uklanamandi,Municipal Committee,6,12
North Zone,Haryana,Jhajjar,Bahadurgarh,Municipal Council,6,15
North Zone,Haryana,Jhajjar,Beri,Municipal Committee,6,15
North Zone,Haryana,Jhajjar,Jhajjar,Municipal Committee,6,15
North Zone,Haryana,Jhajjar,Ladrawan,Census Town,6,15
North Zone,Haryana,Jhajjar,Sankhol,Census Town,6,15
North Zone,Haryana,Jind,Jind,Municipal Council,6,9
North Zone,Haryana,Jind,Julana,Municipal Committee,6,9
North Zone,Haryana,Jind,Narwana,Municipal Committee,6,9
North Zone,Haryana,Jind,Safidon,Municipal Committee,6,9
North Zone,Haryana,Jind,Uchana,Municipal Committee,6,9
North Zone,Haryana,Kaithal,Cheeka,Municipal Committee,6,5
North Zone,Haryana,Kaithal,Kaithal,Municipal Council,6,5
North Zone,Haryana,Kaithal,Kalayat,Municipal Committee,6,5
North Zone,Haryana,Kaithal,Pundri,Municipal Committee,6,5
North Zone,Haryana,Karnal,Assandh,Municipal Committee,6,6
North Zone,Haryana,Karnal,Gharaunda,Municipal Committee,6,6
North Zone,Haryana,Karnal,Indri,Municipal Committee,6,6
North Zone,Haryana,Karnal,Karnal,Municipal Council,6,6
North Zone,Haryana,Karnal,Nilokheri,Municipal Committee,6,6
North Zone,Haryana,Karnal,Taraori,Municipal Committee,6,6
North Zone,Haryana,Karnal,Uncha Siwana,Census Town,6,6
North Zone,Haryana,Kurukshetra,Ladwa,Municipal Committee,6,4
North Zone,Haryana,Kurukshetra,Pehowa,Municipal Committee,6,4
North Zone,Haryana,Kurukshetra,Shahbad,Municipal Committee,6,4
North Zone,Haryana,Kurukshetra,Thanesar,Municipal Council,6,4
North Zone,Haryana,Mahendragarh,Ateli,Municipal Committee,6,16
North Zone,Haryana,Mahendragarh,Kanina,Municipal Committee,6,16
North Zone,Haryana,Mahendragarh,Mahendragarh,Municipal Committee,6,16
North Zone,Haryana,Mahendragarh,Nagai Chaudhry,Census Town,6,16
North Zone,Haryana,Mahendragarh,Narnaul,Municipal Council,6,16
North Zone,Haryana,Panchkula,Kalka,Municipal Committee,6,1
North Zone,Haryana,Panchkula,Panchkula Urban Estate,Estate Office,6,1
North Zone,Haryana,Panchkula,Pinjore,Municipal Committee,6,1
North Zone,Haryana,Panchkula,Raipur Rani,Census Town,6,1
North Zone,Haryana,Panipat,Asan  Khurd,Census Town,6,7
North Zone,Haryana,Panipat,Panipat,Municipal Council,6,7
North Zone,Haryana,Panipat,Panipat Taraf Ansar,Census Town,6,7
North Zone,Haryana,Panipat,Panipat Taraf Rajputan,Census Town,6,7
North Zone,Haryana,Panipat,Panipt Taraf Makhdum Zadgan,Census Town,6,7
North Zone,Haryana,Panipat,Samalkha,Municipal Committee,6,7
North Zone,Haryana,Rewari,Bawal,Municipal Committee,6,17
North Zone,Haryana,Rewari,Dharuhera,Census Town,6,17
North Zone,Haryana,Rewari,Rewari,Municipal Council,6,17
North Zone,Haryana,Rewari,Rewari (Rural),Census Town,6,17
North Zone,Haryana,Rohtak,Kalanaur,Municipal Committee,6,14
North Zone,Haryana,Rohtak,Maham,Municipal Committee,6,14
North Zone,Haryana,Rohtak,Rohtak,Municipal Council,6,14
North Zone,Haryana,Sirsa,Ellenabad,Municipal Committee,6,11
North Zone,Haryana,Sirsa,Kalan Wali,Municipal Committee,6,11
North Zone,Haryana,Sirsa,Mandi Dabwali,Municipal Committee,6,11
North Zone,Haryana,Sirsa,Rania,Municipal Committee,6,11
North Zone,Haryana,Sirsa,Sirsa,Municipal Council,6,11
North Zone,Haryana,Sonipat,Ganaur,Municipal Committee,6,8
North Zone,Haryana,Sonipat,Gohana,Municipal Committee,6,8
North Zone,Haryana,Sonipat,Kharkhoda,Municipal Committee,6,8
North Zone,Haryana,Sonipat,Sonipat,Municipal Council,6,8
North Zone,Haryana,Yamunanagar,Bilaspur,Census Town,6,3
North Zone,Haryana,Yamunanagar,Buria,Municipal Committee,6,3
North Zone,Haryana,Yamunanagar,Chhachhrauli,Municipal Committee,6,3
North Zone,Haryana,Yamunanagar,Farakhpur,Census Town,6,3
North Zone,Haryana,Yamunanagar,Jagadhri,Municipal Council,6,3
North Zone,Haryana,Yamunanagar,Kansepur,Census Town,6,3
North Zone,Haryana,Yamunanagar,Mustafabad,Census Town,6,3
North Zone,Haryana,Yamunanagar,Radaur,Municipal Committee,6,3
North Zone,Haryana,Yamunanagar,Sadaura,Municipal Committee,6,3
North Zone,Haryana,Yamunanagar,Sasauli,Census Town,6,3
North Zone,Haryana,Yamunanagar,Yamunanagar,Municipal Council,6,3
North Zone,Himachal Pradesh,Bilaspur,Bilaspur,Municipal Council,2,8
North Zone,Himachal Pradesh,Bilaspur,Ghumarwin,Nagar Panchayat,2,8
North Zone,Himachal Pradesh,Bilaspur,Naina Devi,Municipal Council,2,8
North Zone,Himachal Pradesh,Bilaspur,Talai,Nagar Panchayat,2,8
North Zone,Himachal Pradesh,Chamba,Bakloh,Cantonment Board,2,1
North Zone,Himachal Pradesh,Chamba,Chamba,Municipal Council,2,1
North Zone,Himachal Pradesh,Chamba,Chuari Khas,Nagar Panchayat,2,1
North Zone,Himachal Pradesh,Chamba,Dalhousie,Municipal Council,2,1
North Zone,Himachal Pradesh,Hamirpur,Bhota,Nagar Panchayat,2,6
North Zone,Himachal Pradesh,Hamirpur,Hamirpur,Municipal Council,2,6
North Zone,Himachal Pradesh,Hamirpur,Nadaun,Nagar Panchayat,2,6
North Zone,Himachal Pradesh,Hamirpur,Tira Sujanpur,Nagar Panchayat,2,6
North Zone,Himachal Pradesh,Kangra,Dera Gopipur,Nagar Panchayat,2,2
North Zone,Himachal Pradesh,Kangra,Dharmsala,Municipal Council,2,2
North Zone,Himachal Pradesh,Kangra,Jawalamukhi,Nagar Panchayat,2,2
North Zone,Himachal Pradesh,Kangra,Kangra,Municipal Council,2,2
North Zone,Himachal Pradesh,Kangra,Mant Khas,Census Town,2,2
North Zone,Himachal Pradesh,Kangra,Nagrota Bagwan,Nagar Panchayat,2,2
North Zone,Himachal Pradesh,Kangra,Nurpur,Municipal Council,2,2
North Zone,Himachal Pradesh,Kangra,Palampur,Municipal Council,2,2
North Zone,Himachal Pradesh,Kangra,Yol,Cantonment Board,2,2
North Zone,Himachal Pradesh,Kullu,Banjar,Nagar Panchayat,2,4
North Zone,Himachal Pradesh,Kullu,Bhuntar,Nagar Panchayat,2,4
North Zone,Himachal Pradesh,Kullu,Kullu,Municipal Council,2,4
North Zone,Himachal Pradesh,Kullu,Manali,Nagar Panchayat,2,4
North Zone,Himachal Pradesh,Mandi,Jogindarnagar,Nagar Panchayat,2,5
North Zone,Himachal Pradesh,Mandi,Mandi,Municipal Council,2,5
North Zone,Himachal Pradesh,Mandi,Rawalsar,Nagar Panchayat,2,5
North Zone,Himachal Pradesh,Mandi,Sarkaghat,Nagar Panchayat,2,5
North Zone,Himachal Pradesh,Mandi,Sundarnagar,Municipal Council,2,5
North Zone,Himachal Pradesh,Shimla,Chaupal,Nagar Panchayat,2,11
North Zone,Himachal Pradesh,Shimla,Jubbal,Nagar Panchayat,2,11
North Zone,Himachal Pradesh,Shimla,Jutogh,Cantonment Board,2,11
North Zone,Himachal Pradesh,Shimla,Kotkhai,Nagar Panchayat,2,11
North Zone,Himachal Pradesh,Shimla,Narkanda,Nagar Panchayat,2,11
North Zone,Himachal Pradesh,Shimla,Rampur,Municipal Council,2,11
North Zone,Himachal Pradesh,Shimla,Rohru,Nagar Panchayat,2,11
North Zone,Himachal Pradesh,Shimla,Seoni,Nagar Panchayat,2,11
North Zone,Himachal Pradesh,Shimla,Shimla,Municipal Corporation,2,11
North Zone,Himachal Pradesh,Shimla,Theog,Municipal Committee,2,11
North Zone,Himachal Pradesh,Sirmaur,Nahan,Municipal Council,2,10
North Zone,Himachal Pradesh,Sirmaur,Paonta Sahib,Municipal Committee,2,10
North Zone,Himachal Pradesh,Sirmaur,Rajgarh,Nagar Panchayat,2,10
North Zone,Himachal Pradesh,Solan,Arki,Nagar Panchayat,2,9
North Zone,Himachal Pradesh,Solan,Baddi,Nagar Panchayat,2,9
North Zone,Himachal Pradesh,Solan,Dagshai,Cantonment Board,2,9
North Zone,Himachal Pradesh,Solan,Kasauli,Cantonment Board,2,9
North Zone,Himachal Pradesh,Solan,Nalagarh,Municipal Committee,2,9
North Zone,Himachal Pradesh,Solan,Parwanoo,Municipal Council,2,9
North Zone,Himachal Pradesh,Solan,Sabathu,Cantonment Board,2,9
North Zone,Himachal Pradesh,Solan,Solan,Municipal Committee,2,9
North Zone,Himachal Pradesh,Una,Daulatpur,Nagar Panchayat,2,7
North Zone,Himachal Pradesh,Una,Gagret,Nagar Panchayat,2,7
North Zone,Himachal Pradesh,Una,Mehatpur Basdehra,Nagar Panchayat,2,7
North Zone,Himachal Pradesh,Una,Santokhgarh,Nagar Panchayat,2,7
North Zone,Himachal Pradesh,Una,Una,Municipal Council,2,7
North Zone,Jammu & Kashmir,Anantnag,Achabal,Notified Area Committee,1,6
North Zone,Jammu & Kashmir,Anantnag,Anantnag,Town Committee,1,6
North Zone,Jammu & Kashmir,Anantnag,Bijbehara,Notified Area Committee,1,6
North Zone,Jammu & Kashmir,Anantnag,Duru-Verinag,Notified Area Committee,1,6
North Zone,Jammu & Kashmir,Anantnag,Kukernag,Notified Area Committee,1,6
North Zone,Jammu & Kashmir,Anantnag,Kulgam,Notified Area Committee,1,6
North Zone,Jammu & Kashmir,Anantnag,Mattan,Notified Area Committee,1,6
North Zone,Jammu & Kashmir,Anantnag,Pahalgam,Notified Area Committee,1,6
North Zone,Jammu & Kashmir,Anantnag,Qazigund,Notified Area Committee,1,6
North Zone,Jammu & Kashmir,Badgam,Badgam,Notified Area Committee,1,4
North Zone,Jammu & Kashmir,Badgam,Beerwah,Notified Area Committee,1,4
North Zone,Jammu & Kashmir,Badgam,Charari Sharief,Notified Area Committee,1,4
North Zone,Jammu & Kashmir,Badgam,Khan Sahib,Notified Area Committee,1,4
North Zone,Jammu & Kashmir,Badgam,Magam,Notified Area Committee,1,4
North Zone,Jammu & Kashmir,Baramula,Bandipore,Notified Area Committee,1,2
North Zone,Jammu & Kashmir,Baramula,Baramula,Town Committee,1,2
North Zone,Jammu & Kashmir,Baramula,Gulmarg,Notified Area Committee,1,2
North Zone,Jammu & Kashmir,Baramula,Hajan,Notified Area Committee,1,2
North Zone,Jammu & Kashmir,Baramula,Kunzer,Notified Area Committee,1,2
North Zone,Jammu & Kashmir,Baramula,Pattan,Notified Area Committee,1,2
North Zone,Jammu & Kashmir,Baramula,Sopore,Town Committee,1,2
North Zone,Jammu & Kashmir,Baramula,Sumbal,Notified Area Committee,1,2
North Zone,Jammu & Kashmir,Baramula,Uri,Notified Area Committee,1,2
North Zone,Jammu & Kashmir,Doda,Banihal,Notified Area Committee,1,9
North Zone,Jammu & Kashmir,Doda,Batote,Notified Area Committee,1,9
North Zone,Jammu & Kashmir,Doda,Bhaderwah,Notified Area Committee,1,9
North Zone,Jammu & Kashmir,Doda,Doda,Notified Area Committee,1,9
North Zone,Jammu & Kashmir,Doda,Kishtwar,Notified Area Committee,1,9
North Zone,Jammu & Kashmir,Doda,Ramban,Notified Area Committee,1,9
North Zone,Jammu & Kashmir,Jammu,Akhnoor,Notified Area Committee,1,13
North Zone,Jammu & Kashmir,Jammu,Arnia,Notified Area Committee,1,13
North Zone,Jammu & Kashmir,Jammu,Bari Brahmana,Notified Area Committee,1,13
North Zone,Jammu & Kashmir,Jammu,Bishna,Notified Area Committee,1,13
North Zone,Jammu & Kashmir,Jammu,Gho Manhasan,Notified Area Committee,1,13
North Zone,Jammu & Kashmir,Jammu,Gorah Salathian,Notified Area Committee,1,13
North Zone,Jammu & Kashmir,Jammu,Jammu,Municipal Committee,1,13
North Zone,Jammu & Kashmir,Jammu,Jammu Cantonment,Cantonment Board,1,13
North Zone,Jammu & Kashmir,Jammu,Jourian,Notified Area Committee,1,13
North Zone,Jammu & Kashmir,Jammu,Khour,Notified Area Committee,1,13
North Zone,Jammu & Kashmir,Jammu,Ram Garh,Notified Area Committee,1,13
North Zone,Jammu & Kashmir,Jammu,Ranbir Singh Pora,Notified Area Committee,1,13
North Zone,Jammu & Kashmir,Jammu,Samba,Notified Area Committee,1,13
North Zone,Jammu & Kashmir,Jammu,Vijay Pur,Notified Area Committee,1,13
North Zone,Jammu & Kashmir,Kathua,Bashohli,Notified Area Committee,1,14
North Zone,Jammu & Kashmir,Kathua,Billawar,Notified Area Committee,1,14
North Zone,Jammu & Kashmir,Kathua,Hiranagar,Notified Area Committee,1,14
North Zone,Jammu & Kashmir,Kathua,Kathua,Town Committee,1,14
North Zone,Jammu & Kashmir,Kathua,Lakhenpur,Notified Area Committee,1,14
North Zone,Jammu & Kashmir,Kathua,Parole,Notified Area Committee,1,14
North Zone,Jammu & Kashmir,Kupwara,Handwara,Notified Area Committee,1,1
North Zone,Jammu & Kashmir,Kupwara,Kupwara,Notified Area Committee,1,1
North Zone,Jammu & Kashmir,Pulwama,Awantipora,Notified Area Committee,1,5
North Zone,Jammu & Kashmir,Pulwama,Khrew,Notified Area Committee,1,5
North Zone,Jammu & Kashmir,Pulwama,Pampore,Notified Area Committee,1,5
North Zone,Jammu & Kashmir,Pulwama,Pulwama,Notified Area Committee,1,5
North Zone,Jammu & Kashmir,Pulwama,Shupiyan,Notified Area Committee,1,5
North Zone,Jammu & Kashmir,Pulwama,Tral,Notified Area Committee,1,5
North Zone,Jammu & Kashmir,Punch,Punch,Municipal Committee,1,11
North Zone,Jammu & Kashmir,Rajauri,Nowshehra,Notified Area Committee,1,12
North Zone,Jammu & Kashmir,Rajauri,Rajauri,Notified Area Committee,1,12
North Zone,Jammu & Kashmir,Rajauri,Sunderbani,Notified Area Committee,1,12
North Zone,Jammu & Kashmir,Rajauri,Thanamandi,Notified Area Committee,1,12
North Zone,Jammu & Kashmir,Srinagar,Badami Bagh,Cantonment Board,1,3
North Zone,Jammu & Kashmir,Srinagar,Ganderbal,Notified Area Committee,1,3
North Zone,Jammu & Kashmir,Srinagar,Srinagar,Municipal Committee,1,3
North Zone,Jammu & Kashmir,Udhampur,Chenani,Notified Area Committee,1,10
North Zone,Jammu & Kashmir,Udhampur,Katra,Notified Area Committee,1,10
North Zone,Jammu & Kashmir,Udhampur,Kud,Notified Area Committee,1,10
North Zone,Jammu & Kashmir,Udhampur,Ramnagar,Notified Area Committee,1,10
North Zone,Jammu & Kashmir,Udhampur,Reasi,Notified Area Committee,1,10
North Zone,Jammu & Kashmir,Udhampur,Rehambal,Census Town,1,10
North Zone,Jammu & Kashmir,Udhampur,Talwara,Census Town,1,10
North Zone,Jammu & Kashmir,Udhampur,Udhampur,Town Committee,1,10
North Zone,Ladakh,Kargil,Kargil,Notified Area Committee,1,8
North Zone,Ladakh,Leh (Ladakh),Leh,Notified Area Committee,1,7
North Zone,Punjab,Amritsar,Ajnala,Nagar Panchayat,3,2
North Zone,Punjab,Amritsar,Amritsar,Municipal Corporation,3,2
North Zone,Punjab,Amritsar,Amritsar Cantt.,Cantonment Board,3,2
North Zone,Punjab,Amritsar,Bhikhiwind,Nagar Panchayat,3,2
North Zone,Punjab,Amritsar,Budha Theh,Census Town,3,2
North Zone,Punjab,Amritsar,Jandiala,Municipal Council,3,2
North Zone,Punjab,Amritsar,Khem Karan,Nagar Panchayat,3,2
North Zone,Punjab,Amritsar,Majitha,Municipal Council,3,2
North Zone,Punjab,Amritsar,Patti,Municipal Council,3,2
North Zone,Punjab,Amritsar,Rajasansi,Nagar Panchayat,3,2
North Zone,Punjab,Amritsar,Ramdass,Municipal Council,3,2
North Zone,Punjab,Amritsar,Rayya,Nagar Panchayat,3,2
North Zone,Punjab,Amritsar,Tarn Taran,Municipal Council,3,2
North Zone,Punjab,Bathinda,Bathinda,Municipal Council,3,14
North Zone,Punjab,Bathinda,Bhisiana,Census Town,3,14
North Zone,Punjab,Bathinda,Bhucho Mandi,Municipal Council,3,14
North Zone,Punjab,Bathinda,Goniana,Municipal Council,3,14
North Zone,Punjab,Bathinda,Kot Fatta,Municipal Council,3,14
North Zone,Punjab,Bathinda,Maur,Municipal Council,3,14
North Zone,Punjab,Bathinda,Raman,Municipal Council,3,14
North Zone,Punjab,Bathinda,Rampura Phul,Municipal Council,3,14
North Zone,Punjab,Bathinda,Sangat,Municipal Council,3,14
North Zone,Punjab,Faridkot,Faridkot,Municipal Council,3,13
North Zone,Punjab,Faridkot,Jaitu,Municipal Council,3,13
North Zone,Punjab,Faridkot,Kot Kapura,Municipal Council,3,13
North Zone,Punjab,Fatehgarh Sahib,Amloh,Municipal Council,3,8
North Zone,Punjab,Fatehgarh Sahib,Bassi Pathana,Municipal Council,3,8
North Zone,Punjab,Fatehgarh Sahib,Gobindgarh,Municipal Council,3,8
North Zone,Punjab,Fatehgarh Sahib,Khamanon,Nagar Panchayat,3,8
North Zone,Punjab,Fatehgarh Sahib,Sirhind -Fategarh,Municipal Council,3,8
North Zone,Punjab,Firozpur,Abohar,Municipal Council,3,11
North Zone,Punjab,Firozpur,Fazilka,Municipal Council,3,11
North Zone,Punjab,Firozpur,Fiozpur,Municipal Council,3,11
North Zone,Punjab,Firozpur,Firozpur Cantt.,Cantonment Board,3,11
North Zone,Punjab,Firozpur,Guru Har Sahai,Municipal Council,3,11
North Zone,Punjab,Firozpur,Jalalabad,Municipal Council,3,11
North Zone,Punjab,Firozpur,Makhu,Nagar Panchayat,3,11
North Zone,Punjab,Firozpur,Talwandi Bhai,Municipal Council,3,11
North Zone,Punjab,Firozpur,Zira,Municipal Council,3,11
North Zone,Punjab,Gurdaspur,Batala,Municipal Council,3,1
North Zone,Punjab,Gurdaspur,Bharoli Kalan,Census Town,3,1
North Zone,Punjab,Gurdaspur,Daulatpur,Census Town,3,1
North Zone,Punjab,Gurdaspur,Dera Baba Nanak,Municipal Council,3,1
North Zone,Punjab,Gurdaspur,Dhariwal,Municipal Council,3,1
North Zone,Punjab,Gurdaspur,Dina Nagar,Municipal Council,3,1
North Zone,Punjab,Gurdaspur,Fatehgarh Churian,Municipal Council,3,1
North Zone,Punjab,Gurdaspur,Gurdaspur,Municipal Council,3,1
North Zone,Punjab,Gurdaspur,Jugial,Census Town,3,1
North Zone,Punjab,Gurdaspur,Kalanaur,Nagar Panchayat,3,1
North Zone,Punjab,Gurdaspur,Pathankot,Municipal Committee,3,1
North Zone,Punjab,Gurdaspur,Qadian,Municipal Council,3,1
North Zone,Punjab,Gurdaspur,Sri Hargobindpur,Municipal Council,3,1
North Zone,Punjab,Gurdaspur,Sujanpur,Municipal Council,3,1
North Zone,Punjab,Hoshiarpur,Chohal,Census Town,3,5
North Zone,Punjab,Hoshiarpur,Dasua,Municipal Council,3,5
North Zone,Punjab,Hoshiarpur,Gardhiwala,Municipal Council,3,5
North Zone,Punjab,Hoshiarpur,Garhshanker,Municipal Council,3,5
North Zone,Punjab,Hoshiarpur,Hajipur,Census Town,3,5
North Zone,Punjab,Hoshiarpur,Hariana,Municipal Council,3,5
North Zone,Punjab,Hoshiarpur,Hoshiarpur,Municipal Council,3,5
North Zone,Punjab,Hoshiarpur,Mahilpur,Nagar Panchayat,3,5
North Zone,Punjab,Hoshiarpur,Mukerian,Municipal Council,3,5
North Zone,Punjab,Hoshiarpur,Shamchaurasi,Municipal Council,3,5
North Zone,Punjab,Hoshiarpur,Talwara,Census Town,3,5
North Zone,Punjab,Hoshiarpur,Urmar Tanda,Municipal Council,3,5
North Zone,Punjab,Jalandhar,Adampur,Municipal Council,3,4
North Zone,Punjab,Jalandhar,Alawalpur,Municipal Council,3,4
North Zone,Punjab,Jalandhar,Bhogpur,Nagar Panchayat,3,4
North Zone,Punjab,Jalandhar,Goraya,Nagar Panchayat,3,4
North Zone,Punjab,Jalandhar,Jalandhar,Municipal Corporation,3,4
North Zone,Punjab,Jalandhar,Jalandhar Cantt.,Cantonment Board,3,4
North Zone,Punjab,Jalandhar,Jandiala,Nagar Panchayat,3,4
North Zone,Punjab,Jalandhar,Kartarpur,Municipal Council,3,4
North Zone,Punjab,Jalandhar,Lodhian Khas,Nagar Panchayat,3,4
North Zone,Punjab,Jalandhar,Nakodar,Municipal Council,3,4
North Zone,Punjab,Jalandhar,Noor Mahal,Municipal Council,3,4
North Zone,Punjab,Jalandhar,Phillaur,Municipal Council,3,4
North Zone,Punjab,Jalandhar,Sansarpur,Census Town,3,4
North Zone,Punjab,Jalandhar,Shahkot,Nagar Panchayat,3,4
North Zone,Punjab,Kapurthala,Begowal,Nagar Panchayat,3,3
North Zone,Punjab,Kapurthala,Bhulath,Nagar Panchayat,3,3
North Zone,Punjab,Kapurthala,Dhilwan,Nagar Panchayat,3,3
North Zone,Punjab,Kapurthala,Hussainpur,Census Town,3,3
North Zone,Punjab,Kapurthala,Kapurthala,Municipal Council,3,3
North Zone,Punjab,Kapurthala,Phagwara,Municipal Council,3,3
North Zone,Punjab,Kapurthala,Sultanpur Lodhi,Municipal Council,3,3
North Zone,Punjab,Ludhiana,Akalgarh,Census Town,3,9
North Zone,Punjab,Ludhiana,Daroha,Municipal Council,3,9
North Zone,Punjab,Ludhiana,Jagraon,Municipal Council,3,9
North Zone,Punjab,Ludhiana,Khanna,Municipal Council,3,9
North Zone,Punjab,Ludhiana,Ludhiana,Municipal Corporation,3,9
North Zone,Punjab,Ludhiana,Machhiwara,Nagar Panchayat,3,9
North Zone,Punjab,Ludhiana,Maloud,Nagar Panchayat,3,9
North Zone,Punjab,Ludhiana,Mullanpur Dakha,Nagar Panchayat,3,9
North Zone,Punjab,Ludhiana,Payal,Municipal Council,3,9
North Zone,Punjab,Ludhiana,Raikot,Municipal Council,3,9
North Zone,Punjab,Ludhiana,Sahnewal,Nagar Panchayat,3,9
North Zone,Punjab,Ludhiana,Samrala,Municipal Council,3,9
North Zone,Punjab,Mansa,Baretta,Municipal Council,3,15
North Zone,Punjab,Mansa,Bhikhi,Nagar Panchayat,3,15
North Zone,Punjab,Mansa,Budhlada,Municipal Council,3,15
North Zone,Punjab,Mansa,Mansa,Municipal Council,3,15
North Zone,Punjab,Mansa,Sardulgarh,Nagar Panchayat,3,15
North Zone,Punjab,Moga,Badhni Kalan,Nagar Panchayat,3,10
North Zone,Punjab,Moga,Bagha Purana,Nagar Panchayat,3,10
North Zone,Punjab,Moga,Dharamkot,Municipal Council,3,10
North Zone,Punjab,Moga,Moga,Municipal Council,3,10
North Zone,Punjab,Muktsar,Bariwala,Nagar Panchayat,3,12
North Zone,Punjab,Muktsar,Gidderbaha,Municipal Council,3,12
North Zone,Punjab,Muktsar,Malout,Municipal Council,3,12
North Zone,Punjab,Muktsar,Muktsar,Municipal Council,3,12
North Zone,Punjab,Nawanshahr,Balachaur,Nagar Panchayat,3,6
North Zone,Punjab,Nawanshahr,Banga,Municipal Council,3,6
North Zone,Punjab,Nawanshahr,Nawanshahr,Municipal Council,3,6
North Zone,Punjab,Nawanshahr,Rahon,Municipal Council,3,6
North Zone,Punjab,Patiala,Banaur,Municipal Council,3,17
North Zone,Punjab,Patiala,Bhankharpur,Census Town,3,17
North Zone,Punjab,Patiala,Dera Bassi,Municipal Council,3,17
North Zone,Punjab,Patiala,Ghagga,Nagar Panchayat,3,17
North Zone,Punjab,Patiala,Ghanaur,Nagar Panchayat,3,17
North Zone,Punjab,Patiala,Nabha,Municipal Council,3,17
North Zone,Punjab,Patiala,Patiala,Municipal Corporation,3,17
North Zone,Punjab,Patiala,Pattran,Nagar Panchayat,3,17
North Zone,Punjab,Patiala,Rajpura,Municipal Council,3,17
North Zone,Punjab,Patiala,Rurki Kasba,Census Town,3,17
North Zone,Punjab,Patiala,Samana,Municipal Council,3,17
North Zone,Punjab,Patiala,Sanaur,Municipal Council,3,17
North Zone,Punjab,Patiala,Shekhpura,Census Town,3,17
North Zone,Punjab,Patiala,Zirakpur,Nagar Panchayat,3,17
North Zone,Punjab,Rupnagar,Anandpur Sahib,Municipal Council,3,7
North Zone,Punjab,Rupnagar,Bhabat,Census Town,3,7
North Zone,Punjab,Rupnagar,Karoran,Census Town,3,7
North Zone,Punjab,Rupnagar,Kharar,Municipal Council,3,7
North Zone,Punjab,Rupnagar,Kurali,Municipal Council,3,7
North Zone,Punjab,Rupnagar,Morinda,Municipal Council,3,7
North Zone,Punjab,Rupnagar,Mullanpur- Garibdas,Census Town,3,7
North Zone,Punjab,Rupnagar,Nangal,Municipal Council,3,7
North Zone,Punjab,Rupnagar,Nehon,Census Town,3,7
North Zone,Punjab,Rupnagar,Rupnagar,Municipal Council,3,7
North Zone,Punjab,Rupnagar,S.A.S. Nagar (Mohali),Municipal Council,3,7
North Zone,Punjab,Sangrur,Ahmedgarh,Municipal Council,3,16
North Zone,Punjab,Sangrur,Barnala,Municipal Council,3,16
North Zone,Punjab,Sangrur,Bhadaur,Municipal Council,3,16
North Zone,Punjab,Sangrur,Bhawanigarh,Municipal Council,3,16
North Zone,Punjab,Sangrur,Cheema,Nagar Panchayat,3,16
North Zone,Punjab,Sangrur,Dhanaula,Municipal Council,3,16
North Zone,Punjab,Sangrur,Dhuri,Municipal Council,3,16
North Zone,Punjab,Sangrur,Dirba,Nagar Panchayat,3,16
North Zone,Punjab,Sangrur,Handiaya,Nagar Panchayat,3,16
North Zone,Punjab,Sangrur,Khanauri,Nagar Panchayat,3,16
North Zone,Punjab,Sangrur,Lehragaga,Municipal Council,3,16
North Zone,Punjab,Sangrur,Longowal,Municipal Council,3,16
North Zone,Punjab,Sangrur,Malerkotla,Municipal Council,3,16
North Zone,Punjab,Sangrur,Moonak,Nagar Panchayat,3,16
North Zone,Punjab,Sangrur,Sangrur,Municipal Council,3,16
North Zone,Punjab,Sangrur,Sunam,Municipal Council,3,16
North Zone,Punjab,Sangrur,Tappa,Municipal Council,3,16
North Zone,Rajasthan,Ajmer,Ajmer,Municipal Council,8,21
North Zone,Rajasthan,Ajmer,Beawar,Municipal Council,8,21
North Zone,Rajasthan,Ajmer,Kekri,Municipality,8,21
North Zone,Rajasthan,Ajmer,Kiranipura,Census Town,8,21
North Zone,Rajasthan,Ajmer,Kishangarh,Municipality,8,21
North Zone,Rajasthan,Ajmer,Nasirabad,Cantonment Board,8,21
North Zone,Rajasthan,Ajmer,Pushkar,Municipality,8,21
North Zone,Rajasthan,Ajmer,Sarwar,Municipality,8,21
North Zone,Rajasthan,Ajmer,Vijainagar,Municipality,8,21
North Zone,Rajasthan,Alwar,Alwar,Municipal Council,8,6
North Zone,Rajasthan,Alwar,Behror,Municipality,8,6
North Zone,Rajasthan,Alwar,Bhiwadi,Census Town,8,6
North Zone,Rajasthan,Alwar,Govindgarh,Census Town,8,6
North Zone,Rajasthan,Alwar,Khairthal,Municipality,8,6
North Zone,Rajasthan,Alwar,Kherli,Municipality,8,6
North Zone,Rajasthan,Alwar,Kishangarh,Census Town,8,6
North Zone,Rajasthan,Alwar,Rajgarh,Municipality,8,6
North Zone,Rajasthan,Alwar,Tijara,Municipality,8,6
North Zone,Rajasthan,Banswara,Banswara,Municipality,8,28
North Zone,Rajasthan,Banswara,Kushalgarh,Municipality,8,28
North Zone,Rajasthan,Banswara,Partapur,Census Town,8,28
North Zone,Rajasthan,Baran,Antah,Municipality,8,31
North Zone,Rajasthan,Baran,Baran,Municipality,8,31
North Zone,Rajasthan,Baran,Chhabra,Municipality,8,31
North Zone,Rajasthan,Baran,Chhipabarod,Census Town,8,31
North Zone,Rajasthan,Baran,Kherliganj,Census Town,8,31
North Zone,Rajasthan,Baran,Mangrol,Municipality,8,31
North Zone,Rajasthan,Barmer,Balotra,Municipality,8,17
North Zone,Rajasthan,Barmer,Barmer,Municipality,8,17
North Zone,Rajasthan,Bharatpur,Bayana,Municipality,8,7
North Zone,Rajasthan,Bharatpur,Bharatpur,Municipal Council,8,7
North Zone,Rajasthan,Bharatpur,Bhusawar,Municipality,8,7
North Zone,Rajasthan,Bharatpur,Deeg,Municipality,8,7
North Zone,Rajasthan,Bharatpur,Kaman,Municipality,8,7
North Zone,Rajasthan,Bharatpur,Kumher,Municipality,8,7
North Zone,Rajasthan,Bharatpur,Nadbai,Municipality,8,7
North Zone,Rajasthan,Bharatpur,Nagar,Municipality,8,7
North Zone,Rajasthan,Bharatpur,Weir,Municipality,8,7
North Zone,Rajasthan,Bhilwara,Asind,Municipality,8,24
North Zone,Rajasthan,Bhilwara,Beejoliya Kalan,Census Town,8,24
North Zone,Rajasthan,Bhilwara,Bhilwara,Municipal Council,8,24
North Zone,Rajasthan,Bhilwara,Gangapur,Municipality,8,24
North Zone,Rajasthan,Bhilwara,Gulabpura,Municipality,8,24
North Zone,Rajasthan,Bhilwara,Jahazpur,Municipality,8,24
North Zone,Rajasthan,Bhilwara,Mandalgarh,Municipality,8,24
North Zone,Rajasthan,Bhilwara,Shahpura,Municipality,8,24
North Zone,Rajasthan,Bikaner,Bikaner,Municipal Council,8,3
North Zone,Rajasthan,Bikaner,Deshnoke,Municipality,8,3
North Zone,Rajasthan,Bikaner,Nokha,Municipality,8,3
North Zone,Rajasthan,Bundi,Budhpura,Census Town,8,23
North Zone,Rajasthan,Bundi,Bundi,Municipality,8,23
North Zone,Rajasthan,Bundi,Indragarh,Municipality,8,23
North Zone,Rajasthan,Bundi,Kaprain,Municipality,8,23
North Zone,Rajasthan,Bundi,Keshoraipatan,Municipality,8,23
North Zone,Rajasthan,Bundi,Lakheri,Municipality,8,23
North Zone,Rajasthan,Bundi,Nainwa,Municipality,8,23
North Zone,Rajasthan,Chittaurgarh,Bari Sadri,Municipality,8,29
North Zone,Rajasthan,Chittaurgarh,Begun,Municipality,8,29
North Zone,Rajasthan,Chittaurgarh,Chhoti Sadri,Municipality,8,29
North Zone,Rajasthan,Chittaurgarh,Chittaurgarh,Municipality,8,29
North Zone,Rajasthan,Chittaurgarh,Kapasan,Municipality,8,29
North Zone,Rajasthan,Chittaurgarh,Nimbahera,Municipality,8,29
North Zone,Rajasthan,Chittaurgarh,Pratapgarh,Municipality,8,29
North Zone,Rajasthan,Chittaurgarh,Rawatbhata,Municipality,8,29
North Zone,Rajasthan,Churu,Bidasar,Municipality,8,4
North Zone,Rajasthan,Churu,Chhapar,Municipality,8,4
North Zone,Rajasthan,Churu,Churu,Municipality,8,4
North Zone,Rajasthan,Churu,Dungargarh,Municipality,8,4
North Zone,Rajasthan,Churu,Rajaldesar,Municipality,8,4
North Zone,Rajasthan,Churu,Rajgarh,Municipality,8,4
North Zone,Rajasthan,Churu,Ratangarh,Municipality,8,4
North Zone,Rajasthan,Churu,Ratannagar,Municipality,8,4
North Zone,Rajasthan,Churu,Sardarshahar,Municipality,8,4
North Zone,Rajasthan,Churu,Sujangarh,Municipality,8,4
North Zone,Rajasthan,Churu,Taranagar,Municipality,8,4
North Zone,Rajasthan,Dausa,Bandikui,Municipality,8,11
North Zone,Rajasthan,Dausa,Dausa,Municipality,8,11
North Zone,Rajasthan,Dausa,Lalsot,Municipality,8,11
North Zone,Rajasthan,Dausa,Mahwa,Census Town,8,11
North Zone,Rajasthan,Dausa,Mandawar,Census Town,8,11
North Zone,Rajasthan,Dhaulpur,Bari,Municipality,8,8
North Zone,Rajasthan,Dhaulpur,Dhaulpur,Municipality,8,8
North Zone,Rajasthan,Dhaulpur,Rajakhera,Municipality,8,8
North Zone,Rajasthan,Dungarpur,Dungarpur,Municipality,8,27
North Zone,Rajasthan,Dungarpur,Galiakot,Census Town,8,27
North Zone,Rajasthan,Dungarpur,Sagwara,Municipality,8,27
North Zone,Rajasthan,Ganganagar,1 SGM,Census Town,8,1
North Zone,Rajasthan,Ganganagar,3 STR,Census Town,8,1
North Zone,Rajasthan,Ganganagar,Anupgarh,Municipality,8,1
North Zone,Rajasthan,Ganganagar,Gajsinghpur,Municipality,8,1
North Zone,Rajasthan,Ganganagar,Ganganagar,Municipal Council,8,1
North Zone,Rajasthan,Ganganagar,Karanpur,Municipality,8,1
North Zone,Rajasthan,Ganganagar,Kesrisinghpur,Municipality,8,1
North Zone,Rajasthan,Ganganagar,Padampur,Municipality,8,1
North Zone,Rajasthan,Ganganagar,Raisinghnagar,Municipality,8,1
North Zone,Rajasthan,Ganganagar,Sadulshahar,Municipality,8,1
North Zone,Rajasthan,Ganganagar,Suratgarh,Municipality,8,1
North Zone,Rajasthan,Ganganagar,Vijainagar,Municipality,8,1
North Zone,Rajasthan,Hanumangarh,Bhadra,Municipality,8,2
North Zone,Rajasthan,Hanumangarh,Hanumangarh,Municipality,8,2
North Zone,Rajasthan,Hanumangarh,Nohar,Municipality,8,2
North Zone,Rajasthan,Hanumangarh,Pilibanga,Municipality,8,2
North Zone,Rajasthan,Hanumangarh,Rawatsar,Municipality,8,2
North Zone,Rajasthan,Hanumangarh,Sangaria,Municipality,8,2
North Zone,Rajasthan,Jaipur,Bagru,Municipality,8,12
North Zone,Rajasthan,Jaipur,Chaksu,Municipality,8,12
North Zone,Rajasthan,Jaipur,Chomu,Municipality,8,12
North Zone,Rajasthan,Jaipur,Jaipur,Municipal Corporation,8,12
North Zone,Rajasthan,Jaipur,Jobner,Municipality,8,12
North Zone,Rajasthan,Jaipur,Kishangarh Renwal,Municipality,8,12
North Zone,Rajasthan,Jaipur,Kotputli,Municipality,8,12
North Zone,Rajasthan,Jaipur,Phulera,Municipality,8,12
North Zone,Rajasthan,Jaipur,Sambhar,Municipality,8,12
North Zone,Rajasthan,Jaipur,Shahpura,Municipality,8,12
North Zone,Rajasthan,Jaipur,Viratnagar,Municipality,8,12
North Zone,Rajasthan,Jaisalmer,Jaisalmer,Municipality,8,16
North Zone,Rajasthan,Jaisalmer,Pokaran,Municipality,8,16
North Zone,Rajasthan,Jalor,Bhinmal,Municipality,8,18
North Zone,Rajasthan,Jalor,Jalor,Municipality,8,18
North Zone,Rajasthan,Jalor,Sanchore,Municipality,8,18
North Zone,Rajasthan,Jhalawar,Aklera,Municipality,8,32
North Zone,Rajasthan,Jhalawar,Bakani,Census Town,8,32
North Zone,Rajasthan,Jhalawar,Bhawani Mandi,Municipality,8,32
North Zone,Rajasthan,Jhalawar,Jhalawar,Municipality,8,32
North Zone,Rajasthan,Jhalawar,Jhalrapatan,Municipality,8,32
North Zone,Rajasthan,Jhalawar,Kolvi Mandi Rajendra pura,Census Town,8,32
North Zone,Rajasthan,Jhalawar,Manohar Thana,Census Town,8,32
North Zone,Rajasthan,Jhalawar,Pirawa,Municipality,8,32
North Zone,Rajasthan,Jhunjhunun,Baggar,Municipality,8,5
North Zone,Rajasthan,Jhunjhunun,Bissau,Municipality,8,5
North Zone,Rajasthan,Jhunjhunun,Chirawa,Municipality,8,5
North Zone,Rajasthan,Jhunjhunun,Gothra,Census Town,8,5
North Zone,Rajasthan,Jhunjhunun,Jhunjhunun,Municipality,8,5
North Zone,Rajasthan,Jhunjhunun,Khetri,Municipality,8,5
North Zone,Rajasthan,Jhunjhunun,Mandawa,Municipality,8,5
North Zone,Rajasthan,Jhunjhunun,Mukandgarh,Municipality,8,5
North Zone,Rajasthan,Jhunjhunun,Nawalgarh,Municipality,8,5
North Zone,Rajasthan,Jhunjhunun,Pilani,Municipality,8,5
North Zone,Rajasthan,Jhunjhunun,Surajgarh,Municipality,8,5
North Zone,Rajasthan,Jhunjhunun,Udaipurwati,Municipality,8,5
North Zone,Rajasthan,Jhunjhunun,Vidyavihar,Municipality,8,5
North Zone,Rajasthan,Jodhpur,Bilara,Municipality,8,15
North Zone,Rajasthan,Jodhpur,Jodhpur,Municipal Corporation,8,15
North Zone,Rajasthan,Jodhpur,Phalodi,Municipality,8,15
North Zone,Rajasthan,Jodhpur,Piparcity,Municipality,8,15
North Zone,Rajasthan,Karauli,Hindaun,Municipality,8,9
North Zone,Rajasthan,Karauli,Karauli,Municipality,8,9
North Zone,Rajasthan,Karauli,Todabhim,Municipality,8,9
North Zone,Rajasthan,Kota,Chechat,Census Town,8,30
North Zone,Rajasthan,Kota,Kaithoon,Municipality,8,30
North Zone,Rajasthan,Kota,Kota,Municipal Corporation,8,30
North Zone,Rajasthan,Kota,Kumbhkot,Census Town,8,30
North Zone,Rajasthan,Kota,Modak,Census Town,8,30
North Zone,Rajasthan,Kota,Ramganj Mandi,Municipality,8,30
North Zone,Rajasthan,Kota,Sangod,Municipality,8,30
North Zone,Rajasthan,Kota,Satalkheri,Census Town,8,30
North Zone,Rajasthan,Kota,Sogariya,Census Town,8,30
North Zone,Rajasthan,Kota,Suket,Census Town,8,30
North Zone,Rajasthan,Kota,Udpura,Census Town,8,30
North Zone,Rajasthan,Nagaur,Basni Belima,Census Town,8,14
North Zone,Rajasthan,Nagaur,Didwana,Municipality,8,14
North Zone,Rajasthan,Nagaur,Goredi Chancha,Census Town,8,14
North Zone,Rajasthan,Nagaur,Kuchaman City,Municipality,8,14
North Zone,Rajasthan,Nagaur,Kuchera,Municipality,8,14
North Zone,Rajasthan,Nagaur,Ladnu,Municipality,8,14
North Zone,Rajasthan,Nagaur,Makrana,Municipality,8,14
North Zone,Rajasthan,Nagaur,Merta City,Municipality,8,14
North Zone,Rajasthan,Nagaur,Mundwa,Municipality,8,14
North Zone,Rajasthan,Nagaur,Nagaur,Municipality,8,14
North Zone,Rajasthan,Nagaur,Nawa,Municipality,8,14
North Zone,Rajasthan,Nagaur,Parbatsar,Municipality,8,14
North Zone,Rajasthan,Pali,Bali,Municipality,8,20
North Zone,Rajasthan,Pali,Jaitaran,Municipality,8,20
North Zone,Rajasthan,Pali,Marwar Junction,Census Town,8,20
North Zone,Rajasthan,Pali,Pali,Municipal Council,8,20
North Zone,Rajasthan,Pali,Phalna,Municipality,8,20
North Zone,Rajasthan,Pali,Rani,Municipality,8,20
North Zone,Rajasthan,Pali,Sadri,Municipality,8,20
North Zone,Rajasthan,Pali,Sojat,Municipality,8,20
North Zone,Rajasthan,Pali,Sojat Road,Census Town,8,20
North Zone,Rajasthan,Pali,Sumerpur,Municipality,8,20
North Zone,Rajasthan,Pali,Takhatgarh,Municipality,8,20
North Zone,Rajasthan,Rajsamand,Amet,Municipality,8,25
North Zone,Rajasthan,Rajsamand,Dariba,Census Town,8,25
North Zone,Rajasthan,Rajsamand,Devgarh,Municipality,8,25
North Zone,Rajasthan,Rajsamand,Nathdwara,Municipality,8,25
North Zone,Rajasthan,Rajsamand,Rajsamand,Municipality,8,25
North Zone,Rajasthan,Saharanpur,Behat,Nagar Panchayat,9,1
North Zone,Rajasthan,Sawai Madhopur,Gangapur City,Municipality,8,10
North Zone,Rajasthan,Sawai Madhopur,Mahu Kalan,Census Town,8,10
North Zone,Rajasthan,Sawai Madhopur,Sawai Madhopur,Municipality,8,10
North Zone,Rajasthan,Sawai Madhopur,Todra,Census Town,8,10
North Zone,Rajasthan,Sikar,Fatehpur,Municipality,8,13
North Zone,Rajasthan,Sikar,Khandela,Municipality,8,13
North Zone,Rajasthan,Sikar,Lachhmangarh,Municipality,8,13
North Zone,Rajasthan,Sikar,Losal,Municipality,8,13
North Zone,Rajasthan,Sikar,Neem-Ka-Thana,Municipality,8,13
North Zone,Rajasthan,Sikar,Ramgarh,Municipality,8,13
North Zone,Rajasthan,Sikar,Reengus,Municipality,8,13
North Zone,Rajasthan,Sikar,Sikar,Municipal Council,8,13
North Zone,Rajasthan,Sikar,Sri Madhopur,Municipality,8,13
North Zone,Rajasthan,Sirohi,Abu Road,Municipality,8,19
North Zone,Rajasthan,Sirohi,Mount Abu,Municipality,8,19
North Zone,Rajasthan,Sirohi,Pindwara,Municipality,8,19
North Zone,Rajasthan,Sirohi,Sheoganj,Municipality,8,19
North Zone,Rajasthan,Sirohi,Sirohi,Municipality,8,19
North Zone,Rajasthan,Tonk,Deoli,Municipality,8,22
North Zone,Rajasthan,Tonk,Malpura,Municipality,8,22
North Zone,Rajasthan,Tonk,Niwai,Municipality,8,22
North Zone,Rajasthan,Tonk,Todaraisingh,Municipality,8,22
North Zone,Rajasthan,Tonk,Tonk,Municipal Council,8,22
North Zone,Rajasthan,Tonk,Uniara,Municipality,8,22
North Zone,Rajasthan,Tonk,Vanasthali,Census Town,8,22
North Zone,Rajasthan,Udaipur,Bhalariya,Census Town,8,26
North Zone,Rajasthan,Udaipur,Bhinder,Municipality,8,26
North Zone,Rajasthan,Udaipur,Dhariawad,Census Town,8,26
North Zone,Rajasthan,Udaipur,Fatehnagar,Municipality,8,26
North Zone,Rajasthan,Udaipur,Kanor,Municipality,8,26
North Zone,Rajasthan,Udaipur,Kherwara Chhaoni,Census Town,8,26
North Zone,Rajasthan,Udaipur,Newa Talai,Census Town,8,26
North Zone,Rajasthan,Udaipur,Rikhabdeo,Census Town,8,26
North Zone,Rajasthan,Udaipur,Salumbar,Municipality,8,26
North Zone,Rajasthan,Udaipur,Udaipur,Municipal Council,8,26
Northeast Zone,Arunachal Pradesh,Changlang,Changlang,Census Town,12,12
Northeast Zone,Arunachal Pradesh,Changlang,Jairampur,Census Town,12,12
Northeast Zone,Arunachal Pradesh,Dibang Valley,Roing,Census Town,12,10
Northeast Zone,Arunachal Pradesh,East Kameng,Seppa,Census Town,12,3
Northeast Zone,Arunachal Pradesh,East Siang,Pasighat,Census Town,12,8
Northeast Zone,Arunachal Pradesh,Lohit,Namsai,Census Town,12,11
Northeast Zone,Arunachal Pradesh,Lohit,Tezu,Census Town,12,11
Northeast Zone,Arunachal Pradesh,Lower Subansiri,Ziro,Census Town,12,5
Northeast Zone,Arunachal Pradesh,Papum Pare,Itanagar,Census Town,12,4
Northeast Zone,Arunachal Pradesh,Papum Pare,Naharlagun,Census Town,12,4
Northeast Zone,Arunachal Pradesh,Tawang,Tawang,Census Town,12,1
Northeast Zone,Arunachal Pradesh,Tirap,Deomali,Census Town,12,13
Northeast Zone,Arunachal Pradesh,Tirap,Khonsa,Census Town,12,13
Northeast Zone,Arunachal Pradesh,Upper Subansiri,Daporijo,Census Town,12,6
Northeast Zone,Arunachal Pradesh,West Kameng,Bomdila,Census Town,12,2
Northeast Zone,Arunachal Pradesh,West Siang,Along,Census Town,12,7
Northeast Zone,Arunachal Pradesh,West Siang,Basar,Census Town,12,7
Northeast Zone,Assam,Barpeta,Barpeta,Municipal Board,18,5
Northeast Zone,Assam,Barpeta,Barpeta Road,Municipal Board,18,5
Northeast Zone,Assam,Barpeta,Bohari,Census Town,18,5
Northeast Zone,Assam,Barpeta,Howli,Town Committee,18,5
Northeast Zone,Assam,Barpeta,Pathsala,Town Committee,18,5
Northeast Zone,Assam,Barpeta,Sarbhog,Town Committee,18,5
Northeast Zone,Assam,Barpeta,Sarthebari,Town Committee,18,5
Northeast Zone,Assam,Bongaigaon,Abhayapuri,Town Committee,18,4
Northeast Zone,Assam,Bongaigaon,Bijni,Town Committee,18,4
Northeast Zone,Assam,Bongaigaon,Bongaigaon,Municipal Board,18,4
Northeast Zone,Assam,Bongaigaon,"Bongaigaon, Refinery & Petro-chemical Ltd. Township",Census Town,18,4
Northeast Zone,Assam,Bongaigaon,New Bongaigaon Rly. Colony,Census Town,18,4
Northeast Zone,Assam,Cachar,Ambikapur Part-X,Census Town,18,21
Northeast Zone,Assam,Cachar,Durga Nagar Part-V,Census Town,18,21
Northeast Zone,Assam,Cachar,Kanakpur Part-II,Census Town,18,21
Northeast Zone,Assam,Cachar,Lakhipur,Town Committee,18,21
Northeast Zone,Assam,Cachar,Silchar,Municipal Board,18,21
Northeast Zone,Assam,Cachar,Silchar Part-X,Census Town,18,21
Northeast Zone,Assam,Cachar,Uttar Krishnapur Part-I,Census Town,18,21
Northeast Zone,Assam,Darrang,Kharupatia,Town Committee,18,8
Northeast Zone,Assam,Darrang,Mangaldoi,Municipal Board,18,8
Northeast Zone,Assam,Darrang,Tangla,Town Committee,18,8
Northeast Zone,Assam,Darrang,Udalguri,Town Committee,18,8
Northeast Zone,Assam,Dhemaji,Dhemaji,Town Committee,18,13
Northeast Zone,Assam,Dhemaji,Jonai Bazar,Census Town,18,13
Northeast Zone,Assam,Dhemaji,Silapathar,Town Committee,18,13
Northeast Zone,Assam,Dhubri,Anand Nagar,Census Town,18,2
Northeast Zone,Assam,Dhubri,Bilasipara,Town Committee,18,2
Northeast Zone,Assam,Dhubri,Chapar,Town Committee,18,2
Northeast Zone,Assam,Dhubri,Dhubri,Municipal Board,18,2
Northeast Zone,Assam,Dhubri,Gauripur,Town Committee,18,2
Northeast Zone,Assam,Dhubri,Golokganj,Census Town,18,2
Northeast Zone,Assam,Dhubri,Mankachar,Census Town,18,2
Northeast Zone,Assam,Dhubri,Sapatgram,Town Committee,18,2
Northeast Zone,Assam,Dibrugarh,Barbari (AMC Area),Census Town,18,15
Northeast Zone,Assam,Dibrugarh,Chabua,Town Committee,18,15
Northeast Zone,Assam,Dibrugarh,Dibrugarh,Municipal Board,18,15
Northeast Zone,Assam,Dibrugarh,Duliajan No.1,Census Town,18,15
Northeast Zone,Assam,Dibrugarh,Duliajan Oil Town,Census Town,18,15
Northeast Zone,Assam,Dibrugarh,Moran Town,Census Town,18,15
Northeast Zone,Assam,Dibrugarh,Naharkatiya,Town Committee,18,15
Northeast Zone,Assam,Dibrugarh,Namrup,Census Town,18,15
Northeast Zone,Assam,Dibrugarh,Sarupathar Bengali,Census Town,18,15
Northeast Zone,Assam,Goalpara,Goalpara,Municipal Board,18,3
Northeast Zone,Assam,Goalpara,Kharijapikon,Census Town,18,3
Northeast Zone,Assam,Goalpara,Lakhipur,Town Committee,18,3
Northeast Zone,Assam,Golaghat,Barpathar,Town Committee,18,18
Northeast Zone,Assam,Golaghat,Bokakhat,Town Committee,18,18
Northeast Zone,Assam,Golaghat,Dergaon,Town Committee,18,18
Northeast Zone,Assam,Golaghat,Golaghat,Municipal Board,18,18
Northeast Zone,Assam,Golaghat,Numaligarh Refinery Township,Census Town,18,18
Northeast Zone,Assam,Golaghat,Sarupathar,Town Committee,18,18
Northeast Zone,Assam,Hailakandi,Hailakandi,Municipal Board,18,23
Northeast Zone,Assam,Hailakandi,Hindustan Paper Corporation Ltd. Township Area Panchgram,Census Town,18,23
Northeast Zone,Assam,Hailakandi,Lala,Town Committee,18,23
Northeast Zone,Assam,Jorhat,Chekonidhara,Census Town,18,17
Northeast Zone,Assam,Jorhat,Jorhat,O.G.,18,17
Northeast Zone,Assam,Jorhat,Kumar Kaibarta Gaon,Census Town,18,17
Northeast Zone,Assam,Jorhat,Mariani,Town Committee,18,17
Northeast Zone,Assam,Jorhat,Naubaisa Gaon,Census Town,18,17
Northeast Zone,Assam,Jorhat,Senchoa Gaon,Census Town,18,17
Northeast Zone,Assam,Jorhat,Titabor Town,Census Town,18,17
Northeast Zone,Assam,Kamrup,Bamun Sualkuchi,Census Town,18,6
Northeast Zone,Assam,Kamrup,Chandrapur Bagicha,Census Town,18,6
Northeast Zone,Assam,Kamrup,Dharapur,Census Town,18,6
Northeast Zone,Assam,Kamrup,Guwahati,Municipal Corporation,18,6
Northeast Zone,Assam,Kamrup,Kochpara,Census Town,18,6
Northeast Zone,Assam,Kamrup,North Guwahati,Town Committee,18,6
Northeast Zone,Assam,Kamrup,Palasbari,Municipal Board,18,6
Northeast Zone,Assam,Kamrup,Rangia,Municipal Board,18,6
Northeast Zone,Assam,Kamrup,Sualkuchi,Census Town,18,6
Northeast Zone,Assam,Karbi Anglong,Bokajan,Town Committee,18,19
Northeast Zone,Assam,Karbi Anglong,Diphu,Town Committee,18,19
Northeast Zone,Assam,Karbi Anglong,Dokmoka,Town Committee,18,19
Northeast Zone,Assam,Karbi Anglong,Donkamokam,Town Committee,18,19
Northeast Zone,Assam,Karbi Anglong,Hamren,Town Committee,18,19
Northeast Zone,Assam,Karbi Anglong,Howraghat,Town Committee,18,19
Northeast Zone,Assam,Karimganj,Badarpur,Town Committee,18,22
Northeast Zone,Assam,Karimganj,Badarpur Rly Town,Census Town,18,22
Northeast Zone,Assam,Karimganj,Karimganj,Municipal Board,18,22
Northeast Zone,Assam,Kokrajhar,Basugaon,Town Committee,18,1
Northeast Zone,Assam,Kokrajhar,Gossaigaon,Town Committee,18,1
Northeast Zone,Assam,Kokrajhar,Kokrajhar,Municipal Board,18,1
Northeast Zone,Assam,Kokrajhar,Salakati,Census Town,18,1
Northeast Zone,Assam,Lakhimpur,Bihpuria,Town Committee,18,12
Northeast Zone,Assam,Lakhimpur,North Lakhimpur,Municipal Board,18,12
Northeast Zone,Assam,Marigaon,Jagiroad,Census Town,18,9
Northeast Zone,Assam,Marigaon,Marigaon,Town Committee,18,9
Northeast Zone,Assam,Nagaon,Choto Haibor,Census Town,18,10
Northeast Zone,Assam,Nagaon,Dhing,Town Committee,18,10
Northeast Zone,Assam,Nagaon,Dimaruguri,Census Town,18,10
Northeast Zone,Assam,Nagaon,Doboka,Town Committee,18,10
Northeast Zone,Assam,Nagaon,Hojai,Municipal Board,18,10
Northeast Zone,Assam,Nagaon,Kampur Town,Census Town,18,10
Northeast Zone,Assam,Nagaon,Lanka,Town Committee,18,10
Northeast Zone,Assam,Nagaon,Lumding,Municipal Board,18,10
Northeast Zone,Assam,Nagaon,Lumding Rly Colony,Census Town,18,10
Northeast Zone,Assam,Nagaon,Nagaon,Municipal Board,18,10
Northeast Zone,Assam,Nalbari,Nalbari,Municipal Board,18,7
Northeast Zone,Assam,Nalbari,Tihu,Town Committee,18,7
Northeast Zone,Assam,North Cachar Hills,Haflong,Town Committee,18,20
Northeast Zone,Assam,North Cachar Hills,Mahur,Town Committee,18,20
Northeast Zone,Assam,North Cachar Hills,Maibong,Town Committee,18,20
Northeast Zone,Assam,North Cachar Hills,Umrangso,Town Committee,18,20
Northeast Zone,Assam,Sibsagar,Amguri,Town Committee,18,16
Northeast Zone,Assam,Sibsagar,Moranhat,Town Committee,18,16
Northeast Zone,Assam,Sibsagar,Nazira,Municipal Board,18,16
Northeast Zone,Assam,Sibsagar,Sibsagar,Municipal Board,18,16
Northeast Zone,Assam,Sibsagar,Sonari,Municipal Board,18,16
Northeast Zone,Assam,Sonitpur,Biswanath Chariali,Town Committee,18,11
Northeast Zone,Assam,Sonitpur,Dhekiajuli,Municipal Board,18,11
Northeast Zone,Assam,Sonitpur,Gohpur,Town Committee,18,11
Northeast Zone,Assam,Sonitpur,Majgaon,Census Town,18,11
Northeast Zone,Assam,Sonitpur,Rangapara,Town Committee,18,11
Northeast Zone,Assam,Sonitpur,Tezpur,Municipal Board,18,11
Northeast Zone,Assam,Tinsukia,Bahbari Gaon,Census Town,18,14
Northeast Zone,Assam,Tinsukia,Borgolai Grant No.11,Census Town,18,14
Northeast Zone,Assam,Tinsukia,Digboi,Town Committee,18,14
Northeast Zone,Assam,Tinsukia,Digboi Oil Town,Census Town,18,14
Northeast Zone,Assam,Tinsukia,Doom Dooma,Town Committee,18,14
Northeast Zone,Assam,Tinsukia,Lido Tikok,Census Town,18,14
Northeast Zone,Assam,Tinsukia,Lido Town,Census Town,18,14
Northeast Zone,Assam,Tinsukia,Makum,Town Committee,18,14
Northeast Zone,Assam,Tinsukia,Margherita,Census Town,18,14
Northeast Zone,Assam,Tinsukia,Tinsukia,Municipal Board,18,14
Northeast Zone,Manipur,Bishnupur,Bishnupur,Municipal Council,14,4
Northeast Zone,Manipur,Bishnupur,Kumbi,Nagar Panchayat,14,4
Northeast Zone,Manipur,Bishnupur,Kwakta,Nagar Panchayat,14,4
Northeast Zone,Manipur,Bishnupur,Moirang,Municipal Council,14,4
Northeast Zone,Manipur,Bishnupur,Ningthoukhong,Nagar Panchayat,14,4
Northeast Zone,Manipur,Bishnupur,Oinam,Nagar Panchayat,14,4
Northeast Zone,Manipur,Bishnupur & Imphal West,Nambol,Municipal Council,14,4 & 6
Northeast Zone,Manipur,Chandel,Moreh,S.T.,14,9
Northeast Zone,Manipur,Imphal East,Andro,Nagar Panchayat,14,7
Northeast Zone,Manipur,Imphal East,Jiribam,Municipal Council,14,7
Northeast Zone,Manipur,Imphal East,Khongman,Census Town,14,7
Northeast Zone,Manipur,Imphal East,Lamai,Nagar Panchayat,14,7
Northeast Zone,Manipur,Imphal East,Porompat,Census Town,14,7
Northeast Zone,Manipur,Imphal East,Torban (Khetri Leikai),Census Town,14,7
Northeast Zone,Manipur,Imphal West,Lamjaotongba,Census Town,14,6
Northeast Zone,Manipur,Imphal West,Lamshang,Nagar Panchayat,14,6
Northeast Zone,Manipur,Imphal West,Lilong (Imphal West),Nagar Panchayat,14,6
Northeast Zone,Manipur,Imphal West,Mayang Imphal,Nagar Panchayat,14,6
Northeast Zone,Manipur,Imphal West,Naoriya Pakhanglakpa,Census Town,14,6
Northeast Zone,Manipur,Imphal West,Sekmai Bazar,Nagar Panchayat,14,6
Northeast Zone,Manipur,Imphal West,Thongkhong Laxmi Bazar,Nagar Panchayat,14,6
Northeast Zone,Manipur,Imphal West,Wangoi,Nagar Panchayat,14,6
Northeast Zone,Manipur,Imphal West & Imphal East,Imphal,Municipal Council,14,6 & 7
Northeast Zone,Manipur,Thoubal,Heriok,Nagar Panchayat,14,5
Northeast Zone,Manipur,Thoubal,Kakching,Municipal Council,14,5
Northeast Zone,Manipur,Thoubal,Kakching Khunou,Nagar Panchayat,14,5
Northeast Zone,Manipur,Thoubal,Sikhong Sekmai,Nagar Panchayat,14,5
Northeast Zone,Manipur,Thoubal,Sugnu,Nagar Panchayat,14,5
Northeast Zone,Manipur,Thoubal,Thoubal,Municipal Council,14,5
Northeast Zone,Manipur,Thoubal,Wangjing,Nagar Panchayat,14,5
Northeast Zone,Manipur,Thoubal,Yairipok,Nagar Panchayat,14,5
Northeast Zone,Manipur,Thoubal & Imphal West,Lilong (Thoubal),Nagar Panchayat,14,5 & 7
Northeast Zone,Manipur,Thoubal & Imphal West,Samurou,Nagar Panchayat,14,5 & 6
Northeast Zone,Meghalaya,East Garo Hills,Resubelpara,Municipal Board,17,2
Northeast Zone,Meghalaya,East Garo Hills,Williamnagar,Municipal Board,17,2
Northeast Zone,Meghalaya,East Khasi Hills,Cherapunjee,Census Town,17,6
Northeast Zone,Meghalaya,East Khasi Hills,Madanrting,Census Town,17,6
Northeast Zone,Meghalaya,East Khasi Hills,Mawlai,Census Town,17,6
Northeast Zone,Meghalaya,East Khasi Hills,Nongmynsong,Census Town,17,6
Northeast Zone,Meghalaya,East Khasi Hills,Nongthymmai,Census Town,17,6
Northeast Zone,Meghalaya,East Khasi Hills,Pynthorumkhrah,Census Town,17,6
Northeast Zone,Meghalaya,East Khasi Hills,Shillong,Municipality,17,6
Northeast Zone,Meghalaya,East Khasi Hills,Shillong Cantt.,Cantonment Board,17,6
Northeast Zone,Meghalaya,Jaintia Hills,Jawai,Municipal Board,17,7
Northeast Zone,Meghalaya,Ri Bhoi,Nongpoh,Town Committee,17,5
Northeast Zone,Meghalaya,South Garo Hills,Baghmara,Municipal Board,17,3
Northeast Zone,Meghalaya,West Garo Hills,Tura,Municipality,17,1
Northeast Zone,Meghalaya,West Khasi Hills,Mairang,Town Committee,17,4
Northeast Zone,Meghalaya,West Khasi Hills,Nongstoin,Town Committee,17,4
Northeast Zone,Mizoram,Aizawl,Aizawl,Notified Town,15,3
Northeast Zone,Mizoram,Aizawl,Darlawn,Census Town,15,3
Northeast Zone,Mizoram,Aizawl,Sairang,Census Town,15,3
Northeast Zone,Mizoram,Aizawl,Saitual,Census Town,15,3
Northeast Zone,Mizoram,Champhai,Champhai,Census Town,15,4
Northeast Zone,Mizoram,Champhai,Khawhai,Census Town,15,4
Northeast Zone,Mizoram,Champhai,Khawzawl,Census Town,15,4
Northeast Zone,Mizoram,Kolasib,Bairabi,Census Town,15,2
Northeast Zone,Mizoram,Kolasib,Kolasib,Census Town,15,2
Northeast Zone,Mizoram,Kolasib,N.Kawnpui,Census Town,15,2
Northeast Zone,Mizoram,Kolasib,Vairengte,Census Town,15,2
Northeast Zone,Mizoram,Lunglei,Hnahthial,Census Town,15,6
Northeast Zone,Mizoram,Lunglei,Lunglei,Census Town,15,6
Northeast Zone,Mizoram,Lunglei,Tlabung,Census Town,15,6
Northeast Zone,Mizoram,Mamit,Lengpui,Census Town,15,1
Northeast Zone,Mizoram,Mamit,Mamit,Census Town,15,1
Northeast Zone,Mizoram,Mamit,Zawlnuam,Census Town,15,1
Northeast Zone,Mizoram,Saiha,Saiha,Census Town,15,8
Northeast Zone,Mizoram,Serchhip,Biate,Census Town,15,5
Northeast Zone,Mizoram,Serchhip,N. Vanlaiphai,Census Town,15,5
Northeast Zone,Mizoram,Serchhip,Serchhip,Census Town,15,5
Northeast Zone,Mizoram,Serchhip,Thenzawl,Census Town,15,5
Northeast Zone,Nagaland,Dimapur,Chumukedima,Census Town,13,6
Northeast Zone,Nagaland,Dimapur,Dimapur,Town Committee,13,6
Northeast Zone,Nagaland,Kohima,Kohima,Town Committee,13,7
Northeast Zone,Nagaland,Mokokchung,Mokokchung,Town Committee,13,3
Northeast Zone,Nagaland,Mon,Mon,Town Committee,13,1
Northeast Zone,Nagaland,Phek,Phek,Town Committee,13,8
Northeast Zone,Nagaland,Tuensang,Tuensang,Town Committee,13,2
Northeast Zone,Nagaland,Wokha,Wokha,Town Committee,13,5
Northeast Zone,Nagaland,Zunheboto,Zunheboto,Town Committee,13,4
Northeast Zone,Sikkim,East,Gangtok,Notified Town Area,11,4
Northeast Zone,Sikkim,East,Rangpo,Notified Town Area,11,4
Northeast Zone,Sikkim,East,Singtam,Notified Town Area,11,4
Northeast Zone,Sikkim,East,Upper Tadong,Census Town,11,4
Northeast Zone,Sikkim,North,Mangan,Notified Town Area,11,1
Northeast Zone,Sikkim,South,Jorethang,Notified Town Area,11,3
Northeast Zone,Sikkim,South,Namchi,Notified Town Area,11,3
Northeast Zone,Sikkim,West,Gyalshing,Notified Town Area,11,2
Northeast Zone,Sikkim,West,Nayabazar,Notified Town Area,11,2
Northeast Zone,Tripura,Dhalai,Ambassa,Census Town,16,3
Northeast Zone,Tripura,Dhalai,Kamalpur,Nagar Panchayat,16,3
Northeast Zone,Tripura,Dhalai,Kanchanpur,Census Town,16,3
Northeast Zone,Tripura,North Tripura,Dharmanagar,Nagar Panchayat,16,4
Northeast Zone,Tripura,North Tripura,Kailasahar,Nagar Panchayat,16,4
Northeast Zone,Tripura,North Tripura,Kumarghat,Nagar Panchayat,16,4
Northeast Zone,Tripura,South Tripura,Amarpur,Nagar Panchayat,16,2
Northeast Zone,Tripura,South Tripura,Belonia,Nagar Panchayat,16,2
Northeast Zone,Tripura,South Tripura,Sabroom,Nagar Panchayat,16,2
Northeast Zone,Tripura,South Tripura,Udaipur,Nagar Panchayat,16,2
Northeast Zone,Tripura,West Tripura,Agartala,Municipal Council,16,1
Northeast Zone,Tripura,West Tripura,Badharghat,Census Town,16,1
Northeast Zone,Tripura,West Tripura,Gakulnagar,Census Town,16,1
Northeast Zone,Tripura,West Tripura,Gandhigram,Census Town,16,1
Northeast Zone,Tripura,West Tripura,Indranagar,Census Town,16,1
Northeast Zone,Tripura,West Tripura,Jogendranagar,Census Town,16,1
Northeast Zone,Tripura,West Tripura,Khowai,Nagar Panchayat,16,1
Northeast Zone,Tripura,West Tripura,Kunjaban,Census Town,16,1
Northeast Zone,Tripura,West Tripura,Narsingarh,Census Town,16,1
Northeast Zone,Tripura,West Tripura,Pratapgarh,Census Town,16,1
Northeast Zone,Tripura,West Tripura,Ranirbazar,Nagar Panchayat,16,1
Northeast Zone,Tripura,West Tripura,Sonamura,Nagar Panchayat,16,1
Northeast Zone,Tripura,West Tripura,Teliamura,Nagar Panchayat,16,1
South Zone,Andaman & Nicobar,Andamans,Bombooflat,Census Town,35,1
South Zone,Andaman & Nicobar,Andamans,Garacharma,Census Town,35,1
South Zone,Andaman & Nicobar,Andamans,Port Blair,Municipal Council,35,1
South Zone,Andhra Pradesh,Anantapur,Anantapur,Municipality,28,22
South Zone,Andhra Pradesh,Anantapur,Dharmavaram,Municipality,28,22
South Zone,Andhra Pradesh,Anantapur,Gooty,Census Town,28,22
South Zone,Andhra Pradesh,Anantapur,Guntakal,Municipality,28,22
South Zone,Andhra Pradesh,Anantapur,Hindupur,Municipality,28,22
South Zone,Andhra Pradesh,Anantapur,Kadiri,Municipality,28,22
South Zone,Andhra Pradesh,Anantapur,Kalyandurg,Census Town,28,22
South Zone,Andhra Pradesh,Anantapur,Papampeta,Census Town,28,22
South Zone,Andhra Pradesh,Anantapur,Rayadurg,Municipality,28,22
South Zone,Andhra Pradesh,Anantapur,Tadpatri,Municipality,28,22
South Zone,Andhra Pradesh,Anantapur,Uravakonda,Census Town,28,22
South Zone,Andhra Pradesh,Chittoor,Akkarampalle,Census Town,28,23
South Zone,Andhra Pradesh,Chittoor,Chittoor,Municipality,28,23
South Zone,Andhra Pradesh,Chittoor,Ekambara kuppam,Census Town,28,23
South Zone,Andhra Pradesh,Chittoor,Kuppam,Census Town,28,23
South Zone,Andhra Pradesh,Chittoor,Madanapalle,Municipality,28,23
South Zone,Andhra Pradesh,Chittoor,Nagari,Census Town,28,23
South Zone,Andhra Pradesh,Chittoor,Narayanavanam,Census Town,28,23
South Zone,Andhra Pradesh,Chittoor,Punganur,Nagar Panchayat,28,23
South Zone,Andhra Pradesh,Chittoor,Puttur,Census Town,28,23
South Zone,Andhra Pradesh,Chittoor,Renigunta,Census Town,28,23
South Zone,Andhra Pradesh,Chittoor,Srikalahasti,Municipality,28,23
South Zone,Andhra Pradesh,Chittoor,Tiruchanur,Census Town,28,23
South Zone,Andhra Pradesh,Chittoor,Tirumala,Census Town,28,23
South Zone,Andhra Pradesh,Chittoor,Tirupati,Municipality,28,23
South Zone,Andhra Pradesh,Chittoor,Tirupati (NMA),Census Town,28,23
South Zone,Andhra Pradesh,Cuddapah,Akkayapalle,Census Town,28,20
South Zone,Andhra Pradesh,Cuddapah,Chemmumiahpet,Census Town,28,20
South Zone,Andhra Pradesh,Cuddapah,Chinnachowk,Census Town,28,20
South Zone,Andhra Pradesh,Cuddapah,Cuddapah,Municipality,28,20
South Zone,Andhra Pradesh,Cuddapah,Dommara Nandyal,Census Town,28,20
South Zone,Andhra Pradesh,Cuddapah,Jammalamadugu,Census Town,28,20
South Zone,Andhra Pradesh,Cuddapah,Moragudi,Census Town,28,20
South Zone,Andhra Pradesh,Cuddapah,Proddatur,Municipality,28,20
South Zone,Andhra Pradesh,Cuddapah,Rameswaram,Census Town,28,20
South Zone,Andhra Pradesh,Cuddapah,Rayachoti,Census Town,28,20
South Zone,Andhra Pradesh,Cuddapah,Vaparala,Census Town,28,20
South Zone,Andhra Pradesh,Cuddapah,Yerraguntla,Census Town,28,20
South Zone,Andhra Pradesh,East Godavari,Amalapuram,Municipality,28,14
South Zone,Andhra Pradesh,East Godavari,Bandarulanka,Census Town,28,14
South Zone,Andhra Pradesh,East Godavari,Dowleswaram,Census Town,28,14
South Zone,Andhra Pradesh,East Godavari,Kakinada,Municipality,28,14
South Zone,Andhra Pradesh,East Godavari,Mandapeta,Municipality,28,14
South Zone,Andhra Pradesh,East Godavari,Peddapuram,Municipality,28,14
South Zone,Andhra Pradesh,East Godavari,Pitapuram,Municipality,28,14
South Zone,Andhra Pradesh,East Godavari,Rajahmundry,Municipal Corporation,28,14
South Zone,Andhra Pradesh,East Godavari,Ramachandrapuram,Municipality,28,14
South Zone,Andhra Pradesh,East Godavari,Ramanayyapeta,Census Town,28,14
South Zone,Andhra Pradesh,East Godavari,Rampachodavaram,Census Town,28,14
South Zone,Andhra Pradesh,East Godavari,Samalkota,Municipality,28,14
South Zone,Andhra Pradesh,East Godavari,Suryaraopeta,Census Town,28,14
South Zone,Andhra Pradesh,East Godavari,Tuni,Municipality,28,14
South Zone,Andhra Pradesh,Guntur,Bapatla,Municipality,28,17
South Zone,Andhra Pradesh,Guntur,Chilakaluripet,Municipality,28,17
South Zone,Andhra Pradesh,Guntur,Guntur,Municipal Corporation,28,17
South Zone,Andhra Pradesh,Guntur,Macherla,Municipality,28,17
South Zone,Andhra Pradesh,Guntur,Mangalagiri,Municipality,28,17
South Zone,Andhra Pradesh,Guntur,Narasaraopet,Municipality,28,17
South Zone,Andhra Pradesh,Guntur,Ponnur,Municipality,28,17
South Zone,Andhra Pradesh,Guntur,Repalle,Municipality,28,17
South Zone,Andhra Pradesh,Guntur,Sattenapalle,Municipality,28,17
South Zone,Andhra Pradesh,Guntur,Tenali,Municipality,28,17
South Zone,Andhra Pradesh,Guntur,Vinukonda,Census Town,28,17
South Zone,Andhra Pradesh,Krishna,Gudivada,Municipality,28,16
South Zone,Andhra Pradesh,Krishna,Jaggayyapet,Nagar Panchayat,28,16
South Zone,Andhra Pradesh,Krishna,Kanuru,Census Town,28,16
South Zone,Andhra Pradesh,Krishna,Machilipatnam,Municipality,28,16
South Zone,Andhra Pradesh,Krishna,Nuzvid,Municipality,28,16
South Zone,Andhra Pradesh,Krishna,Pedana,Municipality,28,16
South Zone,Andhra Pradesh,Krishna,Vijayawada,Municipal Corporation,28,16
South Zone,Andhra Pradesh,Kurnool,Adoni,Municipality,28,21
South Zone,Andhra Pradesh,Kurnool,Bethamcheria,Census Town,28,21
South Zone,Andhra Pradesh,Kurnool,Bugganipalle,Census Town,28,21
South Zone,Andhra Pradesh,Kurnool,Kallur,Census Town,28,21
South Zone,Andhra Pradesh,Kurnool,Kurnool,Municipal Corporation,28,21
South Zone,Andhra Pradesh,Kurnool,Nandyal,Municipality,28,21
South Zone,Andhra Pradesh,Kurnool,Ramapuram,Census Town,28,21
South Zone,Andhra Pradesh,Kurnool,Srisailam  Project (RFC) Township,Census Town,28,21
South Zone,Andhra Pradesh,Kurnool,Srisailamgudem Devasthanam,Census Town,28,21
South Zone,Andhra Pradesh,Kurnool,Yemmiganur,Municipality,28,21
South Zone,Andhra Pradesh,Nellore,Gudur,Municipality,28,19
South Zone,Andhra Pradesh,Nellore,Kavali,Municipality,28,19
South Zone,Andhra Pradesh,Nellore,Kovurpalle,Census Town,28,19
South Zone,Andhra Pradesh,Nellore,Nellore,Municipality,28,19
South Zone,Andhra Pradesh,Nellore,Venkatagiri,Census Town,28,19
South Zone,Andhra Pradesh,Prakasam,Bestavaripeta,Census Town,28,18
South Zone,Andhra Pradesh,Prakasam,Chirala,Municipality,28,18
South Zone,Andhra Pradesh,Prakasam,Kandukur,Municipality,28,18
South Zone,Andhra Pradesh,Prakasam,Markapur,Municipality,28,18
South Zone,Andhra Pradesh,Prakasam,Ongole,Municipality,28,18
South Zone,Andhra Pradesh,Prakasam,Pamur,Census Town,28,18
South Zone,Andhra Pradesh,Prakasam,Singarayakonda,Census Town,28,18
South Zone,Andhra Pradesh,Prakasam,Vetapalem,Census Town,28,18
South Zone,Andhra Pradesh,Srikakulam,Amadalavalasa,Nagar Panchayat,28,11
South Zone,Andhra Pradesh,Srikakulam,Ichchapuram,Municipality,28,11
South Zone,Andhra Pradesh,Srikakulam,Palasa @ Kasibugga,Nagar Panchayat,28,11
South Zone,Andhra Pradesh,Srikakulam,Rajam,Census Town,28,11
South Zone,Andhra Pradesh,Srikakulam,Sompeta,Census Town,28,11
South Zone,Andhra Pradesh,Srikakulam,Srikakulam,Municipality,28,11
South Zone,Andhra Pradesh,Visakhapatnam,Anakapalle,Municipality,28,13
South Zone,Andhra Pradesh,Visakhapatnam,Bheemunipatnam,Municipality,28,13
South Zone,Andhra Pradesh,Visakhapatnam,Gajuwaka,Municipality,28,13
South Zone,Andhra Pradesh,Visakhapatnam,Gudivada,Census Town,28,13
South Zone,Andhra Pradesh,Visakhapatnam,Kantabamsuguda,Census Town,28,13
South Zone,Andhra Pradesh,Visakhapatnam,Narsipatnam,Census Town,28,13
South Zone,Andhra Pradesh,Visakhapatnam,Upper Sileru Project Site Camp,Census Town,28,13
South Zone,Andhra Pradesh,Visakhapatnam,Vepagunta,Census Town,28,13
South Zone,Andhra Pradesh,Visakhapatnam,Visakhapatnam,Municipal Corporation,28,13
South Zone,Andhra Pradesh,Vizianagaram,Bobbili,Municipality,28,12
South Zone,Andhra Pradesh,Vizianagaram,Chintalavalasa,Census Town,28,12
South Zone,Andhra Pradesh,Vizianagaram,Gajapathinagaram,Census Town,28,12
South Zone,Andhra Pradesh,Vizianagaram,Gajularega,Census Town,28,12
South Zone,Andhra Pradesh,Vizianagaram,Jarjapupeta,Census Town,28,12
South Zone,Andhra Pradesh,Vizianagaram,Kanapaka,Census Town,28,12
South Zone,Andhra Pradesh,Vizianagaram,Kothavalasa,Census Town,28,12
South Zone,Andhra Pradesh,Vizianagaram,Nellimaria,Census Town,28,12
South Zone,Andhra Pradesh,Vizianagaram,Parvathipuram,Municipality,28,12
South Zone,Andhra Pradesh,Vizianagaram,Salur,Municipality,28,12
South Zone,Andhra Pradesh,Vizianagaram,Sriramnagar,Census Town,28,12
South Zone,Andhra Pradesh,Vizianagaram,Vizianagaram,Municipality,28,12
South Zone,Andhra Pradesh,West Godavari,Bheemavaram,Municipality,28,15
South Zone,Andhra Pradesh,West Godavari,Eluru,Municipality,28,15
South Zone,Andhra Pradesh,West Godavari,Kovvur,Nagar Panchayat,28,15
South Zone,Andhra Pradesh,West Godavari,Narsapur,Municipality,28,15
South Zone,Andhra Pradesh,West Godavari,Nidadavole,Municipality,28,15
South Zone,Andhra Pradesh,West Godavari,Palacole,Municipality,28,15
South Zone,Andhra Pradesh,West Godavari,Tadepalligudem,Municipality,28,15
South Zone,Andhra Pradesh,West Godavari,Tanuku,Municipality,28,15
South Zone,Karnataka,Bagalkot,Badami,Town Panchayat,29,2
South Zone,Karnataka,Bagalkot,Bagalkot,City Municipal Council,29,2
South Zone,Karnataka,Bagalkot,Bilgi,Town Panchayat,29,2
South Zone,Karnataka,Bagalkot,Guledgudda,Town Municipal Council,29,2
South Zone,Karnataka,Bagalkot,Hungund,Town Panchayat,29,2
South Zone,Karnataka,Bagalkot,Ilkal,Town Municipal Council,29,2
South Zone,Karnataka,Bagalkot,Jamkhandi,Town Municipal Council,29,2
South Zone,Karnataka,Bagalkot,Kerur,Town Panchayat,29,2
South Zone,Karnataka,Bagalkot,Mahalingpur,Town Municipal Council,29,2
South Zone,Karnataka,Bagalkot,Mudhol,Town Municipal Council,29,2
South Zone,Karnataka,Bagalkot,Rabkavi Banhatti,City Municipal Council,29,2
South Zone,Karnataka,Bagalkot,Terdal,Town Panchayat,29,2
South Zone,Karnataka,Bangalore,Anekal,Town Municipal Council,29,20
South Zone,Karnataka,Bangalore,Bangalore,Municipal Corporation,29,20
South Zone,Karnataka,Bangalore,Bommanahalli,City Municipal Council,29,20
South Zone,Karnataka,Bangalore,Bommasandra,Census Town,29,20
South Zone,Karnataka,Bangalore,Byatarayanapura,City Municipal Council,29,20
South Zone,Karnataka,Bangalore,Dasarahalli,City Municipal Council,29,20
South Zone,Karnataka,Bangalore,Gottikere,C.,29,20
South Zone,Karnataka,Bangalore,Hebbagodi,Census Town,29,20
South Zone,Karnataka,Bangalore,Herohalli,Census Town,29,20
South Zone,Karnataka,Bangalore,Hunasamaranahalli,Census Town,29,20
South Zone,Karnataka,Bangalore,Kengeri,Town Municipal Council,29,20
South Zone,Karnataka,Bangalore,Kodigenahalli,Census Town,29,20
South Zone,Karnataka,Bangalore,Konanakunte,Census Town,29,20
South Zone,Karnataka,Bangalore,Kothnur,Census Town,29,20
South Zone,Karnataka,Bangalore,Krishnarajapura,City Municipal Council,29,20
South Zone,Karnataka,Bangalore,Mahadevapura,City Municipal Council,29,20
South Zone,Karnataka,Bangalore,Pattanagere,City Municipal Council,29,20
South Zone,Karnataka,Bangalore,Uttarahalli,Census Town,29,20
South Zone,Karnataka,Bangalore,Yelahanka,City Municipal Council,29,20
South Zone,Karnataka,Bangalore Rural,Channapatna,City Municipal Council,29,21
South Zone,Karnataka,Bangalore Rural,Dargajogihalli,Census Town,29,21
South Zone,Karnataka,Bangalore Rural,Devanhalli,Town Municipal Council,29,21
South Zone,Karnataka,Bangalore Rural,Dod Ballapur,City Municipal Council,29,21
South Zone,Karnataka,Bangalore Rural,Hoskote,Town Municipal Council,29,21
South Zone,Karnataka,Bangalore Rural,Kanakapura,Town Municipal Council,29,21
South Zone,Karnataka,Bangalore Rural,Magadi,Town Municipal Council,29,21
South Zone,Karnataka,Bangalore Rural,Nelmangala,Town Panchayat,29,21
South Zone,Karnataka,Bangalore Rural,Ramanagaram,City Municipal Council,29,21
South Zone,Karnataka,Bangalore Rural,Vijayapura,Town Municipal Council,29,21
South Zone,Karnataka,Belgaum,Athni,Town Municipal Council,29,1
South Zone,Karnataka,Belgaum,Bail Hongal,Town Municipal Council,29,1
South Zone,Karnataka,Belgaum,Belgaum,Municipal Corporation,29,1
South Zone,Karnataka,Belgaum,Belgaum Cantonment,Cantonment Board,29,1
South Zone,Karnataka,Belgaum,Chikodi,Town Municipal Council,29,1
South Zone,Karnataka,Belgaum,Gokak,City Municipal Council,29,1
South Zone,Karnataka,Belgaum,Gokak Falls,Notified Area Committee,29,1
South Zone,Karnataka,Belgaum,Hindalgi,Census Town,29,1
South Zone,Karnataka,Belgaum,Hukeri,Town Panchayat,29,1
South Zone,Karnataka,Belgaum,Kangrali (BK),Census Town,29,1
South Zone,Karnataka,Belgaum,Kangrali (KH),Census Town,29,1
South Zone,Karnataka,Belgaum,Khanapur,Town Panchayat,29,1
South Zone,Karnataka,Belgaum,Konnur,Town Panchayat,29,1
South Zone,Karnataka,Belgaum,Kudchi,Town Panchayat,29,1
South Zone,Karnataka,Belgaum,Londa,Census Town,29,1
South Zone,Karnataka,Belgaum,Mudalgi,Town Municipal Council,29,1
South Zone,Karnataka,Belgaum,Nipani,City Municipal Council,29,1
South Zone,Karnataka,Belgaum,Ramdurg,Town Municipal Council,29,1
South Zone,Karnataka,Belgaum,Raybag,Town Panchayat,29,1
South Zone,Karnataka,Belgaum,Sadalgi,Town Panchayat,29,1
South Zone,Karnataka,Belgaum,Sankeshwar,Town Municipal Council,29,1
South Zone,Karnataka,Belgaum,Saundatti-Yellamma,Town Municipal Council,29,1
South Zone,Karnataka,Bellary,Bellary,City Municipal Council,29,12
South Zone,Karnataka,Bellary,Donimalai Township,Census Town,29,12
South Zone,Karnataka,Bellary,Hoovina Hadagalli,Town Panchayat,29,12
South Zone,Karnataka,Bellary,Hospet,City Municipal Council,29,12
South Zone,Karnataka,Bellary,Kamalapuram,Town Panchayat,29,12
South Zone,Karnataka,Bellary,Kampli,Town Municipal Council,29,12
South Zone,Karnataka,Bellary,Kotturu,Town Panchayat,29,12
South Zone,Karnataka,Bellary,Kudligi,Town Panchayat,29,12
South Zone,Karnataka,Bellary,Sandur,Town Panchayat,29,12
South Zone,Karnataka,Bellary,Siruguppa,Town Panchayat,29,12
South Zone,Karnataka,Bellary,Tekkalakota,Town Panchayat,29,12
South Zone,Karnataka,Bidar,Aurad,Town Panchayat,29,5
South Zone,Karnataka,Bidar,Basavakalyan,Town Municipal Council,29,5
South Zone,Karnataka,Bidar,Bhalki,Town Municipal Council,29,5
South Zone,Karnataka,Bidar,Bidar,City Municipal Council,29,5
South Zone,Karnataka,Bidar,Chitgoppa,Town Municipal Council,29,5
South Zone,Karnataka,Bidar,Homnabad,Town Municipal Council,29,5
South Zone,Karnataka,Bijapur,Basavana Bagevadi,Town Panchayat,29,3
South Zone,Karnataka,Bijapur,Bijapur,City Municipal Council,29,3
South Zone,Karnataka,Bijapur,Indi,Town Municipal Council,29,3
South Zone,Karnataka,Bijapur,Muddebihal,Town Municipal Council,29,3
South Zone,Karnataka,Bijapur,Sindgi,Town Municipal Council,29,3
South Zone,Karnataka,Bijapur,Talikota,Town Municipal Council,29,3
South Zone,Karnataka,Chamarajanagar,Chamrajnagar,City Municipal Council,29,27
South Zone,Karnataka,Chamarajanagar,Gundlupet,Town Municipal Council,29,27
South Zone,Karnataka,Chamarajanagar,Kollegal,Town Municipal Council,29,27
South Zone,Karnataka,Chamarajanagar,Yelandur,Town Panchayat,29,27
South Zone,Karnataka,Chikmagalur,Birur,Town Municipal Council,29,17
South Zone,Karnataka,Chikmagalur,Chikmagalur,City Municipal Council,29,17
South Zone,Karnataka,Chikmagalur,Kadur,Town Municipal Council,29,17
South Zone,Karnataka,Chikmagalur,Koppa,Town Panchayat,29,17
South Zone,Karnataka,Chikmagalur,Kudremukh,Notified Area Committee,29,17
South Zone,Karnataka,Chikmagalur,Mudigere,Town Panchayat,29,17
South Zone,Karnataka,Chikmagalur,Narasimharajapura,Town Panchayat,29,17
South Zone,Karnataka,Chikmagalur,Sringeri,Town Panchayat,29,17
South Zone,Karnataka,Chikmagalur,Tarikere,Town Panchayat,29,17
South Zone,Karnataka,Chitradurga,Challakere,Town Municipal Council,29,13
South Zone,Karnataka,Chitradurga,Chitradurga,City Municipal Council,29,13
South Zone,Karnataka,Chitradurga,Hiriyur,Town Municipal Council,29,13
South Zone,Karnataka,Chitradurga,Holalkere,Town Panchayat,29,13
South Zone,Karnataka,Chitradurga,Hosdurga,Town Panchayat,29,13
South Zone,Karnataka,Chitradurga,Molakalmuru,Town Panchayat,29,13
South Zone,Karnataka,Dakshina Kannada,Adyar,Census Town,29,24
South Zone,Karnataka,Dakshina Kannada,Bajala,Census Town,29,24
South Zone,Karnataka,Dakshina Kannada,Bajpe,Census Town,29,24
South Zone,Karnataka,Dakshina Kannada,Bantwal,Town Panchayat,29,24
South Zone,Karnataka,Dakshina Kannada,Beltangadi,Town Panchayat,29,24
South Zone,Karnataka,Dakshina Kannada,Kannur,Census Town,29,24
South Zone,Karnataka,Dakshina Kannada,Kotekara,Census Town,29,24
South Zone,Karnataka,Dakshina Kannada,Mangalore,Municipal Corporation,29,24
South Zone,Karnataka,Dakshina Kannada,Mudbidri,Town Municipal Council,29,24
South Zone,Karnataka,Dakshina Kannada,Mudushedde,Census Town,29,24
South Zone,Karnataka,Dakshina Kannada,Mulki,Town Panchayat,29,24
South Zone,Karnataka,Dakshina Kannada,Mulur,Census Town,29,24
South Zone,Karnataka,Dakshina Kannada,Munnur,Census Town,29,24
South Zone,Karnataka,Dakshina Kannada,Pudu,Census Town,29,24
South Zone,Karnataka,Dakshina Kannada,Puttur,Town Municipal Council,29,24
South Zone,Karnataka,Dakshina Kannada,Someshwar,Census Town,29,24
South Zone,Karnataka,Dakshina Kannada,Sulya,Town Panchayat,29,24
South Zone,Karnataka,Dakshina Kannada,Thokur-62,Census Town,29,24
South Zone,Karnataka,Dakshina Kannada,Thumbe,Census Town,29,24
South Zone,Karnataka,Dakshina Kannada,Ullal,Town Panchayat,29,24
South Zone,Karnataka,Davanagere,Channagiri,Town Panchayat,29,14
South Zone,Karnataka,Davanagere,Davanagere,City Municipal Council,29,14
South Zone,Karnataka,Davanagere,Harihar,City Municipal Council,29,14
South Zone,Karnataka,Davanagere,Harpanahalli,Town Panchayat,29,14
South Zone,Karnataka,Davanagere,Honnali,Town Panchayat,29,14
South Zone,Karnataka,Davanagere,Jagalur,Town Panchayat,29,14
South Zone,Karnataka,Dharwad,Alnavar,Town Panchayat,29,9
South Zone,Karnataka,Dharwad,Annigeri,Town Municipal Council,29,9
South Zone,Karnataka,Dharwad,Hubli-Dharwad,Municipal Corporation,29,9
South Zone,Karnataka,Dharwad,Kalghatgi,Town Panchayat,29,9
South Zone,Karnataka,Dharwad,Kundgol,Town Panchayat,29,9
South Zone,Karnataka,Dharwad,Navalgund,Town Panchayat,29,9
South Zone,Karnataka,Gadag,Gadag-Betigeri,City Municipal Council,29,8
South Zone,Karnataka,Gadag,Gajendragarh,Town Municipal Council,29,8
South Zone,Karnataka,Gadag,Lakshmeshwar,Town Municipal Council,29,8
South Zone,Karnataka,Gadag,Mulgund,Town Panchayat,29,8
South Zone,Karnataka,Gadag,Mundargi,Town Panchayat,29,8
South Zone,Karnataka,Gadag,Naregal,Town Panchayat,29,8
South Zone,Karnataka,Gadag,Nargund,Town Municipal Council,29,8
South Zone,Karnataka,Gadag,Ron,Town Panchayat,29,8
South Zone,Karnataka,Gadag,Shirhatti,Town Panchayat,29,8
South Zone,Karnataka,Gulbarga,Afzalpur,Town Panchayat,29,4
South Zone,Karnataka,Gulbarga,Aland,Town Municipal Council,29,4
South Zone,Karnataka,Gulbarga,Bhimarayanagudi,Notified Area Committee,29,4
South Zone,Karnataka,Gulbarga,Chincholi,Town Panchayat,29,4
South Zone,Karnataka,Gulbarga,Chitapur,Town Panchayat,29,4
South Zone,Karnataka,Gulbarga,Gulbarga,Municipal Corporation,29,4
South Zone,Karnataka,Gulbarga,Gurmatkal,Town Panchayat,29,4
South Zone,Karnataka,Gulbarga,Jevargi,Town Panchayat,29,4
South Zone,Karnataka,Gulbarga,Kurgunta,Census Town,29,4
South Zone,Karnataka,Gulbarga,Sedam,Town Municipal Council,29,4
South Zone,Karnataka,Gulbarga,Shahabad,Town Municipal Council,29,4
South Zone,Karnataka,Gulbarga,Shahabad ACC,Notified Area Committee,29,4
South Zone,Karnataka,Gulbarga,Shahpur,Town Municipal Council,29,4
South Zone,Karnataka,Gulbarga,Shorapur,Town Municipal Council,29,4
South Zone,Karnataka,Gulbarga,Wadi,Census Town,29,4
South Zone,Karnataka,Gulbarga,Wadi ACC,Notified Area Committee,29,4
South Zone,Karnataka,Gulbarga,Yadgir,Town Municipal Council,29,4
South Zone,Karnataka,Hassan,Alur,Town Panchayat,29,23
South Zone,Karnataka,Hassan,Arkalgud,Town Panchayat,29,23
South Zone,Karnataka,Hassan,Arsikere,Town Municipal Council,29,23
South Zone,Karnataka,Hassan,Belur,Town Panchayat,29,23
South Zone,Karnataka,Hassan,Channarayapattana,Town Municipal Council,29,23
South Zone,Karnataka,Hassan,Hassan,City Municipal Council,29,23
South Zone,Karnataka,Hassan,Holenarsipur,Town Municipal Council,29,23
South Zone,Karnataka,Hassan,Sakleshpur,Town Municipal Council,29,23
South Zone,Karnataka,Hassan,Sathyamangala,Census Town,29,23
South Zone,Karnataka,Haveri,Bankapura,Town Panchayat,29,11
South Zone,Karnataka,Haveri,Byadgi,Town Municipal Council,29,11
South Zone,Karnataka,Haveri,Hangal,Town Municipal Council,29,11
South Zone,Karnataka,Haveri,Haveri,Town Municipal Council,29,11
South Zone,Karnataka,Haveri,Hirekerur,Town Panchayat,29,11
South Zone,Karnataka,Haveri,Kodiyal,Census Town,29,11
South Zone,Karnataka,Haveri,Ranibennur,City Municipal Council,29,11
South Zone,Karnataka,Haveri,Savanur,Town Municipal Council,29,11
South Zone,Karnataka,Haveri,Shiggaon,Town Panchayat,29,11
South Zone,Karnataka,Kodagu,Gonikoppal,Census Town,29,25
South Zone,Karnataka,Kodagu,Kushalnagar,Census Town,29,25
South Zone,Karnataka,Kodagu,Madikeri,Town Municipal Council,29,25
South Zone,Karnataka,Kodagu,Somvarpet,Town Panchayat,29,25
South Zone,Karnataka,Kodagu,Virajpet,Town Panchayat,29,25
South Zone,Karnataka,Kolar,Bagepalli,Town Panchayat,29,19
South Zone,Karnataka,Kolar,Bangarapet,Town Municipal Council,29,19
South Zone,Karnataka,Kolar,Chik Ballapur,City Municipal Council,29,19
South Zone,Karnataka,Kolar,Chintamani,City Municipal Council,29,19
South Zone,Karnataka,Kolar,Gauribidanur,Town Municipal Council,29,19
South Zone,Karnataka,Kolar,Gudibanda,Town Panchayat,29,19
South Zone,Karnataka,Kolar,Kolar,City Municipal Council,29,19
South Zone,Karnataka,Kolar,Malur,Town Municipal Council,29,19
South Zone,Karnataka,Kolar,Mulbagal,Town Municipal Council,29,19
South Zone,Karnataka,Kolar,Robertson Pet,City Municipal Council,29,19
South Zone,Karnataka,Kolar,Sidlaghatta,Town Municipal Council,29,19
South Zone,Karnataka,Kolar,Srinivaspur,Town Panchayat,29,19
South Zone,Karnataka,Koppal,Gangawati,City Municipal Council,29,7
South Zone,Karnataka,Koppal,Koppal,Town Municipal Council,29,7
South Zone,Karnataka,Koppal,Kushtagi,Town Panchayat,29,7
South Zone,Karnataka,Koppal,Munirabad Project Area,Census Town,29,7
South Zone,Karnataka,Koppal,Yelbarga,Town Panchayat,29,7
South Zone,Karnataka,Mandya,Krishnarajasagara,Notified Area Committee,29,22
South Zone,Karnataka,Mandya,Krishnarajpet,Town Panchayat,29,22
South Zone,Karnataka,Mandya,Maddur,Town Municipal Council,29,22
South Zone,Karnataka,Mandya,Malavalli,Town Municipal Council,29,22
South Zone,Karnataka,Mandya,Mandya,City Municipal Council,29,22
South Zone,Karnataka,Mandya,Nagamangala,Town Panchayat,29,22
South Zone,Karnataka,Mandya,Pandavapura,Town Panchayat,29,22
South Zone,Karnataka,Mandya,Shrirangapattana,Town Municipal Council,29,22
South Zone,Karnataka,Mysore,Bannur,Town Panchayat,29,26
South Zone,Karnataka,Mysore,Belvata,Census Town,29,26
South Zone,Karnataka,Mysore,Bhogadi,Census Town,29,26
South Zone,Karnataka,Mysore,Hebbalu,Census Town,29,26
South Zone,Karnataka,Mysore,Heggadadevanakote,Town Panchayat,29,26
South Zone,Karnataka,Mysore,Hunsur,Town Municipal Council,29,26
South Zone,Karnataka,Mysore,Krishnarajanagar,Town Municipal Council,29,26
South Zone,Karnataka,Mysore,Mysore,Municipal Corporation,29,26
South Zone,Karnataka,Mysore,Nanjangud,Town Municipal Council,29,26
South Zone,Karnataka,Mysore,Piriyapatna,Town Panchayat,29,26
South Zone,Karnataka,Mysore,Tirumakudal-Narsipur,Town Panchayat,29,26
South Zone,Karnataka,Raichur,Devadurga,Town Panchayat,29,6
South Zone,Karnataka,Raichur,Hatti,Census Town,29,6
South Zone,Karnataka,Raichur,Hatti Gold Mines,Notified Area Committee,29,6
South Zone,Karnataka,Raichur,Lingsugur,Town Panchayat,29,6
South Zone,Karnataka,Raichur,Manvi,Town Municipal Council,29,6
South Zone,Karnataka,Raichur,Mudgal,Town Panchayat,29,6
South Zone,Karnataka,Raichur,Raichur,City Municipal Council,29,6
South Zone,Karnataka,Raichur,Shaktinagar,Census Town,29,6
South Zone,Karnataka,Raichur,Sindhnur,Town Municipal Council,29,6
South Zone,Karnataka,Shimoga,Bhadravati,City Municipal Council,29,15
South Zone,Karnataka,Shimoga,Hosanagara,Town Panchayat,29,15
South Zone,Karnataka,Shimoga,Jog Falls,Notified Area Committee,29,15
South Zone,Karnataka,Shimoga,Sagar,Town Municipal Council,29,15
South Zone,Karnataka,Shimoga,Shikarpur,Town Municipal Council,29,15
South Zone,Karnataka,Shimoga,Shimoga,City Municipal Council,29,15
South Zone,Karnataka,Shimoga,Siralkoppa,Town Panchayat,29,15
South Zone,Karnataka,Shimoga,Sorab,Town Panchayat,29,15
South Zone,Karnataka,Shimoga,Tirthahalli,Town Panchayat,29,15
South Zone,Karnataka,Tumkur,Adityapatna,Census Town,29,18
South Zone,Karnataka,Tumkur,Chiknayakanhalli,Town Municipal Council,29,18
South Zone,Karnataka,Tumkur,Gubbi,Town Panchayat,29,18
South Zone,Karnataka,Tumkur,Koratagere,Town Panchayat,29,18
South Zone,Karnataka,Tumkur,Kunigal,Town Municipal Council,29,18
South Zone,Karnataka,Tumkur,Madhugiri,Town Municipal Council,29,18
South Zone,Karnataka,Tumkur,Pavagada,Town Panchayat,29,18
South Zone,Karnataka,Tumkur,Sira,Town Municipal Council,29,18
South Zone,Karnataka,Tumkur,Tiptur,Town Municipal Council,29,18
South Zone,Karnataka,Tumkur,Tumkur,City Municipal Council,29,18
South Zone,Karnataka,Tumkur,Turuvekere,Town Panchayat,29,18
South Zone,Karnataka,Udupi,Karkal,Town Municipal Council,29,16
South Zone,Karnataka,Udupi,Kundapura,Town Municipal Council,29,16
South Zone,Karnataka,Udupi,Mallar,Census Town,29,16
South Zone,Karnataka,Udupi,Saligram,Town Municipal Council,29,16
South Zone,Karnataka,Udupi,Udupi,City Municipal Council,29,16
South Zone,Karnataka,Udupi,Yenagudde,Census Town,29,16
South Zone,Karnataka,Uttara Kannada,Ambikanagara,Census Town,29,10
South Zone,Karnataka,Uttara Kannada,Ankola,Town Panchayat,29,10
South Zone,Karnataka,Uttara Kannada,Bhatkal,Town Municipal Council,29,10
South Zone,Karnataka,Uttara Kannada,Dandeli,City Municipal Council,29,10
South Zone,Karnataka,Uttara Kannada,Haliyal,Town Panchayat,29,10
South Zone,Karnataka,Uttara Kannada,Honavar,Town Panchayat,29,10
South Zone,Karnataka,Uttara Kannada,Karwar,City Municipal Council,29,10
South Zone,Karnataka,Uttara Kannada,Kumta,Town Municipal Council,29,10
South Zone,Karnataka,Uttara Kannada,Mundgod,Town Panchayat,29,10
South Zone,Karnataka,Uttara Kannada,Siddapur,Town Panchayat,29,10
South Zone,Karnataka,Uttara Kannada,Sirsi,City Municipal Council,29,10
South Zone,Karnataka,Uttara Kannada,Venkatapura,Census Town,29,10
South Zone,Karnataka,Uttara Kannada,Yellapur,Town Panchayat,29,10
South Zone,Kerala,Alappuzha,Alappuzha,Municipality,32,11
South Zone,Kerala,Alappuzha,Arookutty,Census Town,32,11
South Zone,Kerala,Alappuzha,Aroor,Census Town,32,11
South Zone,Kerala,Alappuzha,Chengannur,Municipality,32,11
South Zone,Kerala,Alappuzha,Cherthala,Municipality,32,11
South Zone,Kerala,Alappuzha,Kanjikkuzhi,Census Town,32,11
South Zone,Kerala,Alappuzha,Kayamkulam,Municipality,32,11
South Zone,Kerala,Alappuzha,Kokkothamangalam,Census Town,32,11
South Zone,Kerala,Alappuzha,Komalapuram,Census Town,32,11
South Zone,Kerala,Alappuzha,Mavelikkara,Municipality,32,11
South Zone,Kerala,Alappuzha,Muhamma,Census Town,32,11
South Zone,Kerala,Ernakulam,Aluva,Municipality,32,8
South Zone,Kerala,Ernakulam,Angamaly,Municipality,32,8
South Zone,Kerala,Ernakulam,Chendamangalam,Census Town,32,8
South Zone,Kerala,Ernakulam,Chengamanad,Census Town,32,8
South Zone,Kerala,Ernakulam,Cheranallur,Census Town,32,8
South Zone,Kerala,Ernakulam,Choornikkara,Census Town,32,8
South Zone,Kerala,Ernakulam,Chowwara,Census Town,32,8
South Zone,Kerala,Ernakulam,Edathala,Census Town,32,8
South Zone,Kerala,Ernakulam,Eloor,Census Town,32,8
South Zone,Kerala,Ernakulam,Kadamakkudy,Census Town,32,8
South Zone,Kerala,Ernakulam,Kadungalloor,Census Town,32,8
South Zone,Kerala,Ernakulam,Kalamassery,Municipality,32,8
South Zone,Kerala,Ernakulam,Kochi,Municipal Corporation,32,8
South Zone,Kerala,Ernakulam,Kothamangalam,Municipality,32,8
South Zone,Kerala,Ernakulam,Kottuvally,Census Town,32,8
South Zone,Kerala,Ernakulam,Kureekkad,Census Town,32,8
South Zone,Kerala,Ernakulam,Maradu,Census Town,32,8
South Zone,Kerala,Ernakulam,Mulavukad,Census Town,32,8
South Zone,Kerala,Ernakulam,Muvattupuzha,Municipality,32,8
South Zone,Kerala,Ernakulam,Paravur,Municipality,32,8
South Zone,Kerala,Ernakulam,Perumbavoor,Municipality,32,8
South Zone,Kerala,Ernakulam,Thiruvankulam,Census Town,32,8
South Zone,Kerala,Ernakulam,Thrippunithura,Municipality,32,8
South Zone,Kerala,Ernakulam,Varappuzha,Census Town,32,8
South Zone,Kerala,Ernakulam,Vazhakkala,Census Town,32,8
South Zone,Kerala,Idukki,Idukki Township,Township,32,9
South Zone,Kerala,Idukki,Thodupuzha,Municipality,32,9
South Zone,Kerala,Kannur,Ancharakandy,Census Town,32,2
South Zone,Kerala,Kannur,Azhikode North,Census Town,32,2
South Zone,Kerala,Kannur,Azhikode South,Census Town,32,2
South Zone,Kerala,Kannur,Chala,Census Town,32,2
South Zone,Kerala,Kannur,Chelora,Census Town,32,2
South Zone,Kerala,Kannur,Cheruthazham,Census Town,32,2
South Zone,Kerala,Kannur,Chirakkal,Census Town,32,2
South Zone,Kerala,Kannur,Chockli,Census Town,32,2
South Zone,Kerala,Kannur,Dharmadom,Census Town,32,2
South Zone,Kerala,Kannur,Elayavoor,Census Town,32,2
South Zone,Kerala,Kannur,Eranholi,Census Town,32,2
South Zone,Kerala,Kannur,Iriveri,Census Town,32,2
South Zone,Kerala,Kannur,Kadachira,Census Town,32,2
South Zone,Kerala,Kannur,Kadirur,Census Town,32,2
South Zone,Kerala,Kannur,Kalliasseri,Census Town,32,2
South Zone,Kerala,Kannur,Kanhirode,Census Town,32,2
South Zone,Kerala,Kannur,Kannadiparamba,Census Town,32,2
South Zone,Kerala,Kannur,Kannapuram,Census Town,32,2
South Zone,Kerala,Kannur,Kannur,Municipality,32,2
South Zone,Kerala,Kannur,Kannur Cantonment,Cantonment Board,32,2
South Zone,Kerala,Kannur,Koothuparamba,Municipality,32,2
South Zone,Kerala,Kannur,Kottayam-Malabar,Census Town,32,2
South Zone,Kerala,Kannur,Mattannur,Municipality,32,2
South Zone,Kerala,Kannur,Mavilayi,Census Town,32,2
South Zone,Kerala,Kannur,Munderi,Census Town,32,2
South Zone,Kerala,Kannur,Muzhappilangad,Census Town,32,2
South Zone,Kerala,Kannur,Narath,Census Town,32,2
South Zone,Kerala,Kannur,New Mahe,Census Town,32,2
South Zone,Kerala,Kannur,Paduvilayi,Census Town,32,2
South Zone,Kerala,Kannur,Pallikkunnu,Census Town,32,2
South Zone,Kerala,Kannur,Panniyannur,Census Town,32,2
South Zone,Kerala,Kannur,Panoor,Census Town,32,2
South Zone,Kerala,Kannur,Pappinisseri,Census Town,32,2
South Zone,Kerala,Kannur,Pathiriyad,Census Town,32,2
South Zone,Kerala,Kannur,Pattiom,Census Town,32,2
South Zone,Kerala,Kannur,Payyannur,Municipality,32,2
South Zone,Kerala,Kannur,Peralasseri,Census Town,32,2
South Zone,Kerala,Kannur,Peringathur,Census Town,32,2
South Zone,Kerala,Kannur,Pinarayi,Census Town,32,2
South Zone,Kerala,Kannur,Puzhathi,Census Town,32,2
South Zone,Kerala,Kannur,Taliparamba,Municipality,32,2
South Zone,Kerala,Kannur,Thalassery,Municipality,32,2
South Zone,Kerala,Kannur,Thottada,Census Town,32,2
South Zone,Kerala,Kannur,Valapattanam,Census Town,32,2
South Zone,Kerala,Kannur,Varam,Census Town,32,2
South Zone,Kerala,Kasaragod,Bangramanjeshwar,Census Town,32,1
South Zone,Kerala,Kasaragod,Hosabettu,Census Town,32,1
South Zone,Kerala,Kasaragod,Kanhangad,Municipality,32,1
South Zone,Kerala,Kasaragod,Kasaragod,Municipality,32,1
South Zone,Kerala,Kasaragod,Kudlu,Census Town,32,1
South Zone,Kerala,Kasaragod,Manjeshwar,Census Town,32,1
South Zone,Kerala,Kasaragod,Udma,Census Town,32,1
South Zone,Kerala,Kollam,Kollam,Municipal Corporation,32,13
South Zone,Kerala,Kollam,Paravoor,Municipality,32,13
South Zone,Kerala,Kollam,Punalur,Municipality,32,13
South Zone,Kerala,Kottayam,Changanassery,Municipality,32,10
South Zone,Kerala,Kottayam,Erattupetta,Census Town,32,10
South Zone,Kerala,Kottayam,Kottayam,Municipality,32,10
South Zone,Kerala,Kottayam,Palai,Municipality,32,10
South Zone,Kerala,Kottayam,Perumbaikad,Census Town,32,10
South Zone,Kerala,Kottayam,Vaikom,Municipality,32,10
South Zone,Kerala,Kozhikode,Beypore,Census Town,32,4
South Zone,Kerala,Kozhikode,Cheruvannur,Census Town,32,4
South Zone,Kerala,Kozhikode,Feroke,Census Town,32,4
South Zone,Kerala,Kozhikode,Karuvanthuruthy,Census Town,32,4
South Zone,Kerala,Kozhikode,Kozhikode,Municipal Corporation,32,4
South Zone,Kerala,Kozhikode,Mavoor,Census Town,32,4
South Zone,Kerala,Kozhikode,Olavanna,Census Town,32,4
South Zone,Kerala,Kozhikode,Palayad,Census Town,32,4
South Zone,Kerala,Kozhikode,Pantheeramkavu,Census Town,32,4
South Zone,Kerala,Kozhikode,Quilandy,Municipality,32,4
South Zone,Kerala,Kozhikode,Ramanattukara,Census Town,32,4
South Zone,Kerala,Kozhikode,Vadakara,Municipality,32,4
South Zone,Kerala,Kozhikode,Villiappally,Census Town,32,4
South Zone,Kerala,Malappuram,Malappuram,Municipality,32,5
South Zone,Kerala,Malappuram,Manjeri,Municipality,32,5
South Zone,Kerala,Malappuram,Perinthalmanna,Municipality,32,5
South Zone,Kerala,Malappuram,Ponnani,Municipality,32,5
South Zone,Kerala,Malappuram,Tirur,Municipality,32,5
South Zone,Kerala,Palakkad,Chittur-Thathamangalam,Municipality,32,6
South Zone,Kerala,Palakkad,Ottappalam,Municipality,32,6
South Zone,Kerala,Palakkad,Palakkad,Municipality,32,6
South Zone,Kerala,Palakkad,Puthunagaram,Census Town,32,6
South Zone,Kerala,Palakkad,Shoranur,Municipality,32,6
South Zone,Kerala,Pathanamthitta,Adoor,Municipality,32,12
South Zone,Kerala,Pathanamthitta,Pathanamthitta,Municipality,32,12
South Zone,Kerala,Pathanamthitta,Thiruvalla,Municipality,32,12
South Zone,Kerala,Thiruvananthapuram,Attingal,Municipality,32,14
South Zone,Kerala,Thiruvananthapuram,Nedumangad,Municipality,32,14
South Zone,Kerala,Thiruvananthapuram,Neyyattinkara,Municipality,32,14
South Zone,Kerala,Thiruvananthapuram,Trivandrum,Municipal Corporation,32,14
South Zone,Kerala,Thiruvananthapuram,Varkala,Municipality,32,14
South Zone,Kerala,Thrissur,Akathiyoor,Census Town,32,7
South Zone,Kerala,Thrissur,Avinissery,Census Town,32,7
South Zone,Kerala,Thrissur,Brahmakulam,Census Town,32,7
South Zone,Kerala,Thrissur,Chalakudy,Municipality,32,7
South Zone,Kerala,Thrissur,Chavakkad,Municipality,32,7
South Zone,Kerala,Thrissur,Chevvoor,Census Town,32,7
South Zone,Kerala,Thrissur,Guruvayoor,Municipality,32,7
South Zone,Kerala,Thrissur,Iringaprom,Census Town,32,7
South Zone,Kerala,Thrissur,Irinjalakuda,Municipality,32,7
South Zone,Kerala,Thrissur,Kodungallur,Municipality,32,7
South Zone,Kerala,Thrissur,Kolazhy,Census Town,32,7
South Zone,Kerala,Thrissur,Koratty,Census Town,32,7
South Zone,Kerala,Thrissur,Kunnamkulam,Municipality,32,7
South Zone,Kerala,Thrissur,Marathakkara,Census Town,32,7
South Zone,Kerala,Thrissur,Methala,Census Town,32,7
South Zone,Kerala,Thrissur,Nadathara,Census Town,32,7
South Zone,Kerala,Thrissur,Nenmenikkara,Census Town,32,7
South Zone,Kerala,Thrissur,Palissery,Census Town,32,7
South Zone,Kerala,Thrissur,Paluvai,Census Town,32,7
South Zone,Kerala,Thrissur,Pavaratty,Census Town,32,7
South Zone,Kerala,Thrissur,Perakam,Census Town,32,7
South Zone,Kerala,Thrissur,Pottore,Census Town,32,7
South Zone,Kerala,Thrissur,Puranattukara,Census Town,32,7
South Zone,Kerala,Thrissur,Puthukkad,Census Town,32,7
South Zone,Kerala,Thrissur,Thaikkad,Census Town,32,7
South Zone,Kerala,Thrissur,Thrissur,Municipal Corporation,32,7
South Zone,Kerala,Thrissur,Vallachira,Census Town,32,7
South Zone,Kerala,Thrissur,Venmanad,Census Town,32,7
South Zone,Kerala,Wayanad,Kalpetta,Municipality,32,3
South Zone,Lakshadweep,Lakshadweep,Amini,Census Town,31,1
South Zone,Lakshadweep,Lakshadweep,Kavaratti,Census Town,31,1
South Zone,Lakshadweep,Lakshadweep,Minicoy,Census Town,31,1
South Zone,Puducherry,Karaikal,Karaikal,Municipality,34,4
South Zone,Puducherry,Mahe,Mahe,Municipality,34,3
South Zone,Puducherry,Pondicherry,Kurumbapet,Gram Panchayat,34,2
South Zone,Puducherry,Pondicherry,Ozhukarai,Municipality,34,2
South Zone,Puducherry,Pondicherry,Pondicherry,Municipality,34,2
South Zone,Puducherry,Yanam,Yanam,Municipality,34,1
South Zone,Tamil Nadu,Ariyalur,Ariyalur,Town Panchayat,33,17
South Zone,Tamil Nadu,Ariyalur,Jayankondam,Town Panchayat,33,17
South Zone,Tamil Nadu,Ariyalur,Udayarpalayam,Town Panchayat,33,17
South Zone,Tamil Nadu,Ariyalur,Varadarajanpettai,Town Panchayat,33,17
South Zone,Tamil Nadu,Chennai,Chennai,Municipal Corporation,33,2
South Zone,Tamil Nadu,Coimbatore,A.Thirumuruganpoondi,Town Panchayat,33,12
South Zone,Tamil Nadu,Coimbatore,Achipatti,Census Town,33,12
South Zone,Tamil Nadu,Coimbatore,Alanthurai,Town Panchayat,33,12
South Zone,Tamil Nadu,Coimbatore,Anaimalai,Town Panchayat,33,12
South Zone,Tamil Nadu,Coimbatore,Andipalayam,Census Town,33,12
South Zone,Tamil Nadu,Coimbatore,Annur,Town Panchayat,33,12
South Zone,Tamil Nadu,Coimbatore,Ashokapuram,Census Town,33,12
South Zone,Tamil Nadu,Coimbatore,Avanashi,Town Panchayat,33,12
South Zone,Tamil Nadu,Coimbatore,Chettipalayam,Census Town,33,12
South Zone,Tamil Nadu,Coimbatore,Chinnampalayam,Census Town,33,12
South Zone,Tamil Nadu,Coimbatore,Chinnavedampatti,Town Panchayat,33,12
South Zone,Tamil Nadu,Coimbatore,Coimbatore,Municipal Corporation,33,12
South Zone,Tamil Nadu,Coimbatore,Dhali,Town Panchayat,33,12
South Zone,Tamil Nadu,Coimbatore,Dhaliyur,Town Panchayat,33,12
South Zone,Tamil Nadu,Coimbatore,Ettimadai,Town Panchayat,33,12
South Zone,Tamil Nadu,Coimbatore,Goundampalayam,Town Panchayat,33,12
South Zone,Tamil Nadu,Coimbatore,Gudalur,Town Panchayat,33,12
South Zone,Tamil Nadu,Coimbatore,Idikarai,Town Panchayat,33,12
South Zone,Tamil Nadu,Coimbatore,Irugur,Town Panchayat,33,12
South Zone,Tamil Nadu,Coimbatore,Kalapatti,Town Panchayat,33,12
South Zone,Tamil Nadu,Coimbatore,Kanakkampalayam,Census Town,33,12
South Zone,Tamil Nadu,Coimbatore,Kangayampalayam,Census Town,33,12
South Zone,Tamil Nadu,Coimbatore,Kaniyur,Town Panchayat,33,12
South Zone,Tamil Nadu,Coimbatore,Kannampalayam,Town Panchayat,33,12
South Zone,Tamil Nadu,Coimbatore,Karamadai,Town Panchayat,33,12
South Zone,Tamil Nadu,Coimbatore,Karumathampatti,Town Panchayat,33,12
South Zone,Tamil Nadu,Coimbatore,Kinathukadavu,Town Panchayat,33,12
South Zone,Tamil Nadu,Coimbatore,Komaralingam,Town Panchayat,33,12
South Zone,Tamil Nadu,Coimbatore,Kottur,Town Panchayat,33,12
South Zone,Tamil Nadu,Coimbatore,Kuniyamuthur,Town Panchayat,33,12
South Zone,Tamil Nadu,Coimbatore,Kurichi,Town Panchayat,33,12
South Zone,Tamil Nadu,Coimbatore,Kurudampalayam,Census Town,33,12
South Zone,Tamil Nadu,Coimbatore,Madathukulam,Town Panchayat,33,12
South Zone,Tamil Nadu,Coimbatore,Madukkarai,Town Panchayat,33,12
South Zone,Tamil Nadu,Coimbatore,Mangalam,Census Town,33,12
South Zone,Tamil Nadu,Coimbatore,Mettupalayam,Municipality,33,12
South Zone,Tamil Nadu,Coimbatore,Mopperipalayam,Town Panchayat,33,12
South Zone,Tamil Nadu,Coimbatore,Muruganpalayam,Census Town,33,12
South Zone,Tamil Nadu,Coimbatore,Narasimhanaickenpalayam,Town Panchayat,33,12
South Zone,Tamil Nadu,Coimbatore,Neripperichal,Census Town,33,12
South Zone,Tamil Nadu,Coimbatore,Odaiyakulam,Town Panchayat,33,12
South Zone,Tamil Nadu,Coimbatore,Othakalmandapam,Town Panchayat,33,12
South Zone,Tamil Nadu,Coimbatore,Palladam,Town Panchayat,33,12
South Zone,Tamil Nadu,Coimbatore,Pallapalayam,Town Panchayat,33,12
South Zone,Tamil Nadu,Coimbatore,Periya Negamam,Town Panchayat,33,12
South Zone,Tamil Nadu,Coimbatore,Periyanaickenpalayam,Town Panchayat,33,12
South Zone,Tamil Nadu,Coimbatore,Perur,Town Panchayat,33,12
South Zone,Tamil Nadu,Coimbatore,Pollachi,Municipality,33,12
South Zone,Tamil Nadu,Coimbatore,Pooluvapatti,Town Panchayat,33,12
South Zone,Tamil Nadu,Coimbatore,S.Nallur,Town Panchayat,33,12
South Zone,Tamil Nadu,Coimbatore,Samalapuram,Town Panchayat,33,12
South Zone,Tamil Nadu,Coimbatore,Samathur,Town Panchayat,33,12
South Zone,Tamil Nadu,Coimbatore,Sankaramanallur,Town Panchayat,33,12
South Zone,Tamil Nadu,Coimbatore,Saravanampatti,Town Panchayat,33,12
South Zone,Tamil Nadu,Coimbatore,Sarcarsamakulam,Town Panchayat,33,12
South Zone,Tamil Nadu,Coimbatore,Semmipalayam,Census Town,33,12
South Zone,Tamil Nadu,Coimbatore,Sirumugai,Town Panchayat,33,12
South Zone,Tamil Nadu,Coimbatore,Suleeswaranpatti,Town Panchayat,33,12
South Zone,Tamil Nadu,Coimbatore,Sulur,Town Panchayat,33,12
South Zone,Tamil Nadu,Coimbatore,Thenkarai,Town Panchayat,33,12
South Zone,Tamil Nadu,Coimbatore,Thirumalayampalayam,Town Panchayat,33,12
South Zone,Tamil Nadu,Coimbatore,Thondamuthur,Town Panchayat,33,12
South Zone,Tamil Nadu,Coimbatore,Thottipalayam,Census Town,33,12
South Zone,Tamil Nadu,Coimbatore,Thudiyalur,Town Panchayat,33,12
South Zone,Tamil Nadu,Coimbatore,Tiruppur,Municipality,33,12
South Zone,Tamil Nadu,Coimbatore,Udumalaipettai,Municipality,33,12
South Zone,Tamil Nadu,Coimbatore,Vadavalli,Town Panchayat,33,12
South Zone,Tamil Nadu,Coimbatore,Valparai,Town Panchayat,33,12
South Zone,Tamil Nadu,Coimbatore,Vedapatti,Town Panchayat,33,12
South Zone,Tamil Nadu,Coimbatore,Veerakeralam,Town Panchayat,33,12
South Zone,Tamil Nadu,Coimbatore,Veerapandi,Census Town,33,12
South Zone,Tamil Nadu,Coimbatore,Velampalayam,Town Panchayat,33,12
South Zone,Tamil Nadu,Coimbatore,Vellakinar,Town Panchayat,33,12
South Zone,Tamil Nadu,Coimbatore,Vellalur,Town Panchayat,33,12
South Zone,Tamil Nadu,Coimbatore,Vettaikaranpudur,Town Panchayat,33,12
South Zone,Tamil Nadu,Coimbatore,Vilankurichi,Census Town,33,12
South Zone,Tamil Nadu,Coimbatore,Zamin Uthukuli,Town Panchayat,33,12
South Zone,Tamil Nadu,Cuddalore,Annamalai Nagar,Town Panchayat,33,18
South Zone,Tamil Nadu,Cuddalore,Bhuvanagiri,Town Panchayat,33,18
South Zone,Tamil Nadu,Cuddalore,Chidambaram,Municipality,33,18
South Zone,Tamil Nadu,Cuddalore,Cuddalore,Municipality,33,18
South Zone,Tamil Nadu,Cuddalore,Gangaikondan,Town Panchayat,33,18
South Zone,Tamil Nadu,Cuddalore,Kattumannarkoil,Town Panchayat,33,18
South Zone,Tamil Nadu,Cuddalore,Killlai,Town Panchayat,33,18
South Zone,Tamil Nadu,Cuddalore,Kurinjipadi,Town Panchayat,33,18
South Zone,Tamil Nadu,Cuddalore,Lalpet,Town Panchayat,33,18
South Zone,Tamil Nadu,Cuddalore,Mangalampet,Town Panchayat,33,18
South Zone,Tamil Nadu,Cuddalore,Melpattampakkam,Town Panchayat,33,18
South Zone,Tamil Nadu,Cuddalore,Nellikuppam,Municipality,33,18
South Zone,Tamil Nadu,Cuddalore,Neyveli,Township,33,18
South Zone,Tamil Nadu,Cuddalore,Padirikuppam,Town Panchayat,33,18
South Zone,Tamil Nadu,Cuddalore,Panruti,Municipality,33,18
South Zone,Tamil Nadu,Cuddalore,Parangipettai,Town Panchayat,33,18
South Zone,Tamil Nadu,Cuddalore,Pennadam,Town Panchayat,33,18
South Zone,Tamil Nadu,Cuddalore,Sethiathoppu,Town Panchayat,33,18
South Zone,Tamil Nadu,Cuddalore,Srimushnam,Town Panchayat,33,18
South Zone,Tamil Nadu,Cuddalore,Thorapadi,Town Panchayat,33,18
South Zone,Tamil Nadu,Cuddalore,Tittakudi,Town Panchayat,33,18
South Zone,Tamil Nadu,Cuddalore,Vadalur,Town Panchayat,33,18
South Zone,Tamil Nadu,Cuddalore,Virudhachalam,Municipality,33,18
South Zone,Tamil Nadu,Dharmapuri,B. Mallapuram,Town Panchayat,33,5
South Zone,Tamil Nadu,Dharmapuri,Bargur,Town Panchayat,33,5
South Zone,Tamil Nadu,Dharmapuri,Denkanikottai,Town Panchayat,33,5
South Zone,Tamil Nadu,Dharmapuri,Dharmapuri,Municipality,33,5
South Zone,Tamil Nadu,Dharmapuri,Harur,Town Panchayat,33,5
South Zone,Tamil Nadu,Dharmapuri,Hosur,Municipality,33,5
South Zone,Tamil Nadu,Dharmapuri,Kadathur,Town Panchayat,33,5
South Zone,Tamil Nadu,Dharmapuri,Kambainallur,Town Panchayat,33,5
South Zone,Tamil Nadu,Dharmapuri,Kariamangalam,Town Panchayat,33,5
South Zone,Tamil Nadu,Dharmapuri,Kathujuganapalli,Census Town,33,5
South Zone,Tamil Nadu,Dharmapuri,Kaveripattinam,Town Panchayat,33,5
South Zone,Tamil Nadu,Dharmapuri,Kelamangalam,Town Panchayat,33,5
South Zone,Tamil Nadu,Dharmapuri,Krishnagiri,Municipality,33,5
South Zone,Tamil Nadu,Dharmapuri,Marandahalli,Town Panchayat,33,5
South Zone,Tamil Nadu,Dharmapuri,Mathigiri,Town Panchayat,33,5
South Zone,Tamil Nadu,Dharmapuri,Nagojanahalli,Town Panchayat,33,5
South Zone,Tamil Nadu,Dharmapuri,Palakkodu,Town Panchayat,33,5
South Zone,Tamil Nadu,Dharmapuri,Papparapatti,Town Panchayat,33,5
South Zone,Tamil Nadu,Dharmapuri,Pappireddipatti,Town Panchayat,33,5
South Zone,Tamil Nadu,Dharmapuri,Pennagaram,Town Panchayat,33,5
South Zone,Tamil Nadu,Dharmapuri,Uthangarai,Town Panchayat,33,5
South Zone,Tamil Nadu,Dindigul,Agaram,Town Panchayat,33,13
South Zone,Tamil Nadu,Dindigul,Ammainaickanur,Town Panchayat,33,13
South Zone,Tamil Nadu,Dindigul,Ayakudi,Town Panchayat,33,13
South Zone,Tamil Nadu,Dindigul,Ayyalur,Town Panchayat,33,13
South Zone,Tamil Nadu,Dindigul,Ayyampalayam,Town Panchayat,33,13
South Zone,Tamil Nadu,Dindigul,Balakrishnapuram,Town Panchayat,33,13
South Zone,Tamil Nadu,Dindigul,Balasamudram,Town Panchayat,33,13
South Zone,Tamil Nadu,Dindigul,Batlagundu,Town Panchayat,33,13
South Zone,Tamil Nadu,Dindigul,Chinnalapatti,Town Panchayat,33,13
South Zone,Tamil Nadu,Dindigul,Dindigul,Municipality,33,13
South Zone,Tamil Nadu,Dindigul,Eriodu,Town Panchayat,33,13
South Zone,Tamil Nadu,Dindigul,Kannivadi,Town Panchayat,33,13
South Zone,Tamil Nadu,Dindigul,Keeranur,Town Panchayat,33,13
South Zone,Tamil Nadu,Dindigul,Kodaikanal,Municipality,33,13
South Zone,Tamil Nadu,Dindigul,Natham,Town Panchayat,33,13
South Zone,Tamil Nadu,Dindigul,Neikkarapatti,Town Panchayat,33,13
South Zone,Tamil Nadu,Dindigul,Nilakkottai,Town Panchayat,33,13
South Zone,Tamil Nadu,Dindigul,Oddanchatram,Town Panchayat,33,13
South Zone,Tamil Nadu,Dindigul,Palani,Municipality,33,13
South Zone,Tamil Nadu,Dindigul,Palayam,Town Panchayat,33,13
South Zone,Tamil Nadu,Dindigul,Pallapatti,Town Panchayat,33,13
South Zone,Tamil Nadu,Dindigul,Pannaikadu,Town Panchayat,33,13
South Zone,Tamil Nadu,Dindigul,Pattiveeranpatti,Town Panchayat,33,13
South Zone,Tamil Nadu,Dindigul,Sevugampatti,Town Panchayat,33,13
South Zone,Tamil Nadu,Dindigul,Sithayankottai,Town Panchayat,33,13
South Zone,Tamil Nadu,Dindigul,Sriramapuram,Town Panchayat,33,13
South Zone,Tamil Nadu,Dindigul,Thadikombu,Town Panchayat,33,13
South Zone,Tamil Nadu,Dindigul,Vadamadurai,Town Panchayat,33,13
South Zone,Tamil Nadu,Dindigul,Vedasandur,Town Panchayat,33,13
South Zone,Tamil Nadu,Erode,Ammapettai,Town Panchayat,33,10
South Zone,Tamil Nadu,Erode,Anthiyur,Town Panchayat,33,10
South Zone,Tamil Nadu,Erode,Appakudal,Town Panchayat,33,10
South Zone,Tamil Nadu,Erode,Arachalur,Town Panchayat,33,10
South Zone,Tamil Nadu,Erode,Ariyappampalayam,Town Panchayat,33,10
South Zone,Tamil Nadu,Erode,Athani,Town Panchayat,33,10
South Zone,Tamil Nadu,Erode,Avalpoondurai,Town Panchayat,33,10
South Zone,Tamil Nadu,Erode,Bhavani,Municipality,33,10
South Zone,Tamil Nadu,Erode,Bhavanisagar,Town Panchayat,33,10
South Zone,Tamil Nadu,Erode,Brahmana Periya-Agraharam,Town Panchayat,33,10
South Zone,Tamil Nadu,Erode,Chennasamudram,Town Panchayat,33,10
South Zone,Tamil Nadu,Erode,Chennimalai,Town Panchayat,33,10
South Zone,Tamil Nadu,Erode,Chinnakkampalayam,Town Panchayat,33,10
South Zone,Tamil Nadu,Erode,Chithode,Town Panchayat,33,10
South Zone,Tamil Nadu,Erode,Dharapuram,Municipality,33,10
South Zone,Tamil Nadu,Erode,Elathur,Town Panchayat,33,10
South Zone,Tamil Nadu,Erode,Erode,Municipality,33,10
South Zone,Tamil Nadu,Erode,Gobichettipalayam,Municipality,33,10
South Zone,Tamil Nadu,Erode,Jambai,Town Panchayat,33,10
South Zone,Tamil Nadu,Erode,Kangeyam,Town Panchayat,33,10
South Zone,Tamil Nadu,Erode,Kanjikoil,Town Panchayat,33,10
South Zone,Tamil Nadu,Erode,Kannivadi,Town Panchayat,33,10
South Zone,Tamil Nadu,Erode,Karumandi Chellipalayam,Town Panchayat,33,10
South Zone,Tamil Nadu,Erode,Kasipalayam (E),Town Panchayat,33,10
South Zone,Tamil Nadu,Erode,Kasipalayam (G),Town Panchayat,33,10
South Zone,Tamil Nadu,Erode,Kembainaickenpalayam,Town Panchayat,33,10
South Zone,Tamil Nadu,Erode,Kilampadi,Town Panchayat,33,10
South Zone,Tamil Nadu,Erode,Kodumudi,Town Panchayat,33,10
South Zone,Tamil Nadu,Erode,Kolappalur,Town Panchayat,33,10
South Zone,Tamil Nadu,Erode,Kolathupalayam,Town Panchayat,33,10
South Zone,Tamil Nadu,Erode,Kollankoil,Town Panchayat,33,10
South Zone,Tamil Nadu,Erode,Kuhalur,Town Panchayat,33,10
South Zone,Tamil Nadu,Erode,Kunnathur,Town Panchayat,33,10
South Zone,Tamil Nadu,Erode,Lakkampatti,Town Panchayat,33,10
South Zone,Tamil Nadu,Erode,Modakurichi,Town Panchayat,33,10
South Zone,Tamil Nadu,Erode,Mukasipidariyur,Census Town,33,10
South Zone,Tamil Nadu,Erode,Mulanur,Town Panchayat,33,10
South Zone,Tamil Nadu,Erode,Muthur,Town Panchayat,33,10
South Zone,Tamil Nadu,Erode,Nallampatti,Town Panchayat,33,10
South Zone,Tamil Nadu,Erode,Nambiyur,Town Panchayat,33,10
South Zone,Tamil Nadu,Erode,Nasiyanur,Town Panchayat,33,10
South Zone,Tamil Nadu,Erode,Nerunjipettai,Town Panchayat,33,10
South Zone,Tamil Nadu,Erode,Olagadam,Town Panchayat,33,10
South Zone,Tamil Nadu,Erode,Ottapparai,Census Town,33,10
South Zone,Tamil Nadu,Erode,P.Mettupalayam,Town Panchayat,33,10
South Zone,Tamil Nadu,Erode,Pallapalayam,Town Panchayat,33,10
South Zone,Tamil Nadu,Erode,Pasur,Town Panchayat,33,10
South Zone,Tamil Nadu,Erode,Periyakodiveri,Town Panchayat,33,10
South Zone,Tamil Nadu,Erode,Periyasemur,Town Panchayat,33,10
South Zone,Tamil Nadu,Erode,Perundurai,Town Panchayat,33,10
South Zone,Tamil Nadu,Erode,Pethampalayam,Town Panchayat,33,10
South Zone,Tamil Nadu,Erode,Punjaipuliampatti,Town Panchayat,33,10
South Zone,Tamil Nadu,Erode,Rudravathi,Town Panchayat,33,10
South Zone,Tamil Nadu,Erode,Salangapalayam,Town Panchayat,33,10
South Zone,Tamil Nadu,Erode,Sathyamangalam,Municipality,33,10
South Zone,Tamil Nadu,Erode,Sivagiri,Town Panchayat,33,10
South Zone,Tamil Nadu,Erode,Surampatti,Town Panchayat,33,10
South Zone,Tamil Nadu,Erode,Suriyampalayam,Town Panchayat,33,10
South Zone,Tamil Nadu,Erode,Unjalaur,Town Panchayat,33,10
South Zone,Tamil Nadu,Erode,Uthukuli,Town Panchayat,33,10
South Zone,Tamil Nadu,Erode,Vadugapatti,Town Panchayat,33,10
South Zone,Tamil Nadu,Erode,Vaniputhur,Town Panchayat,33,10
South Zone,Tamil Nadu,Erode,Veerappanchatram,Town Panchayat,33,10
South Zone,Tamil Nadu,Erode,Vellakoil,Town Panchayat,33,10
South Zone,Tamil Nadu,Erode,Vellottamparappu,Town Panchayat,33,10
South Zone,Tamil Nadu,Erode,Vengampudur,Town Panchayat,33,10
South Zone,Tamil Nadu,Erode,Vijayapuri,Census Town,33,10
South Zone,Tamil Nadu,Kancheepuram,Acharapakkam,Town Panchayat,33,3
South Zone,Tamil Nadu,Kancheepuram,Alandur,Municipality,33,3
South Zone,Tamil Nadu,Kancheepuram,Alapakkam,Census Town,33,3
South Zone,Tamil Nadu,Kancheepuram,Anakaputhur,Town Panchayat,33,3
South Zone,Tamil Nadu,Kancheepuram,Ayyampettai,Census Town,33,3
South Zone,Tamil Nadu,Kancheepuram,Chengalpattu,Municipality,33,3
South Zone,Tamil Nadu,Kancheepuram,Chitlapakkam,Town Panchayat,33,3
South Zone,Tamil Nadu,Kancheepuram,Edakalinadu,Town Panchayat,33,3
South Zone,Tamil Nadu,Kancheepuram,Injambakkam,Census Town,33,3
South Zone,Tamil Nadu,Kancheepuram,Jalladiampet,Census Town,33,3
South Zone,Tamil Nadu,Kancheepuram,Kancheepuram,Municipality,33,3
South Zone,Tamil Nadu,Kancheepuram,Karunguzhi,Town Panchayat,33,3
South Zone,Tamil Nadu,Kancheepuram,Kottivakkam,Census Town,33,3
South Zone,Tamil Nadu,Kancheepuram,Kundrathur,Town Panchayat,33,3
South Zone,Tamil Nadu,Kancheepuram,Madambakkam,Town Panchayat,33,3
South Zone,Tamil Nadu,Kancheepuram,Madippakkam,Census Town,33,3
South Zone,Tamil Nadu,Kancheepuram,Maduranthakam,Municipality,33,3
South Zone,Tamil Nadu,Kancheepuram,Mamallapuram,Town Panchayat,33,3
South Zone,Tamil Nadu,Kancheepuram,Manapakkam,Census Town,33,3
South Zone,Tamil Nadu,Kancheepuram,Mangadu,Town Panchayat,33,3
South Zone,Tamil Nadu,Kancheepuram,Maraimalainagar,Town Panchayat,33,3
South Zone,Tamil Nadu,Kancheepuram,Meenambakkam,Town Panchayat,33,3
South Zone,Tamil Nadu,Kancheepuram,Melamaiyur,Census Town,33,3
South Zone,Tamil Nadu,Kancheepuram,Moovarasampettai,Census Town,33,3
South Zone,Tamil Nadu,Kancheepuram,Nandambakkam,Town Panchayat,33,3
South Zone,Tamil Nadu,Kancheepuram,Nandivaram-Guduvancheri,Town Panchayat,33,3
South Zone,Tamil Nadu,Kancheepuram,Nattapettai,Census Town,33,3
South Zone,Tamil Nadu,Kancheepuram,Neelankarai,Census Town,33,3
South Zone,Tamil Nadu,Kancheepuram,Oggiyamduraipakkam,Census Town,33,3
South Zone,Tamil Nadu,Kancheepuram,Palavakkam,Census Town,33,3
South Zone,Tamil Nadu,Kancheepuram,Pallavaram,Municipality,33,3
South Zone,Tamil Nadu,Kancheepuram,Pallikaranai,Town Panchayat,33,3
South Zone,Tamil Nadu,Kancheepuram,Pammal,Town Panchayat,33,3
South Zone,Tamil Nadu,Kancheepuram,Peerkankaranai,Town Panchayat,33,3
South Zone,Tamil Nadu,Kancheepuram,Perungalathur,Town Panchayat,33,3
South Zone,Tamil Nadu,Kancheepuram,Perungudi,Town Panchayat,33,3
South Zone,Tamil Nadu,Kancheepuram,Polichalur,Census Town,33,3
South Zone,Tamil Nadu,Kancheepuram,Pudupattinam,Census Town,33,3
South Zone,Tamil Nadu,Kancheepuram,Puzhithivakkam (Ullagaram),Town Panchayat,33,3
South Zone,Tamil Nadu,Kancheepuram,Sembakkam,Town Panchayat,33,3
South Zone,Tamil Nadu,Kancheepuram,Sevilimedu,Town Panchayat,33,3
South Zone,Tamil Nadu,Kancheepuram,Sholinganallur,Town Panchayat,33,3
South Zone,Tamil Nadu,Kancheepuram,Sikkarayapuram,Census Town,33,3
South Zone,Tamil Nadu,Kancheepuram,Singaperumalkoil,Census Town,33,3
South Zone,Tamil Nadu,Kancheepuram,Sriperumbudur,Town Panchayat,33,3
South Zone,Tamil Nadu,Kancheepuram,St.Thomas Mount-cum-Pallavaram,Cantonment Board,33,3
South Zone,Tamil Nadu,Kancheepuram,Tambaram,Municipality,33,3
South Zone,Tamil Nadu,Kancheepuram,Thenambakkam,Census Town,33,3
South Zone,Tamil Nadu,Kancheepuram,Thiruneermalai,Town Panchayat,33,3
South Zone,Tamil Nadu,Kancheepuram,Thiruporur,Town Panchayat,33,3
South Zone,Tamil Nadu,Kancheepuram,Tirukalukundram,Town Panchayat,33,3
South Zone,Tamil Nadu,Kancheepuram,Tirusulam,Census Town,33,3
South Zone,Tamil Nadu,Kancheepuram,Urapakkam,Census Town,33,3
South Zone,Tamil Nadu,Kancheepuram,Uthiramerur,Town Panchayat,33,3
South Zone,Tamil Nadu,Kancheepuram,Vandalur,Census Town,33,3
South Zone,Tamil Nadu,Kancheepuram,Walajabad,Town Panchayat,33,3
South Zone,Tamil Nadu,Kanniyakumari,Acharipallam,Town Panchayat,33,30
South Zone,Tamil Nadu,Kanniyakumari,Agastheeswaram,Town Panchayat,33,30
South Zone,Tamil Nadu,Kanniyakumari,Alagappapuram,Town Panchayat,33,30
South Zone,Tamil Nadu,Kanniyakumari,Alur,Town Panchayat,33,30
South Zone,Tamil Nadu,Kanniyakumari,Anjugramam,Town Panchayat,33,30
South Zone,Tamil Nadu,Kanniyakumari,Aralvaimozhi,Town Panchayat,33,30
South Zone,Tamil Nadu,Kanniyakumari,Arumanai,Town Panchayat,33,30
South Zone,Tamil Nadu,Kanniyakumari,Athur,Town Panchayat,33,30
South Zone,Tamil Nadu,Kanniyakumari,Azhagiapandiapuram,Town Panchayat,33,30
South Zone,Tamil Nadu,Kanniyakumari,Balapallam,Town Panchayat,33,30
South Zone,Tamil Nadu,Kanniyakumari,Boothapandi,Town Panchayat,33,30
South Zone,Tamil Nadu,Kanniyakumari,Edaikodu,Town Panchayat,33,30
South Zone,Tamil Nadu,Kanniyakumari,Eraniel,Town Panchayat,33,30
South Zone,Tamil Nadu,Kanniyakumari,Ezhudesam,Town Panchayat,33,30
South Zone,Tamil Nadu,Kanniyakumari,Ganapathipuram,Town Panchayat,33,30
South Zone,Tamil Nadu,Kanniyakumari,Kadayal,Town Panchayat,33,30
South Zone,Tamil Nadu,Kanniyakumari,Kaliyakkavilai,Town Panchayat,33,30
South Zone,Tamil Nadu,Kanniyakumari,Kallukuttam,Town Panchayat,33,30
South Zone,Tamil Nadu,Kanniyakumari,Kanniyakumari,Town Panchayat,33,30
South Zone,Tamil Nadu,Kanniyakumari,Kappiyarai,Town Panchayat,33,30
South Zone,Tamil Nadu,Kanniyakumari,Karungal,Town Panchayat,33,30
South Zone,Tamil Nadu,Kanniyakumari,Kilkulam,Town Panchayat,33,30
South Zone,Tamil Nadu,Kanniyakumari,Killiyur,Town Panchayat,33,30
South Zone,Tamil Nadu,Kanniyakumari,Kolachal,Municipality,33,30
South Zone,Tamil Nadu,Kanniyakumari,Kollankodu,Town Panchayat,33,30
South Zone,Tamil Nadu,Kanniyakumari,Kothinallur,Town Panchayat,33,30
South Zone,Tamil Nadu,Kanniyakumari,Kottaram,Town Panchayat,33,30
South Zone,Tamil Nadu,Kanniyakumari,Kulasekarapuram,Town Panchayat,33,30
South Zone,Tamil Nadu,Kanniyakumari,Kumarapuram,Town Panchayat,33,30
South Zone,Tamil Nadu,Kanniyakumari,Kuzhithurai,Municipality,33,30
South Zone,Tamil Nadu,Kanniyakumari,Manavalakurichi,Town Panchayat,33,30
South Zone,Tamil Nadu,Kanniyakumari,Mandaikadu,Town Panchayat,33,30
South Zone,Tamil Nadu,Kanniyakumari,Marungur,Town Panchayat,33,30
South Zone,Tamil Nadu,Kanniyakumari,Mulagumudu,Town Panchayat,33,30
South Zone,Tamil Nadu,Kanniyakumari,Myladi,Town Panchayat,33,30
South Zone,Tamil Nadu,Kanniyakumari,Nagercoil,Municipality,33,30
South Zone,Tamil Nadu,Kanniyakumari,Nallur,Town Panchayat,33,30
South Zone,Tamil Nadu,Kanniyakumari,Neiyyur,Town Panchayat,33,30
South Zone,Tamil Nadu,Kanniyakumari,Pacode,Town Panchayat,33,30
South Zone,Tamil Nadu,Kanniyakumari,Padmanabhapuram,Municipality,33,30
South Zone,Tamil Nadu,Kanniyakumari,Pazhugal,Town Panchayat,33,30
South Zone,Tamil Nadu,Kanniyakumari,Ponmani,Town Panchayat,33,30
South Zone,Tamil Nadu,Kanniyakumari,Pudukadai,Town Panchayat,33,30
South Zone,Tamil Nadu,Kanniyakumari,Puthalam,Town Panchayat,33,30
South Zone,Tamil Nadu,Kanniyakumari,Reethapuram,Town Panchayat,33,30
South Zone,Tamil Nadu,Kanniyakumari,Suchindram,Town Panchayat,33,30
South Zone,Tamil Nadu,Kanniyakumari,Thalakudi,Town Panchayat,33,30
South Zone,Tamil Nadu,Kanniyakumari,Thengampudur,Town Panchayat,33,30
South Zone,Tamil Nadu,Kanniyakumari,Thenthamaraikulam,Town Panchayat,33,30
South Zone,Tamil Nadu,Kanniyakumari,Thesur,Town Panchayat,33,30
South Zone,Tamil Nadu,Kanniyakumari,Thingalnagar,Town Panchayat,33,30
South Zone,Tamil Nadu,Kanniyakumari,Thiruparappu,Town Panchayat,33,30
South Zone,Tamil Nadu,Kanniyakumari,Thiruvattaru,Town Panchayat,33,30
South Zone,Tamil Nadu,Kanniyakumari,Thiruvithankodu,Town Panchayat,33,30
South Zone,Tamil Nadu,Kanniyakumari,Unnamalaikadai,Town Panchayat,33,30
South Zone,Tamil Nadu,Kanniyakumari,Valvaithankoshtam,Town Panchayat,33,30
South Zone,Tamil Nadu,Kanniyakumari,Vellimalai,Town Panchayat,33,30
South Zone,Tamil Nadu,Kanniyakumari,Verkilambi,Town Panchayat,33,30
South Zone,Tamil Nadu,Kanniyakumari,Vilavur,Town Panchayat,33,30
South Zone,Tamil Nadu,Kanniyakumari,Villukuri,Town Panchayat,33,30
South Zone,Tamil Nadu,Kapur,Aravakurichi,Town Panchayat,33,14
South Zone,Tamil Nadu,Kapur,Inam Karur,Town Panchayat,33,14
South Zone,Tamil Nadu,Kapur,Karur,Municipality,33,14
South Zone,Tamil Nadu,Kapur,Krishnarayapuram,Town Panchayat,33,14
South Zone,Tamil Nadu,Kapur,Kulithalai,Municipality,33,14
South Zone,Tamil Nadu,Kapur,Marudur,Town Panchayat,33,14
South Zone,Tamil Nadu,Kapur,Nangavaram,Town Panchayat,33,14
South Zone,Tamil Nadu,Kapur,P. J. Cholapuram,Town Panchayat,33,14
South Zone,Tamil Nadu,Kapur,Pallapatti,Town Panchayat,33,14
South Zone,Tamil Nadu,Kapur,Puliyur,Town Panchayat,33,14
South Zone,Tamil Nadu,Kapur,Punjai Thottakurichi,Town Panchayat,33,14
South Zone,Tamil Nadu,Kapur,Punjaipugalur,Town Panchayat,33,14
South Zone,Tamil Nadu,Kapur,TNPL Pugalur,Town Panchayat,33,14
South Zone,Tamil Nadu,Kapur,Thanthoni,Town Panchayat,33,14
South Zone,Tamil Nadu,Kapur,Uppidamangalam,Town Panchayat,33,14
South Zone,Tamil Nadu,Madurai,A.Vellalapatti,Town Panchayat,33,24
South Zone,Tamil Nadu,Madurai,Alanganallur,Town Panchayat,33,24
South Zone,Tamil Nadu,Madurai,Anaiyur,Town Panchayat,33,24
South Zone,Tamil Nadu,Madurai,Avaniapuram,Town Panchayat,33,24
South Zone,Tamil Nadu,Madurai,Chinna Anuppanadi,Census Town,33,24
South Zone,Tamil Nadu,Madurai,Elumalai,Town Panchayat,33,24
South Zone,Tamil Nadu,Madurai,Harveypatti,Town Panchayat,33,24
South Zone,Tamil Nadu,Madurai,Kannadendal,Census Town,33,24
South Zone,Tamil Nadu,Madurai,Madurai,Municipal Corporation,33,24
South Zone,Tamil Nadu,Madurai,Melamadai,Town Panchayat,33,24
South Zone,Tamil Nadu,Madurai,Melur,Municipality,33,24
South Zone,Tamil Nadu,Madurai,Nagavakulam,Town Panchayat,33,24
South Zone,Tamil Nadu,Madurai,Othakadai,Town Panchayat,33,24
South Zone,Tamil Nadu,Madurai,Palamedu,Town Panchayat,33,24
South Zone,Tamil Nadu,Madurai,Paravai,Town Panchayat,33,24
South Zone,Tamil Nadu,Madurai,Peraiyur,Town Panchayat,33,24
South Zone,Tamil Nadu,Madurai,Sholavandan,Town Panchayat,33,24
South Zone,Tamil Nadu,Madurai,T.Kallupatti,Town Panchayat,33,24
South Zone,Tamil Nadu,Madurai,Thirumangalam,Municipality,33,24
South Zone,Tamil Nadu,Madurai,Thirunagar,Town Panchayat,33,24
South Zone,Tamil Nadu,Madurai,Thiruparankundram,Town Panchayat,33,24
South Zone,Tamil Nadu,Madurai,Usilampatti,Municipality,33,24
South Zone,Tamil Nadu,Madurai,Vadipatti,Town Panchayat,33,24
South Zone,Tamil Nadu,Madurai,Vandiyur,Census Town,33,24
South Zone,Tamil Nadu,Madurai,Vilangudi,Town Panchayat,33,24
South Zone,Tamil Nadu,Nagapattinam,Kilvelur,Town Panchayat,33,19
South Zone,Tamil Nadu,Nagapattinam,Kuthalam,Town Panchayat,33,19
South Zone,Tamil Nadu,Nagapattinam,Manalmedu,Town Panchayat,33,19
South Zone,Tamil Nadu,Nagapattinam,Mayiladuthurai,Municipality,33,19
South Zone,Tamil Nadu,Nagapattinam,Nagapattinam,Municipality,33,19
South Zone,Tamil Nadu,Nagapattinam,Sirkali,Municipality,33,19
South Zone,Tamil Nadu,Nagapattinam,Thalainayar,Town Panchayat,33,19
South Zone,Tamil Nadu,Nagapattinam,Tharangambadi,Town Panchayat,33,19
South Zone,Tamil Nadu,Nagapattinam,Thittacheri,Town Panchayat,33,19
South Zone,Tamil Nadu,Nagapattinam,Vaitheeswarankoil,Town Panchayat,33,19
South Zone,Tamil Nadu,Nagapattinam,Vedaranyam,Town Panchayat,33,19
South Zone,Tamil Nadu,Nagapattinam,Velankanni,Town Panchayat,33,19
South Zone,Tamil Nadu,Namakkal,Alampalayam,Town Panchayat,33,9
South Zone,Tamil Nadu,Namakkal,Athanur,Town Panchayat,33,9
South Zone,Tamil Nadu,Namakkal,Devanangurichi,Census Town,33,9
South Zone,Tamil Nadu,Namakkal,Erumaipatti,Town Panchayat,33,9
South Zone,Tamil Nadu,Namakkal,Kalappanaickenpatti,Town Panchayat,33,9
South Zone,Tamil Nadu,Namakkal,Kumarapalayam,Municipality,33,9
South Zone,Tamil Nadu,Namakkal,Mallasamudram,Town Panchayat,33,9
South Zone,Tamil Nadu,Namakkal,Mohanur,Town Panchayat,33,9
South Zone,Tamil Nadu,Namakkal,Namagiripettai,Town Panchayat,33,9
South Zone,Tamil Nadu,Namakkal,Namakkal,Municipality,33,9
South Zone,Tamil Nadu,Namakkal,Padaiveedu,Town Panchayat,33,9
South Zone,Tamil Nadu,Namakkal,Pallipalayam,Town Panchayat,33,9
South Zone,Tamil Nadu,Namakkal,Pallipalayam Agraharam,Census Town,33,9
South Zone,Tamil Nadu,Namakkal,Pandamangalam,Town Panchayat,33,9
South Zone,Tamil Nadu,Namakkal,Paramathi,Town Panchayat,33,9
South Zone,Tamil Nadu,Namakkal,Pattinam,Town Panchayat,33,9
South Zone,Tamil Nadu,Namakkal,Periyapatti,Census Town,33,9
South Zone,Tamil Nadu,Namakkal,Pillanallur,Town Panchayat,33,9
South Zone,Tamil Nadu,Namakkal,Pothanur,Town Panchayat,33,9
South Zone,Tamil Nadu,Namakkal,Pudupalaiyam Aghraharam,Census Town,33,9
South Zone,Tamil Nadu,Namakkal,R.Pudupatti,Town Panchayat,33,9
South Zone,Tamil Nadu,Namakkal,Rasipuram,Town Panchayat,33,9
South Zone,Tamil Nadu,Namakkal,Seerapalli,Town Panchayat,33,9
South Zone,Tamil Nadu,Namakkal,Senthamangalam,Town Panchayat,33,9
South Zone,Tamil Nadu,Namakkal,Tiruchengode,Municipality,33,9
South Zone,Tamil Nadu,Namakkal,Velur,Town Panchayat,33,9
South Zone,Tamil Nadu,Namakkal,Venkarai,Town Panchayat,33,9
South Zone,Tamil Nadu,Namakkal,Vennanthur,Town Panchayat,33,9
South Zone,Tamil Nadu,Perambalur,Arumbavur,Town Panchayat,33,16
South Zone,Tamil Nadu,Perambalur,Kurumbalur,Town Panchayat,33,16
South Zone,Tamil Nadu,Perambalur,Labbaikudikadu,Town Panchayat,33,16
South Zone,Tamil Nadu,Perambalur,Perambalur,Town Panchayat,33,16
South Zone,Tamil Nadu,Perambalur,Poolambadi,Town Panchayat,33,16
South Zone,Tamil Nadu,Pudukkottai,Alangudi,Town Panchayat,33,22
South Zone,Tamil Nadu,Pudukkottai,Annavasal,Town Panchayat,33,22
South Zone,Tamil Nadu,Pudukkottai,Aranthangi,Municipality,33,22
South Zone,Tamil Nadu,Pudukkottai,Arimalam,Town Panchayat,33,22
South Zone,Tamil Nadu,Pudukkottai,Iluppur,Town Panchayat,33,22
South Zone,Tamil Nadu,Pudukkottai,Karambakkudi,Town Panchayat,33,22
South Zone,Tamil Nadu,Pudukkottai,Keeramangalam,Town Panchayat,33,22
South Zone,Tamil Nadu,Pudukkottai,Keeranur,Town Panchayat,33,22
South Zone,Tamil Nadu,Pudukkottai,Nathampannai,Town Panchayat,33,22
South Zone,Tamil Nadu,Pudukkottai,Ponnamaravathi,Town Panchayat,33,22
South Zone,Tamil Nadu,Pudukkottai,Pudukkottai,Town Panchayat,33,22
South Zone,Tamil Nadu,Ramanathapuram,Abiramam,Town Panchayat,33,27
South Zone,Tamil Nadu,Ramanathapuram,Kamuthi,Town Panchayat,33,27
South Zone,Tamil Nadu,Ramanathapuram,Keelakarai,Town Panchayat,33,27
South Zone,Tamil Nadu,Ramanathapuram,Mandapam,Town Panchayat,33,27
South Zone,Tamil Nadu,Ramanathapuram,Mudukulathur,Town Panchayat,33,27
South Zone,Tamil Nadu,Ramanathapuram,Paramakudi,Municipality,33,27
South Zone,Tamil Nadu,Ramanathapuram,R.S.Mangalam,Town Panchayat,33,27
South Zone,Tamil Nadu,Ramanathapuram,Ramanathapuram,Municipality,33,27
South Zone,Tamil Nadu,Ramanathapuram,Rameswaram,Town Panchayat,33,27
South Zone,Tamil Nadu,Ramanathapuram,Sayalgudi,Town Panchayat,33,27
South Zone,Tamil Nadu,Ramanathapuram,Thondi,Town Panchayat,33,27
South Zone,Tamil Nadu,Salem,Arasiramani,Town Panchayat,33,8
South Zone,Tamil Nadu,Salem,Attayampatti,Town Panchayat,33,8
South Zone,Tamil Nadu,Salem,Attur,Municipality,33,8
South Zone,Tamil Nadu,Salem,Avadattur,Census Town,33,8
South Zone,Tamil Nadu,Salem,Ayothiapattinam,Town Panchayat,33,8
South Zone,Tamil Nadu,Salem,Belur,Town Panchayat,33,8
South Zone,Tamil Nadu,Salem,Dalavaipatti,Census Town,33,8
South Zone,Tamil Nadu,Salem,Edaganasalai,Town Panchayat,33,8
South Zone,Tamil Nadu,Salem,Edappadi,Municipality,33,8
South Zone,Tamil Nadu,Salem,Ethapur,Town Panchayat,33,8
South Zone,Tamil Nadu,Salem,Gangavalli,Town Panchayat,33,8
South Zone,Tamil Nadu,Salem,Ilampillai,Town Panchayat,33,8
South Zone,Tamil Nadu,Salem,Jalakandapuram,Town Panchayat,33,8
South Zone,Tamil Nadu,Salem,Kadayampatti,Town Panchayat,33,8
South Zone,Tamil Nadu,Salem,Kannankurichi,Town Panchayat,33,8
South Zone,Tamil Nadu,Salem,Karuppur,Town Panchayat,33,8
South Zone,Tamil Nadu,Salem,Keeripatti,Town Panchayat,33,8
South Zone,Tamil Nadu,Salem,Kolathur,Town Panchayat,33,8
South Zone,Tamil Nadu,Salem,Kondalampatti,Census Town,33,8
South Zone,Tamil Nadu,Salem,Konganapuram,Town Panchayat,33,8
South Zone,Tamil Nadu,Salem,Mallamooppampatti,Census Town,33,8
South Zone,Tamil Nadu,Salem,Mallur,Town Panchayat,33,8
South Zone,Tamil Nadu,Salem,Maramangalathupatti,Census Town,33,8
South Zone,Tamil Nadu,Salem,Mecheri,Town Panchayat,33,8
South Zone,Tamil Nadu,Salem,Mettur,Municipality,33,8
South Zone,Tamil Nadu,Salem,Nangavalli,Town Panchayat,33,8
South Zone,Tamil Nadu,Salem,Narasingapuram,Town Panchayat,33,8
South Zone,Tamil Nadu,Salem,Neykkarappatti,Census Town,33,8
South Zone,Tamil Nadu,Salem,Omalur,Town Panchayat,33,8
South Zone,Tamil Nadu,Salem,P.N.Patti,Town Panchayat,33,8
South Zone,Tamil Nadu,Salem,Panaimarathupatti,Town Panchayat,33,8
South Zone,Tamil Nadu,Salem,Papparapatti,Census Town,33,8
South Zone,Tamil Nadu,Salem,Pethanaickenpalayam,Town Panchayat,33,8
South Zone,Tamil Nadu,Salem,Poolampatti,Town Panchayat,33,8
South Zone,Tamil Nadu,Salem,Salem,Municipal Corporation,33,8
South Zone,Tamil Nadu,Salem,Sankari,Town Panchayat,33,8
South Zone,Tamil Nadu,Salem,Sentharapatti,Town Panchayat,33,8
South Zone,Tamil Nadu,Salem,Thammampatti,Town Panchayat,33,8
South Zone,Tamil Nadu,Salem,Tharamangalam,Town Panchayat,33,8
South Zone,Tamil Nadu,Salem,Thedavur,Town Panchayat,33,8
South Zone,Tamil Nadu,Salem,Thevur,Town Panchayat,33,8
South Zone,Tamil Nadu,Salem,Vanavasi,Town Panchayat,33,8
South Zone,Tamil Nadu,Salem,Vazhapadi,Town Panchayat,33,8
South Zone,Tamil Nadu,Salem,Veeraganur,Town Panchayat,33,8
South Zone,Tamil Nadu,Salem,Veerakkalpudur,Town Panchayat,33,8
South Zone,Tamil Nadu,Sivaganga,Devakottai,Municipality,33,23
South Zone,Tamil Nadu,Sivaganga,Kanadukathan,Town Panchayat,33,23
South Zone,Tamil Nadu,Sivaganga,Kandanur,Town Panchayat,33,23
South Zone,Tamil Nadu,Sivaganga,Karaikkudi,Municipality,33,23
South Zone,Tamil Nadu,Sivaganga,Kottaiyur,Town Panchayat,33,23
South Zone,Tamil Nadu,Sivaganga,Llayangudi,Town Panchayat,33,23
South Zone,Tamil Nadu,Sivaganga,Manamadurai,Town Panchayat,33,23
South Zone,Tamil Nadu,Sivaganga,Nattarasankottai,Town Panchayat,33,23
South Zone,Tamil Nadu,Sivaganga,Nerkuppai,Town Panchayat,33,23
South Zone,Tamil Nadu,Sivaganga,Pallathur,Town Panchayat,33,23
South Zone,Tamil Nadu,Sivaganga,Puduvayal,Town Panchayat,33,23
South Zone,Tamil Nadu,Sivaganga,Singampuneri,Town Panchayat,33,23
South Zone,Tamil Nadu,Sivaganga,Sivaganga,Municipality,33,23
South Zone,Tamil Nadu,Sivaganga,Thirupuvanam,Town Panchayat,33,23
South Zone,Tamil Nadu,Sivaganga,Tirupathur,Town Panchayat,33,23
South Zone,Tamil Nadu,Thanjavur,Adiramapattinam,Town Panchayat,33,21
South Zone,Tamil Nadu,Thanjavur,Aduthurai alias Maruthuvakudi,Town Panchayat,33,21
South Zone,Tamil Nadu,Thanjavur,Ammapettai,Town Panchayat,33,21
South Zone,Tamil Nadu,Thanjavur,Ayyampettai,Town Panchayat,33,21
South Zone,Tamil Nadu,Thanjavur,Cholapuram,Town Panchayat,33,21
South Zone,Tamil Nadu,Thanjavur,Dharasuram,Town Panchayat,33,21
South Zone,Tamil Nadu,Thanjavur,Kumbakonam,Municipality,33,21
South Zone,Tamil Nadu,Thanjavur,Madukkur,Town Panchayat,33,21
South Zone,Tamil Nadu,Thanjavur,Melathiruppanthuruthi,Town Panchayat,33,21
South Zone,Tamil Nadu,Thanjavur,Melattur,Town Panchayat,33,21
South Zone,Tamil Nadu,Thanjavur,Nanjikottai,Town Panchayat,33,21
South Zone,Tamil Nadu,Thanjavur,Neelagiri,Town Panchayat,33,21
South Zone,Tamil Nadu,Thanjavur,Orathanadu (Mukthambalpuram),Town Panchayat,33,21
South Zone,Tamil Nadu,Thanjavur,Papanasam,Town Panchayat,33,21
South Zone,Tamil Nadu,Thanjavur,Pattukkottai,Municipality,33,21
South Zone,Tamil Nadu,Thanjavur,Peravurani,Town Panchayat,33,21
South Zone,Tamil Nadu,Thanjavur,Perumagalur,Town Panchayat,33,21
South Zone,Tamil Nadu,Thanjavur,Perumandi,Town Panchayat,33,21
South Zone,Tamil Nadu,Thanjavur,Swamimalai,Town Panchayat,33,21
South Zone,Tamil Nadu,Thanjavur,Thanjavur,Municipality,33,21
South Zone,Tamil Nadu,Thanjavur,Thirukattupalli,Town Panchayat,33,21
South Zone,Tamil Nadu,Thanjavur,Thirunageswaram,Town Panchayat,33,21
South Zone,Tamil Nadu,Thanjavur,Thiruppanandal,Town Panchayat,33,21
South Zone,Tamil Nadu,Thanjavur,Thirupuvanam,Town Panchayat,33,21
South Zone,Tamil Nadu,Thanjavur,Thiruvaiyaru,Town Panchayat,33,21
South Zone,Tamil Nadu,Thanjavur,Thiruvidaimarudur,Town Panchayat,33,21
South Zone,Tamil Nadu,Thanjavur,Ullur,Census Town,33,21
South Zone,Tamil Nadu,Thanjavur,Vallam,Town Panchayat,33,21
South Zone,Tamil Nadu,Thanjavur,Veppathur,Town Panchayat,33,21
South Zone,Tamil Nadu,The Nilgiris,Adikaratti,Town Panchayat,33,11
South Zone,Tamil Nadu,The Nilgiris,Aravankad,Township,33,11
South Zone,Tamil Nadu,The Nilgiris,Bikketti,Town Panchayat,33,11
South Zone,Tamil Nadu,The Nilgiris,Coonoor,Municipality,33,11
South Zone,Tamil Nadu,The Nilgiris,Devarshola,Town Panchayat,33,11
South Zone,Tamil Nadu,The Nilgiris,Gudalur,Town Panchayat,33,11
South Zone,Tamil Nadu,The Nilgiris,Hubbathala,Census Town,33,11
South Zone,Tamil Nadu,The Nilgiris,Huligal,Town Panchayat,33,11
South Zone,Tamil Nadu,The Nilgiris,Jagathala,Town Panchayat,33,11
South Zone,Tamil Nadu,The Nilgiris,Kethi,Town Panchayat,33,11
South Zone,Tamil Nadu,The Nilgiris,Kilkunda,Town Panchayat,33,11
South Zone,Tamil Nadu,The Nilgiris,Kotagiri,Town Panchayat,33,11
South Zone,Tamil Nadu,The Nilgiris,Naduvattam,Town Panchayat,33,11
South Zone,Tamil Nadu,The Nilgiris,Nelliyalam,Town Panchayat,33,11
South Zone,Tamil Nadu,The Nilgiris,O' Valley,Town Panchayat,33,11
South Zone,Tamil Nadu,The Nilgiris,Sholur,Town Panchayat,33,11
South Zone,Tamil Nadu,The Nilgiris,Udhagamandalam,Municipality,33,11
South Zone,Tamil Nadu,The Nilgiris,Wellington,Cantonment Board,33,11
South Zone,Tamil Nadu,Theni,Andipatti Jakkampatti,Town Panchayat,33,25
South Zone,Tamil Nadu,Theni,B. Meenakshipuram,Town Panchayat,33,25
South Zone,Tamil Nadu,Theni,Bodinayakkanur,Municipality,33,25
South Zone,Tamil Nadu,Theni,Boothipuram,Town Panchayat,33,25
South Zone,Tamil Nadu,Theni,Chinnamanur,Municipality,33,25
South Zone,Tamil Nadu,Theni,Devadanapatti,Town Panchayat,33,25
South Zone,Tamil Nadu,Theni,Ganguvarpatti,Town Panchayat,33,25
South Zone,Tamil Nadu,Theni,Gudalur,Town Panchayat,33,25
South Zone,Tamil Nadu,Theni,Hanumanthampatti,Town Panchayat,33,25
South Zone,Tamil Nadu,Theni,Highways,Town Panchayat,33,25
South Zone,Tamil Nadu,Theni,Kamayagoundanpatti,Town Panchayat,33,25
South Zone,Tamil Nadu,Theni,Kambam,Municipality,33,25
South Zone,Tamil Nadu,Theni,Kombai,Town Panchayat,33,25
South Zone,Tamil Nadu,Theni,Kuchanur,Town Panchayat,33,25
South Zone,Tamil Nadu,Theni,Markayankottai,Town Panchayat,33,25
South Zone,Tamil Nadu,Theni,Melachokkanathapuram,Town Panchayat,33,25
South Zone,Tamil Nadu,Theni,Odaipatti,Town Panchayat,33,25
South Zone,Tamil Nadu,Theni,Palani Chettipatti,Town Panchayat,33,25
South Zone,Tamil Nadu,Theni,Pannaipuram,Town Panchayat,33,25
South Zone,Tamil Nadu,Theni,Periyakulam,Municipality,33,25
South Zone,Tamil Nadu,Theni,Pudupatti,Town Panchayat,33,25
South Zone,Tamil Nadu,Theni,Thamaraikulam,Town Panchayat,33,25
South Zone,Tamil Nadu,Theni,Theni Allinagaram,Municipality,33,25
South Zone,Tamil Nadu,Theni,Thenkarai,Town Panchayat,33,25
South Zone,Tamil Nadu,Theni,Thevaram,Town Panchayat,33,25
South Zone,Tamil Nadu,Theni,Uthamapalayam,Town Panchayat,33,25
South Zone,Tamil Nadu,Theni,Vadugapatti,Town Panchayat,33,25
South Zone,Tamil Nadu,Theni,Veerapandi,Town Panchayat,33,25
South Zone,Tamil Nadu,Thiruvallur,Ambattur,Municipality,33,1
South Zone,Tamil Nadu,Thiruvallur,Ammavarikuppam,Census Town,33,1
South Zone,Tamil Nadu,Thiruvallur,Arani,Town Panchayat,33,1
South Zone,Tamil Nadu,Thiruvallur,Athipattu,Census Town,33,1
South Zone,Tamil Nadu,Thiruvallur,Avadi,Municipality,33,1
South Zone,Tamil Nadu,Thiruvallur,Chinnasekkadu,Town Panchayat,33,1
South Zone,Tamil Nadu,Thiruvallur,Gummidipoondi,Town Panchayat,33,1
South Zone,Tamil Nadu,Thiruvallur,Karambakkam,Census Town,33,1
South Zone,Tamil Nadu,Thiruvallur,Kattivakkam,Municipality,33,1
South Zone,Tamil Nadu,Thiruvallur,Madavaram,Municipality,33,1
South Zone,Tamil Nadu,Thiruvallur,Maduravoyal,Town Panchayat,33,1
South Zone,Tamil Nadu,Thiruvallur,Manali,Town Panchayat,33,1
South Zone,Tamil Nadu,Thiruvallur,Minjur,Town Panchayat,33,1
South Zone,Tamil Nadu,Thiruvallur,Naravarikuppam,Town Panchayat,33,1
South Zone,Tamil Nadu,Thiruvallur,Nerkunram,Census Town,33,1
South Zone,Tamil Nadu,Thiruvallur,Padianallur,Census Town,33,1
South Zone,Tamil Nadu,Thiruvallur,Pallipattu,Town Panchayat,33,1
South Zone,Tamil Nadu,Thiruvallur,Ponneri,Town Panchayat,33,1
South Zone,Tamil Nadu,Thiruvallur,Poonamallee,Town Panchayat,33,1
South Zone,Tamil Nadu,Thiruvallur,Porur,Town Panchayat,33,1
South Zone,Tamil Nadu,Thiruvallur,Pothatturpettai,Town Panchayat,33,1
South Zone,Tamil Nadu,Thiruvallur,Puzhal,Town Panchayat,33,1
South Zone,Tamil Nadu,Thiruvallur,Ramapuram,Census Town,33,1
South Zone,Tamil Nadu,Thiruvallur,Thirumazhisai,Town Panchayat,33,1
South Zone,Tamil Nadu,Thiruvallur,Thirunindravur,Town Panchayat,33,1
South Zone,Tamil Nadu,Thiruvallur,Thiruvallur,Municipality,33,1
South Zone,Tamil Nadu,Thiruvallur,Tiruttani,Town Panchayat,33,1
South Zone,Tamil Nadu,Thiruvallur,Tiruverkadu,Town Panchayat,33,1
South Zone,Tamil Nadu,Thiruvallur,Tiruvottiyur,Municipality,33,1
South Zone,Tamil Nadu,Thiruvallur,Uthukkottai,Town Panchayat,33,1
South Zone,Tamil Nadu,Thiruvallur,Valasaravakkam,Town Panchayat,33,1
South Zone,Tamil Nadu,Thiruvallur,Vengathur,Census Town,33,1
South Zone,Tamil Nadu,Thiruvarur,Kodavasal,Town Panchayat,33,20
South Zone,Tamil Nadu,Thiruvarur,Koradacheri,Town Panchayat,33,20
South Zone,Tamil Nadu,Thiruvarur,Kouthanallur,Municipality,33,20
South Zone,Tamil Nadu,Thiruvarur,Mannargudi,Municipality,33,20
South Zone,Tamil Nadu,Thiruvarur,Muthupet,Town Panchayat,33,20
South Zone,Tamil Nadu,Thiruvarur,Nannilam,Town Panchayat,33,20
South Zone,Tamil Nadu,Thiruvarur,Needamangalam,Town Panchayat,33,20
South Zone,Tamil Nadu,Thiruvarur,Peralam,Town Panchayat,33,20
South Zone,Tamil Nadu,Thiruvarur,Thiruthuraipoondi,Municipality,33,20
South Zone,Tamil Nadu,Thiruvarur,Thiruvarur,Municipality,33,20
South Zone,Tamil Nadu,Thiruvarur,Valangaiman,Town Panchayat,33,20
South Zone,Tamil Nadu,Tiruchirappalli,Balakrishnampatti,Town Panchayat,33,15
South Zone,Tamil Nadu,Tiruchirappalli,Kallakudi,Town Panchayat,33,15
South Zone,Tamil Nadu,Tiruchirappalli,Kattuputhur,Town Panchayat,33,15
South Zone,Tamil Nadu,Tiruchirappalli,Koothappar,Town Panchayat,33,15
South Zone,Tamil Nadu,Tiruchirappalli,Krishnasamudram,Census Town,33,15
South Zone,Tamil Nadu,Tiruchirappalli,Lalgudi,Town Panchayat,33,15
South Zone,Tamil Nadu,Tiruchirappalli,Manachanallur,Town Panchayat,33,15
South Zone,Tamil Nadu,Tiruchirappalli,Manapparai,Municipality,33,15
South Zone,Tamil Nadu,Tiruchirappalli,Mettupalayam,Town Panchayat,33,15
South Zone,Tamil Nadu,Tiruchirappalli,Musiri,Town Panchayat,33,15
South Zone,Tamil Nadu,Tiruchirappalli,Navalpattu,Census Town,33,15
South Zone,Tamil Nadu,Tiruchirappalli,Palaganangudy,Town Panchayat,33,15
South Zone,Tamil Nadu,Tiruchirappalli,Pappankurichi,Census Town,33,15
South Zone,Tamil Nadu,Tiruchirappalli,Ponnampatti,Town Panchayat,33,15
South Zone,Tamil Nadu,Tiruchirappalli,Pullampadi,Town Panchayat,33,15
South Zone,Tamil Nadu,Tiruchirappalli,Puvalur,Town Panchayat,33,15
South Zone,Tamil Nadu,Tiruchirappalli,S. Kannanur,Town Panchayat,33,15
South Zone,Tamil Nadu,Tiruchirappalli,Sirugamani,Town Panchayat,33,15
South Zone,Tamil Nadu,Tiruchirappalli,Thathaiyangarpet,Town Panchayat,33,15
South Zone,Tamil Nadu,Tiruchirappalli,Thiruverumbur,Town Panchayat,33,15
South Zone,Tamil Nadu,Tiruchirappalli,Thottiyam,Town Panchayat,33,15
South Zone,Tamil Nadu,Tiruchirappalli,Thuraiyur,Municipality,33,15
South Zone,Tamil Nadu,Tiruchirappalli,Thuvakudi,Town Panchayat,33,15
South Zone,Tamil Nadu,Tiruchirappalli,Tiruchirappalli,Municipal Corporation,33,15
South Zone,Tamil Nadu,Tiruchirappalli,Uppiliapuram,Town Panchayat,33,15
South Zone,Tamil Nadu,Tirunelveli,Achampudur,Town Panchayat,33,29
South Zone,Tamil Nadu,Tirunelveli,Alangulam,Town Panchayat,33,29
South Zone,Tamil Nadu,Tirunelveli,Alwarkurichi,Town Panchayat,33,29
South Zone,Tamil Nadu,Tirunelveli,Ambasamudram,Town Panchayat,33,29
South Zone,Tamil Nadu,Tirunelveli,Aygudi,Town Panchayat,33,29
South Zone,Tamil Nadu,Tirunelveli,Cheranmadevi,Town Panchayat,33,29
South Zone,Tamil Nadu,Tirunelveli,Courtalam,Town Panchayat,33,29
South Zone,Tamil Nadu,Tirunelveli,Eruvadi,Town Panchayat,33,29
South Zone,Tamil Nadu,Tirunelveli,Gopalasamudram,Town Panchayat,33,29
South Zone,Tamil Nadu,Tirunelveli,Ilanji,Town Panchayat,33,29
South Zone,Tamil Nadu,Tirunelveli,Kadayanallur,Municipality,33,29
South Zone,Tamil Nadu,Tirunelveli,Kalakkad,Town Panchayat,33,29
South Zone,Tamil Nadu,Tirunelveli,Kalladaikurichi,Town Panchayat,33,29
South Zone,Tamil Nadu,Tirunelveli,Keezhapavur,Town Panchayat,33,29
South Zone,Tamil Nadu,Tirunelveli,Manimutharu,Town Panchayat,33,29
South Zone,Tamil Nadu,Tirunelveli,Melacheval,Town Panchayat,33,29
South Zone,Tamil Nadu,Tirunelveli,Melagaram,Town Panchayat,33,29
South Zone,Tamil Nadu,Tirunelveli,Moolakaraipatti,Town Panchayat,33,29
South Zone,Tamil Nadu,Tirunelveli,Mukkudal,Town Panchayat,33,29
South Zone,Tamil Nadu,Tirunelveli,Nanguneri,Town Panchayat,33,29
South Zone,Tamil Nadu,Tirunelveli,Naranammalpuram,Town Panchayat,33,29
South Zone,Tamil Nadu,Tirunelveli,Panagudi,Town Panchayat,33,29
South Zone,Tamil Nadu,Tirunelveli,Panboli,Town Panchayat,33,29
South Zone,Tamil Nadu,Tirunelveli,Pathamadai,Town Panchayat,33,29
South Zone,Tamil Nadu,Tirunelveli,Pudur (S),Town Panchayat,33,29
South Zone,Tamil Nadu,Tirunelveli,Puliyankudi,Municipality,33,29
South Zone,Tamil Nadu,Tirunelveli,Rayagiri,Town Panchayat,33,29
South Zone,Tamil Nadu,Tirunelveli,Sambavar Vadagarai,Town Panchayat,33,29
South Zone,Tamil Nadu,Tirunelveli,Sankarankoil,Municipality,33,29
South Zone,Tamil Nadu,Tirunelveli,Sankarnagar,Town Panchayat,33,29
South Zone,Tamil Nadu,Tirunelveli,Shenkottai,Municipality,33,29
South Zone,Tamil Nadu,Tirunelveli,Sivagiri,Town Panchayat,33,29
South Zone,Tamil Nadu,Tirunelveli,Sivanthipuram,Town Panchayat,33,29
South Zone,Tamil Nadu,Tirunelveli,Sundarapandiapuram,Town Panchayat,33,29
South Zone,Tamil Nadu,Tirunelveli,Surandai,Town Panchayat,33,29
South Zone,Tamil Nadu,Tirunelveli,Tenkasi,Municipality,33,29
South Zone,Tamil Nadu,Tirunelveli,Thirukarungudi,Town Panchayat,33,29
South Zone,Tamil Nadu,Tirunelveli,Thiruvenkatam,Town Panchayat,33,29
South Zone,Tamil Nadu,Tirunelveli,Thisayanvilai,Town Panchayat,33,29
South Zone,Tamil Nadu,Tirunelveli,Tirunelveli,Municipal Corporation,33,29
South Zone,Tamil Nadu,Tirunelveli,Vadakarai Keezhpadugai,Town Panchayat,33,29
South Zone,Tamil Nadu,Tirunelveli,Vadakkuvalliyur,Town Panchayat,33,29
South Zone,Tamil Nadu,Tirunelveli,Vasudevanallur,Town Panchayat,33,29
South Zone,Tamil Nadu,Tirunelveli,Veeravanallur,Town Panchayat,33,29
South Zone,Tamil Nadu,Tirunelveli,Vikramasingapuram,Town Panchayat,33,29
South Zone,Tamil Nadu,Tiruvanamalai,Arani,Municipality,33,6
South Zone,Tamil Nadu,Tiruvanamalai,Chengam,Town Panchayat,33,6
South Zone,Tamil Nadu,Tiruvanamalai,Chetpet,Town Panchayat,33,6
South Zone,Tamil Nadu,Tiruvanamalai,Desur,Town Panchayat,33,6
South Zone,Tamil Nadu,Tiruvanamalai,Dusi,Census Town,33,6
South Zone,Tamil Nadu,Tiruvanamalai,Kalambur,Town Panchayat,33,6
South Zone,Tamil Nadu,Tiruvanamalai,Kannamangalam,Town Panchayat,33,6
South Zone,Tamil Nadu,Tiruvanamalai,Kilpennathur,Town Panchayat,33,6
South Zone,Tamil Nadu,Tiruvanamalai,Peranamallur,Town Panchayat,33,6
South Zone,Tamil Nadu,Tiruvanamalai,Polur,Town Panchayat,33,6
South Zone,Tamil Nadu,Tiruvanamalai,Pudupalayam,Town Panchayat,33,6
South Zone,Tamil Nadu,Tiruvanamalai,Sathiyavijayanagaram,Census Town,33,6
South Zone,Tamil Nadu,Tiruvanamalai,Tiruvannamalai,Municipality,33,6
South Zone,Tamil Nadu,Tiruvanamalai,Tiruvethipuram,Municipality,33,6
South Zone,Tamil Nadu,Tiruvanamalai,Vandavasi,Municipality,33,6
South Zone,Tamil Nadu,Tiruvanamalai,Vettavalam,Town Panchayat,33,6
South Zone,Tamil Nadu,Toothukudi,Alwarthirunagiri,Town Panchayat,33,28
South Zone,Tamil Nadu,Toothukudi,Arumuganeri,Town Panchayat,33,28
South Zone,Tamil Nadu,Toothukudi,Athimarapatti,Town Panchayat,33,28
South Zone,Tamil Nadu,Toothukudi,Athur,Town Panchayat,33,28
South Zone,Tamil Nadu,Toothukudi,Eral,Town Panchayat,33,28
South Zone,Tamil Nadu,Toothukudi,Ettayapuram,Town Panchayat,33,28
South Zone,Tamil Nadu,Toothukudi,Iluppaiyurani,Town Panchayat,33,28
South Zone,Tamil Nadu,Toothukudi,Kadambur,Town Panchayat,33,28
South Zone,Tamil Nadu,Toothukudi,Kalugumalai,Town Panchayat,33,28
South Zone,Tamil Nadu,Toothukudi,Kanam,Town Panchayat,33,28
South Zone,Tamil Nadu,Toothukudi,Kayalpattinam,Town Panchayat,33,28
South Zone,Tamil Nadu,Toothukudi,Kayatharu,Town Panchayat,33,28
South Zone,Tamil Nadu,Toothukudi,Kovilpatti,Municipality,33,28
South Zone,Tamil Nadu,Toothukudi,Mappilaiurani,Census Town,33,28
South Zone,Tamil Nadu,Toothukudi,Muttayyapuram,Town Panchayat,33,28
South Zone,Tamil Nadu,Toothukudi,Nazerath,Town Panchayat,33,28
South Zone,Tamil Nadu,Toothukudi,Perungulam,Town Panchayat,33,28
South Zone,Tamil Nadu,Toothukudi,Sathankulam,Town Panchayat,33,28
South Zone,Tamil Nadu,Toothukudi,Sayapuram,Town Panchayat,33,28
South Zone,Tamil Nadu,Toothukudi,Srivaikuntam,Town Panchayat,33,28
South Zone,Tamil Nadu,Toothukudi,Thenthiruperai,Town Panchayat,33,28
South Zone,Tamil Nadu,Toothukudi,Thoothukkudi,Municipality,33,28
South Zone,Tamil Nadu,Toothukudi,Tiruchendur,Town Panchayat,33,28
South Zone,Tamil Nadu,Toothukudi,Udangudi,Town Panchayat,33,28
South Zone,Tamil Nadu,Toothukudi,V. Pudur,Town Panchayat,33,28
South Zone,Tamil Nadu,Toothukudi,Vilathikulam,Town Panchayat,33,28
South Zone,Tamil Nadu,Vellore,Alangayam,Town Panchayat,33,4
South Zone,Tamil Nadu,Vellore,Allapuram,Town Panchayat,33,4
South Zone,Tamil Nadu,Vellore,Ambur,Municipality,33,4
South Zone,Tamil Nadu,Vellore,Ammoor,Town Panchayat,33,4
South Zone,Tamil Nadu,Vellore,Arakonam,Municipality,33,4
South Zone,Tamil Nadu,Vellore,Arcot,Municipality,33,4
South Zone,Tamil Nadu,Vellore,Ariyur,Census Town,33,4
South Zone,Tamil Nadu,Vellore,Chettithangal,Census Town,33,4
South Zone,Tamil Nadu,Vellore,Dharapadavedu,Town Panchayat,33,4
South Zone,Tamil Nadu,Vellore,Gandhi Nagar(Katpadi Ext.),Town Panchayat,33,4
South Zone,Tamil Nadu,Vellore,Gudiyatham,Municipality,33,4
South Zone,Tamil Nadu,Vellore,Jaffrabad,Census Town,33,4
South Zone,Tamil Nadu,Vellore,Jolarpet,Town Panchayat,33,4
South Zone,Tamil Nadu,Vellore,Kalavai,Town Panchayat,33,4
South Zone,Tamil Nadu,Vellore,Kalinjur,Town Panchayat,33,4
South Zone,Tamil Nadu,Vellore,Kangeyanallur,Census Town,33,4
South Zone,Tamil Nadu,Vellore,Karugampattur,Census Town,33,4
South Zone,Tamil Nadu,Vellore,Katpadi,Town Panchayat,33,4
South Zone,Tamil Nadu,Vellore,Kaveripakkam,Town Panchayat,33,4
South Zone,Tamil Nadu,Vellore,Konavattam,Census Town,33,4
South Zone,Tamil Nadu,Vellore,Melvisharam,Town Panchayat,33,4
South Zone,Tamil Nadu,Vellore,Narasingapuram,Census Town,33,4
South Zone,Tamil Nadu,Vellore,Natrampalli,Town Panchayat,33,4
South Zone,Tamil Nadu,Vellore,Nemili,Town Panchayat,33,4
South Zone,Tamil Nadu,Vellore,Odugathur,Town Panchayat,33,4
South Zone,Tamil Nadu,Vellore,Palavansathu,Census Town,33,4
South Zone,Tamil Nadu,Vellore,Pallikonda,Town Panchayat,33,4
South Zone,Tamil Nadu,Vellore,Panapakkam,Town Panchayat,33,4
South Zone,Tamil Nadu,Vellore,Pennathur,Town Panchayat,33,4
South Zone,Tamil Nadu,Vellore,Pernampattu,Town Panchayat,33,4
South Zone,Tamil Nadu,Vellore,Perumuchi,Census Town,33,4
South Zone,Tamil Nadu,Vellore,Ranipettai,Municipality,33,4
South Zone,Tamil Nadu,Vellore,Sathuvachari,Town Panchayat,33,4
South Zone,Tamil Nadu,Vellore,Seevur,Census Town,33,4
South Zone,Tamil Nadu,Vellore,Senur,Census Town,33,4
South Zone,Tamil Nadu,Vellore,Shenbakkam,Town Panchayat,33,4
South Zone,Tamil Nadu,Vellore,Sholingur,Town Panchayat,33,4
South Zone,Tamil Nadu,Vellore,Thakkolam,Town Panchayat,33,4
South Zone,Tamil Nadu,Vellore,Thiruvalam,Town Panchayat,33,4
South Zone,Tamil Nadu,Vellore,Thorapadi,Town Panchayat,33,4
South Zone,Tamil Nadu,Vellore,Thuthipattu,Census Town,33,4
South Zone,Tamil Nadu,Vellore,Timiri,Town Panchayat,33,4
South Zone,Tamil Nadu,Vellore,Tirupathur,Municipality,33,4
South Zone,Tamil Nadu,Vellore,Uthayendram,Town Panchayat,33,4
South Zone,Tamil Nadu,Vellore,Vaniyambadi,Municipality,33,4
South Zone,Tamil Nadu,Vellore,Vellore,Municipality,33,4
South Zone,Tamil Nadu,Vellore,Vilapakkam,Town Panchayat,33,4
South Zone,Tamil Nadu,Vellore,Virupakshipuram,Census Town,33,4
South Zone,Tamil Nadu,Vellore,Walajapet,Municipality,33,4
South Zone,Tamil Nadu,Viluppuram,Ananthapuram,Town Panchayat,33,7
South Zone,Tamil Nadu,Viluppuram,Arakandanallur,Town Panchayat,33,7
South Zone,Tamil Nadu,Viluppuram,Chinnasalem,Town Panchayat,33,7
South Zone,Tamil Nadu,Viluppuram,Gingee,Town Panchayat,33,7
South Zone,Tamil Nadu,Viluppuram,Kallakkurichi,Town Panchayat,33,7
South Zone,Tamil Nadu,Viluppuram,Kottakuppam,Town Panchayat,33,7
South Zone,Tamil Nadu,Viluppuram,Manalurpet,Town Panchayat,33,7
South Zone,Tamil Nadu,Viluppuram,Marakkanam,Town Panchayat,33,7
South Zone,Tamil Nadu,Viluppuram,Sankarapuram,Town Panchayat,33,7
South Zone,Tamil Nadu,Viluppuram,Thiagadurgam,Town Panchayat,33,7
South Zone,Tamil Nadu,Viluppuram,Thiruvennainallur,Town Panchayat,33,7
South Zone,Tamil Nadu,Viluppuram,Tindivanam,Municipality,33,7
South Zone,Tamil Nadu,Viluppuram,Tirukkoyilur,Town Panchayat,33,7
South Zone,Tamil Nadu,Viluppuram,Ulundurpettai,Town Panchayat,33,7
South Zone,Tamil Nadu,Viluppuram,Vadakkanandal,Town Panchayat,33,7
South Zone,Tamil Nadu,Viluppuram,Valavanur,Town Panchayat,33,7
South Zone,Tamil Nadu,Viluppuram,Vikravandi,Town Panchayat,33,7
South Zone,Tamil Nadu,Viluppuram,Viluppuram,Municipality,33,7
South Zone,Tamil Nadu,Virudhunagar,Alangulam,Town Panchayat,33,26
South Zone,Tamil Nadu,Virudhunagar,Anaiyur,Town Panchayat,33,26
South Zone,Tamil Nadu,Virudhunagar,Aruppukkottai,Municipality,33,26
South Zone,Tamil Nadu,Virudhunagar,Chettiarpatti,Town Panchayat,33,26
South Zone,Tamil Nadu,Virudhunagar,Dhalavoipuram,Town Panchayat,33,26
South Zone,Tamil Nadu,Virudhunagar,Elayirampannai,Town Panchayat,33,26
South Zone,Tamil Nadu,Virudhunagar,Kariapatti,Town Panchayat,33,26
South Zone,Tamil Nadu,Virudhunagar,Kooraikundu,Town Panchayat,33,26
South Zone,Tamil Nadu,Virudhunagar,Mallankinaru,Town Panchayat,33,26
South Zone,Tamil Nadu,Virudhunagar,Mamsapuram,Town Panchayat,33,26
South Zone,Tamil Nadu,Virudhunagar,Naranapuram,Town Panchayat,33,26
South Zone,Tamil Nadu,Virudhunagar,Pallapatti,Town Panchayat,33,26
South Zone,Tamil Nadu,Virudhunagar,Pudupatti,Town Panchayat,33,26
South Zone,Tamil Nadu,Virudhunagar,Rajapalayam,Municipality,33,26
South Zone,Tamil Nadu,Virudhunagar,Rosalpatti,Town Panchayat,33,26
South Zone,Tamil Nadu,Virudhunagar,S.Kodikulam,Town Panchayat,33,26
South Zone,Tamil Nadu,Virudhunagar,Sattur,Municipality,33,26
South Zone,Tamil Nadu,Virudhunagar,Seithur,Town Panchayat,33,26
South Zone,Tamil Nadu,Virudhunagar,Sithurajapuram,Town Panchayat,33,26
South Zone,Tamil Nadu,Virudhunagar,Sivakasi,Municipality,33,26
South Zone,Tamil Nadu,Virudhunagar,Srivilliputhur,Municipality,33,26
South Zone,Tamil Nadu,Virudhunagar,Sundarapandiam,Town Panchayat,33,26
South Zone,Tamil Nadu,Virudhunagar,Tayilupatti,Town Panchayat,33,26
South Zone,Tamil Nadu,Virudhunagar,Thiruthangal,Town Panchayat,33,26
South Zone,Tamil Nadu,Virudhunagar,Vathirairuppu,Town Panchayat,33,26
South Zone,Tamil Nadu,Virudhunagar,Virudhunagar,Municipality,33,26
South Zone,Tamil Nadu,Virudhunagar,Viswanatham,Town Panchayat,33,26
South Zone,Telangana,Adilabad,Adilabad,Municipality,28,1
South Zone,Telangana,Adilabad,Asifabad,Census Town,28,1
South Zone,Telangana,Adilabad,Bellampalle,Municipality,28,1
South Zone,Telangana,Adilabad,Bhainsa,Municipality,28,1
South Zone,Telangana,Adilabad,Dasnapur,Census Town,28,1
South Zone,Telangana,Adilabad,Kaghaznagar,Municipality,28,1
South Zone,Telangana,Adilabad,Kyathampalle,Census Town,28,1
South Zone,Telangana,Adilabad,Madaram,Census Town,28,1
South Zone,Telangana,Adilabad,Mancherial,Municipality,28,1
South Zone,Telangana,Adilabad,Mandamarri,Municipality,28,1
South Zone,Telangana,Adilabad,Naspur,Census Town,28,1
South Zone,Telangana,Adilabad,Nirmal,Municipality,28,1
South Zone,Telangana,Adilabad,Singapur,Census Town,28,1
South Zone,Telangana,Adilabad,Tallapalle,Census Town,28,1
South Zone,Telangana,Adilabad,Teegalapahad,Census Town,28,1
South Zone,Telangana,Hyderabad,Osmania University,Census Town,28,5
South Zone,Telangana,Hyderabad,Secunderabad,Cantonment Board,28,5
South Zone,Telangana,Hyderabad and Rangareddi,Hyderabad M.Corp,Municipal Corporation,28,5 & 6
South Zone,Telangana,Karimnagar,Jagtial,Municipality,28,3
South Zone,Telangana,Karimnagar,Jallaram Kamanpur,Census Town,28,3
South Zone,Telangana,Karimnagar,Karimnagar,Municipality,28,3
South Zone,Telangana,Karimnagar,Koratla,Municipality,28,3
South Zone,Telangana,Karimnagar,Palakurthi,Census Town,28,3
South Zone,Telangana,Karimnagar,Ramagundam,Municipality,28,3
South Zone,Telangana,Karimnagar,Sirsilla,Municipality,28,3
South Zone,Telangana,Khammam,Bhadrachalam,Census Town,28,10
South Zone,Telangana,Khammam,Chatakonda,Census Town,28,10
South Zone,Telangana,Khammam,Chunchupalle,Census Town,28,10
South Zone,Telangana,Khammam,Khammam,Municipality,28,10
South Zone,Telangana,Khammam,Kothagudem,Municipality,28,10
South Zone,Telangana,Khammam,Manugur,Census Town,28,10
South Zone,Telangana,Khammam,Palwancha,Municipality,28,10
South Zone,Telangana,Khammam,Sarapaka,Census Town,28,10
South Zone,Telangana,Khammam,Yellandu,Nagar Panchayat,28,10
South Zone,Telangana,Mahbubnagar,Badepalle,Census Town,28,7
South Zone,Telangana,Mahbubnagar,Farooqnagar,Census Town,28,7
South Zone,Telangana,Mahbubnagar,Gadwal,Municipality,28,7
South Zone,Telangana,Mahbubnagar,Mahbubnagar,,28,7
South Zone,Telangana,Mahbubnagar,Nagarkurnool,Census Town,28,7
South Zone,Telangana,Mahbubnagar,Narayanpet,Nagar Panchayat,28,7
South Zone,Telangana,Mahbubnagar,Wanaparthi,Nagar Panchayat,28,7
South Zone,Telangana,Medak,Bollaram,Municipality,28,4
South Zone,Telangana,Medak,Eddumailaram,Census Town,28,4
South Zone,Telangana,Medak,Isnapur,Census Town,28,4
South Zone,Telangana,Medak,Medak,Municipality,28,4
South Zone,Telangana,Medak,Patancheru,Census Town,28,4
South Zone,Telangana,Medak,Ramachandrapuram,Census Town,28,4
South Zone,Telangana,Medak,Ramachandrapuram-Bhel Township ),Census Town,28,4
South Zone,Telangana,Medak,Sadasivpet,Municipality,28,4
South Zone,Telangana,Medak,Sangareddy,Municipality,28,4
South Zone,Telangana,Medak,Siddipet,Municipality,28,4
South Zone,Telangana,Medak,Zahirabad,Municipality,28,4
South Zone,Telangana,Nalgonda,Bhongir,Municipality,28,8
South Zone,Telangana,Nalgonda,Chandur,Census Town,28,8
South Zone,Telangana,Nalgonda,Choutuppal,Census Town,28,8
South Zone,Telangana,Nalgonda,Devarakonda,Census Town,28,8
South Zone,Telangana,Nalgonda,Miryalguda,Municipality,28,8
South Zone,Telangana,Nalgonda,Nalgonda,Municipality,28,8
South Zone,Telangana,Nalgonda,Suryapet,Municipality,28,8
South Zone,Telangana,Nalgonda,Vijayapuri (North),Census Town,28,8
South Zone,Telangana,Nalgonda,Yadagirigutta,Census Town,28,8
South Zone,Telangana,Nizamabad,Bodhan,Municipality,28,2
South Zone,Telangana,Nizamabad,Kamareddy,Municipality,28,2
South Zone,Telangana,Nizamabad,Nizamabad,Municipality,28,2
South Zone,Telangana,Rangareddi,Alwal,Municipality,28,6
South Zone,Telangana,Rangareddi,Gaddi annaram,Census Town,28,6
South Zone,Telangana,Rangareddi,Ghatkeser,Census Town,28,6
South Zone,Telangana,Rangareddi,Kapra,Municipality,28,6
South Zone,Telangana,Rangareddi,Kukatpalle,Municipality,28,6
South Zone,Telangana,Rangareddi,L.B. Nagar,Municipality,28,6
South Zone,Telangana,Rangareddi,Malkajgiri,Municipality,28,6
South Zone,Telangana,Rangareddi,Meerpet,C,28,6
South Zone,Telangana,Rangareddi,Narsingi,Census Town,28,6
South Zone,Telangana,Rangareddi,Omerkhan daira,Census Town,28,6
South Zone,Telangana,Rangareddi,Quthbullapur,Municipality,28,6
South Zone,Telangana,Rangareddi,Rajendranagar,Municipality,28,6
South Zone,Telangana,Rangareddi,Serilingampalle,Municipality,28,6
South Zone,Telangana,Rangareddi,Tandur,Municipality,28,6
South Zone,Telangana,Rangareddi,Uppal Kalan,Municipality,28,6
South Zone,Telangana,Rangareddi,Vicarabad,Nagar Panchayat,28,6
South Zone,Telangana,Warangal,Jangaon,Nagar Panchayat,28,9
South Zone,Telangana,Warangal,Warangal,Municipal Corporation,28,9
West Zone,Dadra and Nagar Haveli and Daman and Diu,Dadra & Nagar Haveli,Amli,Census Town,26,1
West Zone,Dadra and Nagar Haveli and Daman and Diu,Dadra & Nagar Haveli,Silvassa,Census Town,26,1
West Zone,Dadra and Nagar Haveli and Daman and Diu,Daman,Daman,Municipal Council,25,2
West Zone,Dadra and Nagar Haveli and Daman and Diu,Diu,Diu,Municipal Council,25,1
West Zone,Goa,North Goa,Aldona,Census Town,30,1
West Zone,Goa,North Goa,Bambolim,Census Town,30,1
West Zone,Goa,North Goa,Bandora,Census Town,30,1
West Zone,Goa,North Goa,Bicholim,Municipal Council,30,1
West Zone,Goa,North Goa,Calangute,Census Town,30,1
West Zone,Goa,North Goa,Calapor,Census Town,30,1
West Zone,Goa,North Goa,Candolim,Census Town,30,1
West Zone,Goa,North Goa,Carapur,Census Town,30,1
West Zone,Goa,North Goa,Chimbel,Census Town,30,1
West Zone,Goa,North Goa,Colvale,Census Town,30,1
West Zone,Goa,North Goa,Curti,Census Town,30,1
West Zone,Goa,North Goa,Goa Velha,Census Town,30,1
West Zone,Goa,North Goa,Guirim,Census Town,30,1
West Zone,Goa,North Goa,Mapusa,Municipal Council,30,1
West Zone,Goa,North Goa,Pale,Census Town,30,1
West Zone,Goa,North Goa,Panaji,Municipal Council,30,1
West Zone,Goa,North Goa,Parcem,Census Town,30,1
West Zone,Goa,North Goa,Penha-de-Franca,Census Town,30,1
West Zone,Goa,North Goa,Pernem,Municipal Council,30,1
West Zone,Goa,North Goa,Ponda,Municipal Council,30,1
West Zone,Goa,North Goa,Queula,Census Town,30,1
West Zone,Goa,North Goa,Reis Magos,Census Town,30,1
West Zone,Goa,North Goa,Saligao,Census Town,30,1
West Zone,Goa,North Goa,Sanquelim,Municipal Council,30,1
West Zone,Goa,North Goa,Siolim,Census Town,30,1
West Zone,Goa,North Goa,Socorro (Serula),Census Town,30,1
West Zone,Goa,North Goa,Valpoi,Municipal Council,30,1
West Zone,Goa,South Goa,Aquem,Census Town,30,2
West Zone,Goa,South Goa,Benaulim,Census Town,30,2
West Zone,Goa,South Goa,Canacona,Municipal Council,30,2
West Zone,Goa,South Goa,Chicalim,Census Town,30,2
West Zone,Goa,South Goa,Chinchinim,Census Town,30,2
West Zone,Goa,South Goa,Cuncolim,Municipal Council,30,2
West Zone,Goa,South Goa,Curchorem Cacora,Municipal Council,30,2
West Zone,Goa,South Goa,Davorlim,Census Town,30,2
West Zone,Goa,South Goa,Margao,Municipal Council,30,2
West Zone,Goa,South Goa,Mormugao,Municipal Council,30,2
West Zone,Goa,South Goa,Navelim,Census Town,30,2
West Zone,Goa,South Goa,Quepem,Municipal Council,30,2
West Zone,Goa,South Goa,Sancoale,Census Town,30,2
West Zone,Goa,South Goa,Sanguem,Municipal Council,30,2
West Zone,Goa,South Goa,Sanvordem,Census Town,30,2
West Zone,Goa,South Goa,Sao Jose-de-Areal,Census Town,30,2
West Zone,Goa,South Goa,Varca,Census Town,30,2
West Zone,Gujarat,Ahmadabad,Ahmedabad,Municipal Corporation,24,7
West Zone,Gujarat,Ahmadabad,Ahmedabad Cantonment,Cantonment Board,24,7
West Zone,Gujarat,Ahmadabad,Bavla,Municipality,24,7
West Zone,Gujarat,Ahmadabad,Bopal,Census Town,24,7
West Zone,Gujarat,Ahmadabad,Chandlodiya,Municipality,24,7
West Zone,Gujarat,Ahmadabad,Dhandhuka,Municipality,24,7
West Zone,Gujarat,Ahmadabad,Dholka,Municipality,24,7
West Zone,Gujarat,Ahmadabad,Ghatlodiya,Municipality,24,7
West Zone,Gujarat,Ahmadabad,Gota,Census Town,24,7
West Zone,Gujarat,Ahmadabad,Jodhpur,Municipality,24,7
West Zone,Gujarat,Ahmadabad,Kali,Municipality,24,7
West Zone,Gujarat,Ahmadabad,Lambha,Census Town,24,7
West Zone,Gujarat,Ahmadabad,Makarba,Census Town,24,7
West Zone,Gujarat,Ahmadabad,Memnagar,Municipality,24,7
West Zone,Gujarat,Ahmadabad,Nandej,Census Town,24,7
West Zone,Gujarat,Ahmadabad,Ramol,Municipality,24,7
West Zone,Gujarat,Ahmadabad,Ranip,Municipality,24,7
West Zone,Gujarat,Ahmadabad,Sanand,Municipality,24,7
West Zone,Gujarat,Ahmadabad,Sarkhej-Okaf,Municipality,24,7
West Zone,Gujarat,Ahmadabad,Singarva,Census Town,24,7
West Zone,Gujarat,Ahmadabad,Thaltej,Census Town,24,7
West Zone,Gujarat,Ahmadabad,Vastral,Municipality,24,7
West Zone,Gujarat,Ahmadabad,Vastrapur,Census Town,24,7
West Zone,Gujarat,Ahmadabad,Vejalpur,Municipality,24,7
West Zone,Gujarat,Ahmadabad,Viramgam,Municipality,24,7
West Zone,Gujarat,Amreli,Amreli,Municipality,24,13
West Zone,Gujarat,Amreli,Bagasara,Municipality,24,13
West Zone,Gujarat,Amreli,Chalala,Municipality,24,13
West Zone,Gujarat,Amreli,Damnagar,Census Town,24,13
West Zone,Gujarat,Amreli,Jafrabad,Municipality,24,13
West Zone,Gujarat,Amreli,Lathi,Municipality,24,13
West Zone,Gujarat,Amreli,Rajula,Municipality,24,13
West Zone,Gujarat,Amreli,Savarkundla,Municipality,24,13
West Zone,Gujarat,Anand,Anand,Municipality,24,15
West Zone,Gujarat,Anand,Anklav,Municipality,24,15
West Zone,Gujarat,Anand,Boriavi,Municipality,24,15
West Zone,Gujarat,Anand,Borsad,Municipality,24,15
West Zone,Gujarat,Anand,Karamsad,Municipality,24,15
West Zone,Gujarat,Anand,Khambhat,Municipality,24,15
West Zone,Gujarat,Anand,Ode,Municipality,24,15
West Zone,Gujarat,Anand,Petlad,Municipality,24,15
West Zone,Gujarat,Anand,Umreth,Municipality,24,15
West Zone,Gujarat,Anand,Vallabh Vidhyanagar,Municipality,24,15
West Zone,Gujarat,Anand,Vasna Borsad INA,Industrial Notified Area,24,15
West Zone,Gujarat,Anand,Vitthal Udyognagar INA,Industrial Notified Area,24,15
West Zone,Gujarat,Banas Kantha,Ambaji,Census Town,24,2
West Zone,Gujarat,Banas Kantha,Deesa,Municipality,24,2
West Zone,Gujarat,Banas Kantha,Dhanera,Municipality,24,2
West Zone,Gujarat,Banas Kantha,Kanodar,Census Town,24,2
West Zone,Gujarat,Banas Kantha,Palanpur,Municipality,24,2
West Zone,Gujarat,Banas Kantha,Tharad,Municipality,24,2
West Zone,Gujarat,Bharuch,Andada,Census Town,24,21
West Zone,Gujarat,Bharuch,Anklesvar,Municipality,24,21
West Zone,Gujarat,Bharuch,Anklesvar INA,Industrial Notified Area,24,21
West Zone,Gujarat,Bharuch,Bharuch,Municipality,24,21
West Zone,Gujarat,Bharuch,Bharuch INA,Industrial Notified Area,24,21
West Zone,Gujarat,Bharuch,Jambusar,Municipality,24,21
West Zone,Gujarat,Bharuch,Maktampur,Census Town,24,21
West Zone,Gujarat,Bharuch,Palej,Census Town,24,21
West Zone,Gujarat,Bhavnagar,Alang,Census Town,24,14
West Zone,Gujarat,Bhavnagar,Bhavnagar,Municipal Committee,24,14
West Zone,Gujarat,Bhavnagar,Botad,Municipality,24,14
West Zone,Gujarat,Bhavnagar,Dhola,Census Town,24,14
West Zone,Gujarat,Bhavnagar,Gadhada,Municipality,24,14
West Zone,Gujarat,Bhavnagar,Gariadhar,Municipality,24,14
West Zone,Gujarat,Bhavnagar,Ghogha,Census Town,24,14
West Zone,Gujarat,Bhavnagar,Katpar,Census Town,24,14
West Zone,Gujarat,Bhavnagar,Mahuva,Municipality,24,14
West Zone,Gujarat,Bhavnagar,Palitana,Municipality,24,14
West Zone,Gujarat,Bhavnagar,Sihor,Municipality,24,14
West Zone,Gujarat,Bhavnagar,Talaja,Municipality,24,14
West Zone,Gujarat,Bhavnagar,Vartej,Census Town,24,14
West Zone,Gujarat,Dohad,Devgadbaria,Municipality,24,18
West Zone,Gujarat,Dohad,Dohad,Municipality,24,18
West Zone,Gujarat,Dohad,Freelandgunj,Census Town,24,18
West Zone,Gujarat,Dohad,Zalod,Municipality,24,18
West Zone,Gujarat,Gandhinagar,Adalaj,Census Town,24,6
West Zone,Gujarat,Gandhinagar,Chandkheda,Municipality,24,6
West Zone,Gujarat,Gandhinagar,Chhatral INA,Industrial Notified Area,24,6
West Zone,Gujarat,Gandhinagar,Chiloda(Naroda),Census Town,24,6
West Zone,Gujarat,Gandhinagar,Dahegam,Municipality,24,6
West Zone,Gujarat,Gandhinagar,Gandhinagar,Notified Area Committee,24,6
West Zone,Gujarat,Gandhinagar,Kalol,Municipality,24,6
West Zone,Gujarat,Gandhinagar,Kalol INA,Industrial Notified Area,24,6
West Zone,Gujarat,Gandhinagar,Mansa,Municipality,24,6
West Zone,Gujarat,Gandhinagar,Motera,Census Town,24,6
West Zone,Gujarat,Jamnagar,Aarambhada,Census Town,24,10
West Zone,Gujarat,Jamnagar,Bedi,Census Town,24,10
West Zone,Gujarat,Jamnagar,Bhanvad,Municipality,24,10
West Zone,Gujarat,Jamnagar,Dhrol,Municipality,24,10
West Zone,Gujarat,Jamnagar,Digvijaygram,Census Town,24,10
West Zone,Gujarat,Jamnagar,Dwarka,Municipality,24,10
West Zone,Gujarat,Jamnagar,Jam Jodhpur,Municipality,24,10
West Zone,Gujarat,Jamnagar,Jamnagar,Municipal Corporation,24,10
West Zone,Gujarat,Jamnagar,Kalavad,Municipality,24,10
West Zone,Gujarat,Jamnagar,Khambhalia,Municipality,24,10
West Zone,Gujarat,Jamnagar,Mithapur,Census Town,24,10
West Zone,Gujarat,Jamnagar,NavagamGhed,Municipality,24,10
West Zone,Gujarat,Jamnagar,Okha port,Census Town,24,10
West Zone,Gujarat,Jamnagar,Salaya,Municipality,24,10
West Zone,Gujarat,Jamnagar,Sikka,Census Town,24,10
West Zone,Gujarat,Jamnagar,Surajkaradi,Census Town,24,10
West Zone,Gujarat,Junagadh,Bantwa,Municipality,24,12
West Zone,Gujarat,Junagadh,Chorvad,Municipality,24,12
West Zone,Gujarat,Junagadh,Joshipura,Municipality,24,12
West Zone,Gujarat,Junagadh,Junagadh,Municipality,24,12
West Zone,Gujarat,Junagadh,Keshod,Municipality,24,12
West Zone,Gujarat,Junagadh,Kodinar,Municipality,24,12
West Zone,Gujarat,Junagadh,Manavadar,Municipality,24,12
West Zone,Gujarat,Junagadh,Mangrol,Municipality,24,12
West Zone,Gujarat,Junagadh,Una,Municipality,24,12
West Zone,Gujarat,Junagadh,Vanthali,Municipality,24,12
West Zone,Gujarat,Junagadh,Veraval,Municipality,24,12
West Zone,Gujarat,Junagadh,Visavadar,Municipality,24,12
West Zone,Gujarat,Kachchh,Anjar,Municipality,24,1
West Zone,Gujarat,Kachchh,Bhachau,Municipality,24,1
West Zone,Gujarat,Kachchh,Bhuj,Municipality,24,1
West Zone,Gujarat,Kachchh,Gandhidham,Municipality,24,1
West Zone,Gujarat,Kachchh,Kandla,Census Town,24,1
West Zone,Gujarat,Kachchh,Mandvi,Municipality,24,1
West Zone,Gujarat,Kachchh,Mundra,Census Town,24,1
West Zone,Gujarat,Kachchh,Rapar,Municipality,24,1
West Zone,Gujarat,Kheda,Balasinor,Municipality,24,16
West Zone,Gujarat,Kheda,Chaklasi,Municipality,24,16
West Zone,Gujarat,Kheda,Dakor,Municipality,24,16
West Zone,Gujarat,Kheda,Kapadvanj,Municipality,24,16
West Zone,Gujarat,Kheda,Kheda,Municipality,24,16
West Zone,Gujarat,Kheda,Mahemdavad,Municipality,24,16
West Zone,Gujarat,Kheda,Mahudha,Municipality,24,16
West Zone,Gujarat,Kheda,Nadiad,Municipality,24,16
West Zone,Gujarat,Mahesana,Aambaliyasan,Census Town,24,4
West Zone,Gujarat,Mahesana,Kadi,Municipality,24,4
West Zone,Gujarat,Mahesana,Kheralu,Municipality,24,4
West Zone,Gujarat,Mahesana,Mahesana,Municipality,24,4
West Zone,Gujarat,Mahesana,Unjha,Municipality,24,4
West Zone,Gujarat,Mahesana,Vadnagar,Municipality,24,4
West Zone,Gujarat,Mahesana,Vijapur,Municipality,24,4
West Zone,Gujarat,Mahesana,Visnagar,Municipality,24,4
West Zone,Gujarat,Narmada,Kevadiya,Census Town,24,20
West Zone,Gujarat,Narmada,Rajpipla,Municipality,24,20
West Zone,Gujarat,Narmada,Vadia,Census Town,24,20
West Zone,Gujarat,Navsari,Aantaliya,Census Town,24,24
West Zone,Gujarat,Navsari,Bilimora,Municipality,24,24
West Zone,Gujarat,Navsari,Chikhli,Census Town,24,24
West Zone,Gujarat,Navsari,Devsar,Census Town,24,24
West Zone,Gujarat,Navsari,Gandevi,Census Town,24,24
West Zone,Gujarat,Navsari,Jalalpore,Census Town,24,24
West Zone,Gujarat,Navsari,Mahuvar,Census Town,24,24
West Zone,Gujarat,Navsari,Navsari,Municipality,24,24
West Zone,Gujarat,Navsari,Vijalpor,Municipality,24,24
West Zone,Gujarat,Panch Mahals,Godhra,Municipality,24,17
West Zone,Gujarat,Panch Mahals,Halol,Municipality,24,17
West Zone,Gujarat,Panch Mahals,Kalol,Municipality,24,17
West Zone,Gujarat,Panch Mahals,Kalol INA,Industrial Notified Area,24,17
West Zone,Gujarat,Panch Mahals,Lunawada,Municipality,24,17
West Zone,Gujarat,Panch Mahals,Santrampur,Municipality,24,17
West Zone,Gujarat,Patan,Chanasma,Municipality,24,3
West Zone,Gujarat,Patan,Harij,Municipality,24,3
West Zone,Gujarat,Patan,Patan,Municipality,24,3
West Zone,Gujarat,Patan,Radhanpur,Municipality,24,3
West Zone,Gujarat,Patan,Sidhpur,Municipality,24,3
West Zone,Gujarat,Porbandar,Aadityana,Census Town,24,11
West Zone,Gujarat,Porbandar,Chhaya,Municipality,24,11
West Zone,Gujarat,Porbandar,Kutiyana,Municipality,24,11
West Zone,Gujarat,Porbandar,Porbandar,Municipality,24,11
West Zone,Gujarat,Porbandar,Ranavav,Municipality,24,11
West Zone,Gujarat,Rajkot,Bhayavadar,Municipality,24,9
West Zone,Gujarat,Rajkot,Dhoraji,Municipality,24,9
West Zone,Gujarat,Rajkot,Gondal,Municipality,24,9
West Zone,Gujarat,Rajkot,Jasdan,Municipality,24,9
West Zone,Gujarat,Rajkot,Jetpur Navagadh,Municipality,24,9
West Zone,Gujarat,Rajkot,Morvi,Municipality,24,9
West Zone,Gujarat,Rajkot,Paddhari,Census Town,24,9
West Zone,Gujarat,Rajkot,Rajkot,Municipal Corporation,24,9
West Zone,Gujarat,Rajkot,Upleta,Municipality,24,9
West Zone,Gujarat,Rajkot,Wankaner,Municipality,24,9
West Zone,Gujarat,Sabar Kantha,Himatnagar,Municipality,24,5
West Zone,Gujarat,Sabar Kantha,Idar,Municipality,24,5
West Zone,Gujarat,Sabar Kantha,Khedbrahma,Municipality,24,5
West Zone,Gujarat,Sabar Kantha,Malpur,Census Town,24,5
West Zone,Gujarat,Sabar Kantha,Meghraj,Census Town,24,5
West Zone,Gujarat,Sabar Kantha,Modasa,Municipality,24,5
West Zone,Gujarat,Sabar Kantha,Prantij,Municipality,24,5
West Zone,Gujarat,Sabar Kantha,Talod,Municipality,24,5
West Zone,Gujarat,Surat,Bardoli,Municipality,24,22
West Zone,Gujarat,Surat,Chalthan,Census Town,24,22
West Zone,Gujarat,Surat,Chhaprabhatha,Census Town,24,22
West Zone,Gujarat,Surat,Hajira INA,Industrial Notified Area,24,22
West Zone,Gujarat,Surat,Ichchhapor,Census Town,24,22
West Zone,Gujarat,Surat,Kadodara,Census Town,24,22
West Zone,Gujarat,Surat,Kosamba,Census Town,24,22
West Zone,Gujarat,Surat,Limla,Census Town,24,22
West Zone,Gujarat,Surat,Parvat,Census Town,24,22
West Zone,Gujarat,Surat,Sachin,Census Town,24,22
West Zone,Gujarat,Surat,Sachin INA,Industrial Notified Area,24,22
West Zone,Gujarat,Surat,Sayan,Census Town,24,22
West Zone,Gujarat,Surat,Songadh,Municipality,24,22
West Zone,Gujarat,Surat,Surat,Municipal Corporation,24,22
West Zone,Gujarat,Surat,Ukai,Census Town,24,22
West Zone,Gujarat,Surat,Un,Census Town,24,22
West Zone,Gujarat,Surat,Utran,Census Town,24,22
West Zone,Gujarat,Surat,Vyara,Municipality,24,22
West Zone,Gujarat,Surendranagar,Dhrangadhra,Municipality,24,8
West Zone,Gujarat,Surendranagar,Halvad,Municipality,24,8
West Zone,Gujarat,Surendranagar,Kharaghoda,Census Town,24,8
West Zone,Gujarat,Surendranagar,Limbdi,Municipality,24,8
West Zone,Gujarat,Surendranagar,Surendranagar Dudhrej,Municipality,24,8
West Zone,Gujarat,Surendranagar,Thangadh,Municipality,24,8
West Zone,Gujarat,Surendranagar,Wadhwan,Municipality,24,8
West Zone,Gujarat,Vadodara,Bajva,Census Town,24,19
West Zone,Gujarat,Vadodara,Bodeli,Census Town,24,19
West Zone,Gujarat,Vadodara,Chhota Udaipur,Municipality,24,19
West Zone,Gujarat,Vadodara,Dabhoi,Municipality,24,19
West Zone,Gujarat,Vadodara,GSFC Complex INA,Industrial Notified Area,24,19
West Zone,Gujarat,Vadodara,Jawaharnagar (Gujarat Refinery),Industrial Notified Area,24,19
West Zone,Gujarat,Vadodara,Karachiya,Census Town,24,19
West Zone,Gujarat,Vadodara,Karjan,Municipality,24,19
West Zone,Gujarat,Vadodara,Nandesari,Census Town,24,19
West Zone,Gujarat,Vadodara,Nandesari INA,Industrial Notified Area,24,19
West Zone,Gujarat,Vadodara,Padra,Municipality,24,19
West Zone,Gujarat,Vadodara,Petro Chemical Complex INA,Industrial Notified Area,24,19
West Zone,Gujarat,Vadodara,Ranoli,Census Town,24,19
West Zone,Gujarat,Vadodara,Tarsali,Census Town,24,19
West Zone,Gujarat,Vadodara,Vadodara,Municipal Corporation,24,19
West Zone,Gujarat,Vadodara,Vaghodia INA,Industrial Notified Area,24,19
West Zone,Gujarat,Valsad,Abrama,Census Town,24,25
West Zone,Gujarat,Valsad,Atul,N.M.,24,25
West Zone,Gujarat,Valsad,Chala,Census Town,24,25
West Zone,Gujarat,Valsad,Chanod,Census Town,24,25
West Zone,Gujarat,Valsad,Dharampur,Municipality,24,25
West Zone,Gujarat,Valsad,Dungra,Census Town,24,25
West Zone,Gujarat,Valsad,Mogravadi,Census Town,24,25
West Zone,Gujarat,Valsad,Nanakvada,Census Town,24,25
West Zone,Gujarat,Valsad,Pardi,Municipality,24,25
West Zone,Gujarat,Valsad,Parnera,Census Town,24,25
West Zone,Gujarat,Valsad,Sarigam INA,Industrial Notified Area,24,25
West Zone,Gujarat,Valsad,Umbergaon,Census Town,24,25
West Zone,Gujarat,Valsad,Umbergaon INA,Industrial Notified Area,24,25
West Zone,Gujarat,Valsad,Valsad,Municipality,24,25
West Zone,Gujarat,Valsad,Valsad INA,Industrial Notified Area,24,25
West Zone,Gujarat,Valsad,Vapi,Municipality,24,25
West Zone,Gujarat,Valsad,Vapi INA,Industrial Notified Area,24,25
West Zone,Maharashtra,Ahmadnagar,Ahmadnagar,Municipal Council,27,26
West Zone,Maharashtra,Ahmadnagar,Bhingar,Census Town,27,26
West Zone,Maharashtra,Ahmadnagar,Deolali Pravara,Municipal Council,27,26
West Zone,Maharashtra,Ahmadnagar,Ghulewadi,Census Town,27,26
West Zone,Maharashtra,Ahmadnagar,Jamkhed,Census Town,27,26
West Zone,Maharashtra,Ahmadnagar,Kopargaon,Municipal Council,27,26
West Zone,Maharashtra,Ahmadnagar,Nagapur,Census Town,27,26
West Zone,Maharashtra,Ahmadnagar,Nagardeole,Census Town,27,26
West Zone,Maharashtra,Ahmadnagar,Pathardi,Municipal Council,27,26
West Zone,Maharashtra,Ahmadnagar,Rahta Pimplas,Municipal Council,27,26
West Zone,Maharashtra,Ahmadnagar,Rahuri,Municipal Council,27,26
West Zone,Maharashtra,Ahmadnagar,Sangamner,Municipal Council,27,26
West Zone,Maharashtra,Ahmadnagar,Shirdi,Municipal Council,27,26
West Zone,Maharashtra,Ahmadnagar,Shrigonda,Municipal Council,27,26
West Zone,Maharashtra,Ahmadnagar,Shrirampur,Municipal Council,27,26
West Zone,Maharashtra,Ahmadnagar,Shrirampur(Rural),Census Town,27,26
West Zone,Maharashtra,Ahmadnagar,Singnapur,Census Town,27,26
West Zone,Maharashtra,Akola,Akola,Municipal Council,27,5
West Zone,Maharashtra,Akola,Akot,Municipal Council,27,5
West Zone,Maharashtra,Akola,Balapur,Municipal Council,27,5
West Zone,Maharashtra,Akola,Malkapur,Census Town,27,5
West Zone,Maharashtra,Akola,Murtijapur,Municipal Council,27,5
West Zone,Maharashtra,Akola,Patur,Municipal Council,27,5
West Zone,Maharashtra,Akola,Telhara,Municipal Council,27,5
West Zone,Maharashtra,Akola,Umri Pragane Balapur,Census Town,27,5
West Zone,Maharashtra,Amravati,Achalpur,Municipal Council,27,7
West Zone,Maharashtra,Amravati,Amravati,Municipal Corporation,27,7
West Zone,Maharashtra,Amravati,Anjangaon,Municipal Council,27,7
West Zone,Maharashtra,Amravati,Chandur,Municipal Council,27,7
West Zone,Maharashtra,Amravati,Chandurbazar,Municipal Council,27,7
West Zone,Maharashtra,Amravati,Chikhaldara,Municipal Council,27,7
West Zone,Maharashtra,Amravati,Daryapur Banosa,Municipal Council,27,7
West Zone,Maharashtra,Amravati,Dattapur Dhamangaon,Municipal Council,27,7
West Zone,Maharashtra,Amravati,Morshi,Municipal Council,27,7
West Zone,Maharashtra,Amravati,Shendurjana,Municipal Council,27,7
West Zone,Maharashtra,Amravati,Warud,Municipal Council,27,7
West Zone,Maharashtra,Aurangabad,Aurangabad,Municipal Corporation,27,19
West Zone,Maharashtra,Aurangabad,Gangapur,Municipal Council,27,19
West Zone,Maharashtra,Aurangabad,Kannad,Municipal Council,27,19
West Zone,Maharashtra,Aurangabad,Khuldabad,Municipal Council,27,19
West Zone,Maharashtra,Aurangabad,Paithan,Municipal Council,27,19
West Zone,Maharashtra,Aurangabad,Pandharpur,Census Town,27,19
West Zone,Maharashtra,Aurangabad,Sillod,Municipal Council,27,19
West Zone,Maharashtra,Aurangabad,Vaijapur,Municipal Council,27,19
West Zone,Maharashtra,Bhandara,Bhandara,Municipal Council,27,10
West Zone,Maharashtra,Bhandara,Dewhadi,Census Town,27,10
West Zone,Maharashtra,Bhandara,Ganeshpur,Census Town,27,10
West Zone,Maharashtra,Bhandara,Pauni,Municipal Council,27,10
West Zone,Maharashtra,Bhandara,Sawari Jawharnagar,Census Town,27,10
West Zone,Maharashtra,Bhandara,Tumsar,Municipal Council,27,10
West Zone,Maharashtra,Bid,Ambejogai,Municipal Council,27,27
West Zone,Maharashtra,Bid,Bid,Municipal Council,27,27
West Zone,Maharashtra,Bid,Dharur,Municipal Council,27,27
West Zone,Maharashtra,Bid,Georai,Municipal Council,27,27
West Zone,Maharashtra,Bid,Manjlegaon,Municipal Council,27,27
West Zone,Maharashtra,Bid,Parli,Municipal Council,27,27
West Zone,Maharashtra,Buldana,Buldana,Municipal Council,27,4
West Zone,Maharashtra,Buldana,Chikhli,Municipal Council,27,4
West Zone,Maharashtra,Buldana,Deulgaon Raja,Municipal Council,27,4
West Zone,Maharashtra,Buldana,Jalgaon (Jamod),Municipal Council,27,4
West Zone,Maharashtra,Buldana,Khamgaon,Municipal Council,27,4
West Zone,Maharashtra,Buldana,Lonar,Municipal Council,27,4
West Zone,Maharashtra,Buldana,Malkapur,Municipal Council,27,4
West Zone,Maharashtra,Buldana,Mehkar,Municipal Council,27,4
West Zone,Maharashtra,Buldana,Nandura,Municipal Council,27,4
West Zone,Maharashtra,Buldana,Shegaon,Municipal Council,27,4
West Zone,Maharashtra,Buldana,Sindkhed Raja,Municipal Council,27,4
West Zone,Maharashtra,Chandrapur,Ballarpur,Municipal Council,27,13
West Zone,Maharashtra,Chandrapur,Bhadravati,Municipal Council,27,13
West Zone,Maharashtra,Chandrapur,Brahmapuri,Municipal Council,27,13
West Zone,Maharashtra,Chandrapur,Chandrapur,Municipal Council,27,13
West Zone,Maharashtra,Chandrapur,Chandur,Census Town,27,13
West Zone,Maharashtra,Chandrapur,Durgapur,Census Town,27,13
West Zone,Maharashtra,Chandrapur,Ghugus,Census Town,27,13
West Zone,Maharashtra,Chandrapur,Kondumal,Census Town,27,13
West Zone,Maharashtra,Chandrapur,Mul,Municipal Council,27,13
West Zone,Maharashtra,Chandrapur,Nakoda,Census Town,27,13
West Zone,Maharashtra,Chandrapur,Rajura,Municipal Council,27,13
West Zone,Maharashtra,Chandrapur,Sasti,Census Town,27,13
West Zone,Maharashtra,Chandrapur,Shivajinagar,Municipal Council,27,13
West Zone,Maharashtra,Chandrapur,Warora,Municipal Council,27,13
West Zone,Maharashtra,Dhule,Dhule,Municipal Council,27,2
West Zone,Maharashtra,Dhule,Dondaicha-Warwade,Municipal Council,27,2
West Zone,Maharashtra,Dhule,Shirpur-Warwade,Municipal Council,27,2
West Zone,Maharashtra,Gadchiroli,Desaiganj,Municipal Council,27,12
West Zone,Maharashtra,Gadchiroli,Gadchiroli,Municipal Council,27,12
West Zone,Maharashtra,Gondiya,Gondiya,Municipal Council,27,11
West Zone,Maharashtra,Gondiya,Tirora,Municipal Council,27,11
West Zone,Maharashtra,Hingoli,Babhulgaon,Census Town,27,16
West Zone,Maharashtra,Hingoli,Basmath,Municipal Council,27,16
West Zone,Maharashtra,Hingoli,Hingoli,Municipal Council,27,16
West Zone,Maharashtra,Hingoli,Kalamnuri,Municipal Council,27,16
West Zone,Maharashtra,Jalgaon,Amalner,Municipal Council,27,3
West Zone,Maharashtra,Jalgaon,Bhusawal,Municipal Council,27,3
West Zone,Maharashtra,Jalgaon,Chalisgaon,Municipal Council,27,3
West Zone,Maharashtra,Jalgaon,Chopda,Municipal Council,27,3
West Zone,Maharashtra,Jalgaon,Dharangaon,Municipal Council,27,3
West Zone,Maharashtra,Jalgaon,Erandol,Municipal Council,27,3
West Zone,Maharashtra,Jalgaon,Faizpur,Municipal Council,27,3
West Zone,Maharashtra,Jalgaon,Jalgaon,Municipal Council,27,3
West Zone,Maharashtra,Jalgaon,Kandari,Census Town,27,3
West Zone,Maharashtra,Jalgaon,Nimbhore Budruk,Census Town,27,3
West Zone,Maharashtra,Jalgaon,Pachora,Municipal Council,27,3
West Zone,Maharashtra,Jalgaon,Parola,Municipal Council,27,3
West Zone,Maharashtra,Jalgaon,Raver,Municipal Council,27,3
West Zone,Maharashtra,Jalgaon,Savda,Municipal Council,27,3
West Zone,Maharashtra,Jalgaon,Yawal,Municipal Council,27,3
West Zone,Maharashtra,Jalna,Ambad,Municipal Council,27,18
West Zone,Maharashtra,Jalna,Bhokardan,Municipal Council,27,18
West Zone,Maharashtra,Jalna,Jalna,Municipal Council,27,18
West Zone,Maharashtra,Jalna,Partur,Municipal Council,27,18
West Zone,Maharashtra,Kolhapur,Ajra,Census Town,27,34
West Zone,Maharashtra,Kolhapur,Gadhinglaj,Municipal Council,27,34
West Zone,Maharashtra,Kolhapur,Gandhinagar,Census Town,27,34
West Zone,Maharashtra,Kolhapur,Hupari,Census Town,27,34
West Zone,Maharashtra,Kolhapur,Ichalkaranji,Municipal Council,27,34
West Zone,Maharashtra,Kolhapur,Jaysingpur,Municipal Council,27,34
West Zone,Maharashtra,Kolhapur,Kabnur,Census Town,27,34
West Zone,Maharashtra,Kolhapur,Kagal,Municipal Council,27,34
West Zone,Maharashtra,Kolhapur,Kalambe Turf Thane,Census Town,27,34
West Zone,Maharashtra,Kolhapur,Kolhapur,Municipal Corporation,27,34
West Zone,Maharashtra,Kolhapur,Korochi,Census Town,27,34
West Zone,Maharashtra,Kolhapur,Kurundvad,Municipal Council,27,34
West Zone,Maharashtra,Kolhapur,Malkapur,Municipal Council,27,34
West Zone,Maharashtra,Kolhapur,Murgud,Municipal Council,27,34
West Zone,Maharashtra,Kolhapur,Pachgaon,Census Town,27,34
West Zone,Maharashtra,Kolhapur,Panhala,Municipal Council,27,34
West Zone,Maharashtra,Kolhapur,Uchgaon,Census Town,27,34
West Zone,Maharashtra,Kolhapur,Vadgaon Kasba,Municipal Council,27,34
West Zone,Maharashtra,Latur,Ahmadpur,Municipal Council,27,28
West Zone,Maharashtra,Latur,Ausa,Municipal Council,27,28
West Zone,Maharashtra,Latur,Latur,Municipal Council,27,28
West Zone,Maharashtra,Latur,Nilanga,Municipal Council,27,28
West Zone,Maharashtra,Latur,Udgir,Municipal Council,27,28
West Zone,Maharashtra,Mumbai (Suburban) and Mumbai,Greater Mumbai,Municipal Corporation,27,22 & 23
West Zone,Maharashtra,Nagpur,Chicholi,Census Town,27,9
West Zone,Maharashtra,Nagpur,Davlameti,Census Town,27,9
West Zone,Maharashtra,Nagpur,Digdoh,Census Town,27,9
West Zone,Maharashtra,Nagpur,Kalameshwar,Municipal Council,27,9
West Zone,Maharashtra,Nagpur,Kamptee,Municipal Council,27,9
West Zone,Maharashtra,Nagpur,Kandri,Census Town,27,9
West Zone,Maharashtra,Nagpur,Kanhan (Pipri),Census Town,27,9
West Zone,Maharashtra,Nagpur,Katol,Municipal Council,27,9
West Zone,Maharashtra,Nagpur,Khapa,Municipal Council,27,9
West Zone,Maharashtra,Nagpur,Mahadula,Census Town,27,9
West Zone,Maharashtra,Nagpur,Mansar,Census Town,27,9
West Zone,Maharashtra,Nagpur,Mohpa,Municipal Council,27,9
West Zone,Maharashtra,Nagpur,Mowad,Municipal Council,27,9
West Zone,Maharashtra,Nagpur,Nagpur,Municipal Corporation,27,9
West Zone,Maharashtra,Nagpur,Narkhed,Municipal Council,27,9
West Zone,Maharashtra,Nagpur,Nildoh,Census Town,27,9
West Zone,Maharashtra,Nagpur,Ramtek,Municipal Council,27,9
West Zone,Maharashtra,Nagpur,Savner,Municipal Council,27,9
West Zone,Maharashtra,Nagpur,Sillewada,Census Town,27,9
West Zone,Maharashtra,Nagpur,Sonegaon (Nipani),Census Town,27,9
West Zone,Maharashtra,Nagpur,Tekadi,Census Town,27,9
West Zone,Maharashtra,Nagpur,Totaladoh,Census Town,27,9
West Zone,Maharashtra,Nagpur,Umred,Municipal Council,27,9
West Zone,Maharashtra,Nagpur,Wadi,Census Town,27,9
West Zone,Maharashtra,Nagpur,Walani,Census Town,27,9
West Zone,Maharashtra,Nagpur,Wanadongri,Census Town,27,9
West Zone,Maharashtra,Nagpur,Yerkheda,Census Town,27,9
West Zone,Maharashtra,Nanded,Biloli,Municipal Council,27,15
West Zone,Maharashtra,Nanded,Deglur,Municipal Council,27,15
West Zone,Maharashtra,Nanded,Dharmabad,Municipal Council,27,15
West Zone,Maharashtra,Nanded,Hadgaon,Municipal Council,27,15
West Zone,Maharashtra,Nanded,Kandhar,Municipal Council,27,15
West Zone,Maharashtra,Nanded,Kinwat,Municipal Council,27,15
West Zone,Maharashtra,Nanded,Kundalwadi,Municipal Council,27,15
West Zone,Maharashtra,Nanded,Loha,Municipal Council,27,15
West Zone,Maharashtra,Nanded,Mudkhed,Municipal Council,27,15
West Zone,Maharashtra,Nanded,Mukhed,Municipal Council,27,15
West Zone,Maharashtra,Nanded,Nanded-Waghala,Municipal Corporation,27,15
West Zone,Maharashtra,Nanded,Peth Umri,Municipal Council,27,15
West Zone,Maharashtra,Nanded,Wajegaon,Census Town,27,15
West Zone,Maharashtra,Nandurbar,Nandurbar,Municipal Council,27,1
West Zone,Maharashtra,Nandurbar,Nawapur,Municipal Council,27,1
West Zone,Maharashtra,Nandurbar,Purushottamnagar,Census Town,27,1
West Zone,Maharashtra,Nandurbar,Shahade,Municipal Council,27,1
West Zone,Maharashtra,Nandurbar,Talode,Municipal Council,27,1
West Zone,Maharashtra,Nashik,Bhagur,Municipal Council,27,20
West Zone,Maharashtra,Nashik,Deolali,Census Town,27,20
West Zone,Maharashtra,Nashik,Dyane,Census Town,27,20
West Zone,Maharashtra,Nashik,Eklahare,Census Town,27,20
West Zone,Maharashtra,Nashik,Ghoti Budruk,Census Town,27,20
West Zone,Maharashtra,Nashik,Igatpuri,Municipal Council,27,20
West Zone,Maharashtra,Nashik,Lasalgaon,Census Town,27,20
West Zone,Maharashtra,Nashik,Malegaon,Municipal Council,27,20
West Zone,Maharashtra,Nashik,Manmad,Municipal Council,27,20
West Zone,Maharashtra,Nashik,Nandgaon,Municipal Council,27,20
West Zone,Maharashtra,Nashik,Nashik,Municipal Corporation,27,20
West Zone,Maharashtra,Nashik,Ozar,Census Town,27,20
West Zone,Maharashtra,Nashik,Satana,Municipal Council,27,20
West Zone,Maharashtra,Nashik,Sinnar,Municipal Council,27,20
West Zone,Maharashtra,Nashik,Soyagaon,Census Town,27,20
West Zone,Maharashtra,Nashik,Surgana,Census Town,27,20
West Zone,Maharashtra,Nashik,Trimbak,Municipal Council,27,20
West Zone,Maharashtra,Nashik,Yevla,Municipal Council,27,20
West Zone,Maharashtra,Osmanabad,Bhum,Municipal Council,27,29
West Zone,Maharashtra,Osmanabad,Kalamb,Municipal Council,27,29
West Zone,Maharashtra,Osmanabad,Murum,Municipal Council,27,29
West Zone,Maharashtra,Osmanabad,Naldurg,Municipal Council,27,29
West Zone,Maharashtra,Osmanabad,Osmanabad,Municipal Council,27,29
West Zone,Maharashtra,Osmanabad,Paranda,Municipal Council,27,29
West Zone,Maharashtra,Osmanabad,Tuljapur,Municipal Council,27,29
West Zone,Maharashtra,Osmanabad,Umarga,Municipal Council,27,29
West Zone,Maharashtra,Parbhani,Gangakhed,Municipal Council,27,17
West Zone,Maharashtra,Parbhani,Jintur,Municipal Council,27,17
West Zone,Maharashtra,Parbhani,Manwath,Municipal Council,27,17
West Zone,Maharashtra,Parbhani,Parbhani,Municipal Council,27,17
West Zone,Maharashtra,Parbhani,Pathri,Municipal Council,27,17
West Zone,Maharashtra,Parbhani,Purna,Municipal Council,27,17
West Zone,Maharashtra,Parbhani,Sailu,Municipal Council,27,17
West Zone,Maharashtra,Parbhani,Sonpeth,Municipal Council,27,17
West Zone,Maharashtra,Pune,Alandi,Municipal Council,27,25
West Zone,Maharashtra,Pune,Baramati,Municipal Council,27,25
West Zone,Maharashtra,Pune,Bhor,Municipal Council,27,25
West Zone,Maharashtra,Pune,Chakan,Census Town,27,25
West Zone,Maharashtra,Pune,Daund,Municipal Council,27,25
West Zone,Maharashtra,Pune,Dehu,Census Town,27,25
West Zone,Maharashtra,Pune,Dehu Road,Cantonment Board,27,25
West Zone,Maharashtra,Pune,Indapur,Municipal Council,27,25
West Zone,Maharashtra,Pune,Jejuri,Municipal Council,27,25
West Zone,Maharashtra,Pune,Junnar,Municipal Council,27,25
West Zone,Maharashtra,Pune,Khadkale,Census Town,27,25
West Zone,Maharashtra,Pune,Kirkee,Cantonment Board,27,25
West Zone,Maharashtra,Pune,Kusgaon Budruk,Census Town,27,25
West Zone,Maharashtra,Pune,Lonavala,Municipal Council,27,25
West Zone,Maharashtra,Pune,Manchar,Census Town,27,25
West Zone,Maharashtra,Pune,Pimpri Chinchwad,Municipal Corporation,27,25
West Zone,Maharashtra,Pune,Pune,Municipal Corporation,27,25
West Zone,Maharashtra,Pune,Rajgurunagar (Khed),Census Town,27,25
West Zone,Maharashtra,Pune,Sasvad,Municipal Council,27,25
West Zone,Maharashtra,Pune,Shirur,Municipal Council,27,25
West Zone,Maharashtra,Pune,Shivatkar (Nira),Census Town,27,25
West Zone,Maharashtra,Pune,Talegaon Dabhade,Municipal Council,27,25
West Zone,Maharashtra,Pune,Tathavade,Census Town,27,25
West Zone,Maharashtra,Pune,Vadgaon,Census Town,27,25
West Zone,Maharashtra,Raigarh,Alibag,Municipal Council,27,24
West Zone,Maharashtra,Raigarh,Ambivali Tarf Wankhal,Census Town,27,24
West Zone,Maharashtra,Raigarh,Birwadi,Census Town,27,24
West Zone,Maharashtra,Raigarh,Dhatau,Census Town,27,24
West Zone,Maharashtra,Raigarh,Goregaon,Census Town,27,24
West Zone,Maharashtra,Raigarh,Kalundre,Census Town,27,24
West Zone,Maharashtra,Raigarh,Karjat,Municipal Council,27,24
West Zone,Maharashtra,Raigarh,Kegaon,Census Town,27,24
West Zone,Maharashtra,Raigarh,Khopoli,Municipal Council,27,24
West Zone,Maharashtra,Raigarh,Mahad,Municipal Council,27,24
West Zone,Maharashtra,Raigarh,Matheran,Municipal Council,27,24
West Zone,Maharashtra,Raigarh,Mhasla,Census Town,27,24
West Zone,Maharashtra,Raigarh,Mohpada Alias Wasambe,Census Town,27,24
West Zone,Maharashtra,Raigarh,Murud,Municipal Council,27,24
West Zone,Maharashtra,Raigarh,Nagothana,Census Town,27,24
West Zone,Maharashtra,Raigarh,"Navi Mumbai (Panvel, Raigarh)",Census Town,27,24
West Zone,Maharashtra,Raigarh,Neral,Census Town,27,24
West Zone,Maharashtra,Raigarh,Pali,Census Town,27,24
West Zone,Maharashtra,Raigarh,Panvel,Municipal Council,27,24
West Zone,Maharashtra,Raigarh,Pen,Municipal Council,27,24
West Zone,Maharashtra,Raigarh,Poladpur,Census Town,27,24
West Zone,Maharashtra,Raigarh,Roha Ashtami,Municipal Council,27,24
West Zone,Maharashtra,Raigarh,Shrivardhan,Municipal Council,27,24
West Zone,Maharashtra,Raigarh,Taloje Panchnad,Census Town,27,24
West Zone,Maharashtra,Raigarh,Uran,Municipal Council,27,24
West Zone,Maharashtra,Raigarh,Utekhol,Census Town,27,24
West Zone,Maharashtra,Ratnagiri,Chiplun,Municipal Council,27,32
West Zone,Maharashtra,Ratnagiri,Dapoli Camp,Census Town,27,32
West Zone,Maharashtra,Ratnagiri,Guhagar,Census Town,27,32
West Zone,Maharashtra,Ratnagiri,Jalgaon,Census Town,27,32
West Zone,Maharashtra,Ratnagiri,Khed,Municipal Council,27,32
West Zone,Maharashtra,Ratnagiri,Kherdi,Census Town,27,32
West Zone,Maharashtra,Ratnagiri,Lanja,Census Town,27,32
West Zone,Maharashtra,Ratnagiri,Nachane,Census Town,27,32
West Zone,Maharashtra,Ratnagiri,Rajapur,Municipal Council,27,32
West Zone,Maharashtra,Ratnagiri,Ratnagiri,Municipal Council,27,32
West Zone,Maharashtra,Sangli,Ashta,Municipal Council,27,35
West Zone,Maharashtra,Sangli,Budhgaon,Census Town,27,35
West Zone,Maharashtra,Sangli,Madhavnagar,Census Town,27,35
West Zone,Maharashtra,Sangli,Manadur,Census Town,27,35
West Zone,Maharashtra,Sangli,Sangli-Miraj & Kupwad,Municipal Corporation,27,35
West Zone,Maharashtra,Sangli,Tasgaon,Municipal Council,27,35
West Zone,Maharashtra,Sangli,Uran Islampur,Municipal Council,27,35
West Zone,Maharashtra,Sangli,Vita,Municipal Council,27,35
West Zone,Maharashtra,Satara,Godoli,Census Town,27,31
West Zone,Maharashtra,Satara,Karad,Municipal Council,27,31
West Zone,Maharashtra,Satara,Karanje Turf Satara,Census Town,27,31
West Zone,Maharashtra,Satara,Khed,Census Town,27,31
West Zone,Maharashtra,Satara,Kodoli,Census Town,27,31
West Zone,Maharashtra,Satara,Mahabaleshwar,Municipal Council,27,31
West Zone,Maharashtra,Satara,Mhaswad,Municipal Council,27,31
West Zone,Maharashtra,Satara,Panchgani,Municipal Council,27,31
West Zone,Maharashtra,Satara,Patan,Census Town,27,31
West Zone,Maharashtra,Satara,Phaltan,Municipal Council,27,31
West Zone,Maharashtra,Satara,Rahimatpur,Municipal Council,27,31
West Zone,Maharashtra,Satara,Satara,Municipal Council,27,31
West Zone,Maharashtra,Satara,Shirwal,Census Town,27,31
West Zone,Maharashtra,Satara,Vanvadi (Sadashivgad),Census Town,27,31
West Zone,Maharashtra,Satara,Wai,Municipal Council,27,31
West Zone,Maharashtra,Sindhudurg,Kankavli,Census Town,27,33
West Zone,Maharashtra,Sindhudurg,Kudal,Census Town,27,33
West Zone,Maharashtra,Sindhudurg,Malwan,Municipal Council,27,33
West Zone,Maharashtra,Sindhudurg,Sawantwadi,Municipal Council,27,33
West Zone,Maharashtra,Sindhudurg,Vengurla,Municipal Council,27,33
West Zone,Maharashtra,Solapur,Akkalkot,Municipal Council,27,30
West Zone,Maharashtra,Solapur,Barshi,Municipal Council,27,30
West Zone,Maharashtra,Solapur,Dudhani,Municipal Council,27,30
West Zone,Maharashtra,Solapur,Karmala,Municipal Council,27,30
West Zone,Maharashtra,Solapur,Kurduvadi,Municipal Council,27,30
West Zone,Maharashtra,Solapur,Maindargi,Municipal Council,27,30
West Zone,Maharashtra,Solapur,Mangalvedhe,Municipal Council,27,30
West Zone,Maharashtra,Solapur,Pandharpur,Municipal Council,27,30
West Zone,Maharashtra,Solapur,Sangole,Municipal Council,27,30
West Zone,Maharashtra,Solapur,Solapur,Municipal Corporation,27,30
West Zone,Maharashtra,Thane,Ambarnath,Municipal Council,27,21
West Zone,Maharashtra,Thane,Badlapur,Municipal Council,27,21
West Zone,Maharashtra,Thane,Bhiwandi,Municipal Council,27,21
West Zone,Maharashtra,Thane,Boisar,Census Town,27,21
West Zone,Maharashtra,Thane,Chinchani,Census Town,27,21
West Zone,Maharashtra,Thane,Dahanu,Municipal Council,27,21
West Zone,Maharashtra,Thane,Gokhivare,Census Town,27,21
West Zone,Maharashtra,Thane,Jawhar,Municipal Council,27,21
West Zone,Maharashtra,Thane,Kalyan-Dombivali,Municipal Corporation,27,21
West Zone,Maharashtra,Thane,Karivali,Census Town,27,21
West Zone,Maharashtra,Thane,Kasara Budruk,Census Town,27,21
West Zone,Maharashtra,Thane,Katai,Census Town,27,21
West Zone,Maharashtra,Thane,Katkar,Census Town,27,21
West Zone,Maharashtra,Thane,Khoni,Census Town,27,21
West Zone,Maharashtra,Thane,Kon,Census Town,27,21
West Zone,Maharashtra,Thane,Kopharad,Census Town,27,21
West Zone,Maharashtra,Thane,Manor,Census Town,27,21
West Zone,Maharashtra,Thane,Mira-Bhayandar,Municipal Council,27,21
West Zone,Maharashtra,Thane,Murbad,Census Town,27,21
West Zone,Maharashtra,Thane,Nala Sopara,Municipal Council,27,21
West Zone,Maharashtra,Thane,Navghar-Manikpur,Municipal Council,27,21
West Zone,Maharashtra,Thane,Navi Mumbai,Municipal Corporation,27,21
West Zone,Maharashtra,Thane,Padagha,Census Town,27,21
West Zone,Maharashtra,Thane,Palghar,Municipal Council,27,21
West Zone,Maharashtra,Thane,Pasthal,Census Town,27,21
West Zone,Maharashtra,Thane,Sandor,Census Town,27,21
West Zone,Maharashtra,Thane,Shahapur,Census Town,27,21
West Zone,Maharashtra,Thane,Shelar,Census Town,27,21
West Zone,Maharashtra,Thane,Tarapur,Census Town,27,21
West Zone,Maharashtra,Thane,Thane,Municipal Corporation,27,21
West Zone,Maharashtra,Thane,Ulhasnagar,Municipal Corporation,27,21
West Zone,Maharashtra,Thane,Umbar Pada Nandade,Census Town,27,21
West Zone,Maharashtra,Thane,Vada,Census Town,27,21
West Zone,Maharashtra,Thane,Vasai,Municipal Council,27,21
West Zone,Maharashtra,Thane,Vashind,Census Town,27,21
West Zone,Maharashtra,Thane,Virar,Municipal Council,27,21
West Zone,Maharashtra,Thane,Waliv,Census Town,27,21
West Zone,Maharashtra,Wardha,Arvi,Municipal Council,27,8
West Zone,Maharashtra,Wardha,Deoli,Municipal Council,27,8
West Zone,Maharashtra,Wardha,Hinganghat,Municipal Council,27,8
West Zone,Maharashtra,Wardha,Pulgaon,Municipal Council,27,8
West Zone,Maharashtra,Wardha,Sindi,Municipal Council,27,8
West Zone,Maharashtra,Wardha,Sindi Turf Hindnagar,Census Town,27,8
West Zone,Maharashtra,Wardha,Wardha,Municipal Council,27,8
West Zone,Maharashtra,Washim,Karanja,Municipal Council,27,6
West Zone,Maharashtra,Washim,Mangrulpir,Municipal Council,27,6
West Zone,Maharashtra,Washim,Risod,Municipal Council,27,6
West Zone,Maharashtra,Washim,Washim,Municipal Council,27,6
West Zone,Maharashtra,Yavatmal,Darwha,Municipal Council,27,14
West Zone,Maharashtra,Yavatmal,Digras,Municipal Council,27,14
West Zone,Maharashtra,Yavatmal,Ghatanji,Municipal Council,27,14
West Zone,Maharashtra,Yavatmal,Pandharkaoda,Municipal Council,27,14
West Zone,Maharashtra,Yavatmal,Pusad,Municipal Council,27,14
West Zone,Maharashtra,Yavatmal,Rajur,Census Town,27,14
West Zone,Maharashtra,Yavatmal,Umarkhed,Municipal Council,27,14
West Zone,Maharashtra,Yavatmal,Umarsara,Census Town,27,14
West Zone,Maharashtra,Yavatmal,Vasantnagar,Census Town,27,14
West Zone,Maharashtra,Yavatmal,Wadgaon Road,Census Town,27,14
West Zone,Maharashtra,Yavatmal,Waghapur,Census Town,27,14
West Zone,Maharashtra,Yavatmal,Wani,Municipal Council,27,14
West Zone,Maharashtra,Yavatmal,Yavatmal,Municipal Council,27,14
